scheduled,actual,delays,flight_is_late,day_of_week,carrier,origin,dest,distance
2023-04-29 16:35:00,2023-04-29 17:01:00,0 days 00:26:00,True,Sat,WN,ATL,HOU,696
2023-07-02 15:10:00,2023-07-02 15:05:00,-1 days +23:55:00,False,Sun,DL,ATL,GPT,352
2023-12-25 10:55:00,2023-12-25 10:53:00,-1 days +23:58:00,False,Mon,WN,ATL,RDU,356
2023-09-01 12:50:00,2023-09-01 12:48:00,-1 days +23:58:00,False,Fri,DL,ATL,TYS,152
2023-12-14 07:05:00,2023-12-14 07:02:00,-1 days +23:57:00,False,Thu,DL,ATL,BOS,946
2023-08-27 23:25:00,2023-08-27 23:26:00,0 days 00:01:00,False,Sun,DL,ATL,OMA,821
2023-10-14 07:00:00,2023-10-14 06:57:00,-1 days +23:57:00,False,Sat,UA,ATL,IAH,689
2023-02-16 16:55:00,2023-02-16 16:50:00,-1 days +23:55:00,False,Thu,AA,ATL,MIA,594
2023-03-23 19:20:00,2023-03-23 20:35:00,0 days 01:15:00,True,Thu,NK,ATL,MCO,404
2023-07-14 22:10:00,2023-07-14 23:21:00,0 days 01:11:00,True,Fri,WN,ATL,RSW,515
2023-08-23 06:05:00,2023-08-23 06:04:00,-1 days +23:59:00,False,Wed,WN,ATL,LGA,762
2023-07-23 22:31:00,2023-07-23 22:28:00,-1 days +23:57:00,False,Sun,DL,ATL,IAD,534
2023-06-05 14:11:00,2023-06-05 14:10:00,-1 days +23:59:00,False,Mon,DL,ATL,DEN,1199
2023-04-20 21:08:00,2023-04-20 22:11:00,0 days 01:03:00,True,Thu,DL,ATL,LAS,1747
2023-02-13 12:58:00,2023-02-13 12:53:00,-1 days +23:55:00,False,Mon,9E,ATL,MLU,448
2023-03-17 19:49:00,2023-03-17 19:48:00,-1 days +23:59:00,False,Fri,DL,ATL,MKE,669
2023-04-03 10:55:00,2023-04-03 10:56:00,0 days 00:01:00,False,Mon,WN,ATL,IAD,534
2023-04-12 20:30:00,2023-04-12 20:29:00,-1 days +23:59:00,False,Wed,DL,ATL,LGA,762
2023-07-15 23:00:00,2023-07-15 23:03:00,0 days 00:03:00,False,Sat,DL,ATL,GRR,640
2023-03-20 22:30:00,2023-03-20 22:26:00,-1 days +23:56:00,False,Mon,DL,ATL,CMH,447
2023-11-05 11:24:00,2023-11-05 11:17:00,-1 days +23:53:00,False,Sun,NK,ATL,MSP,907
2023-11-30 11:30:00,2023-11-30 11:29:00,-1 days +23:59:00,False,Thu,DL,ATL,EWR,746
2023-04-14 19:54:00,2023-04-14 19:51:00,-1 days +23:57:00,False,Fri,DL,ATL,SRQ,444
2023-03-30 23:14:00,2023-03-30 23:13:00,-1 days +23:59:00,False,Thu,DL,ATL,STL,484
2023-02-20 16:15:00,2023-02-20 16:12:00,-1 days +23:57:00,False,Mon,DL,ATL,MYR,317
2023-01-19 11:03:00,2023-01-19 11:14:00,0 days 00:11:00,False,Thu,DL,ATL,SLC,1590
2023-06-29 17:41:00,2023-06-29 18:29:00,0 days 00:48:00,True,Thu,DL,ATL,DFW,731
2023-12-21 11:07:00,2023-12-21 11:05:00,-1 days +23:58:00,False,Thu,DL,ATL,AVL,164
2023-11-22 17:55:00,2023-11-22 17:50:00,-1 days +23:55:00,False,Wed,9E,ATL,AGS,143
2023-06-17 20:20:00,2023-06-17 20:22:00,0 days 00:02:00,False,Sat,DL,ATL,LAS,1747
2023-03-28 18:44:00,2023-03-28 19:42:00,0 days 00:58:00,True,Tue,DL,ATL,IAH,689
2023-09-28 21:20:00,2023-09-28 21:18:00,-1 days +23:58:00,False,Thu,DL,ATL,BOS,946
2023-06-25 19:54:00,2023-06-25 19:51:00,-1 days +23:57:00,False,Sun,DL,ATL,RDU,356
2023-01-06 11:00:00,2023-01-06 11:01:00,0 days 00:01:00,False,Fri,WN,ATL,JAX,270
2023-10-20 10:20:00,2023-10-20 10:26:00,0 days 00:06:00,False,Fri,DL,ATL,LEX,304
2023-02-01 09:15:00,2023-02-01 09:12:00,-1 days +23:57:00,False,Wed,DL,ATL,LGA,762
2023-05-07 06:50:00,2023-05-07 07:01:00,0 days 00:11:00,False,Sun,NK,ATL,LAX,1947
2023-06-22 15:15:00,2023-06-22 16:37:00,0 days 01:22:00,True,Thu,9E,ATL,CHA,106
2023-01-30 21:45:00,2023-01-30 22:43:00,0 days 00:58:00,True,Mon,DL,ATL,LGA,762
2023-08-17 15:00:00,2023-08-17 14:59:00,-1 days +23:59:00,False,Thu,WN,ATL,LGA,762
2023-08-01 18:44:00,2023-08-01 20:54:00,0 days 02:10:00,True,Tue,UA,ATL,ORD,606
2023-12-28 08:30:00,2023-12-28 08:29:00,-1 days +23:59:00,False,Thu,WN,ATL,HOU,696
2023-07-11 10:00:00,2023-07-11 10:16:00,0 days 00:16:00,True,Tue,WN,ATL,DAL,721
2023-10-16 22:59:00,2023-10-16 22:57:00,-1 days +23:58:00,False,Mon,DL,ATL,LAS,1747
2023-06-04 20:35:00,2023-06-04 21:14:00,0 days 00:39:00,True,Sun,YX,ATL,DCA,547
2023-01-07 11:15:00,2023-01-07 11:13:00,-1 days +23:58:00,False,Sat,DL,ATL,CAE,192
2023-11-08 15:21:00,2023-11-08 15:22:00,0 days 00:01:00,False,Wed,OO,ATL,CSG,83
2023-09-11 20:55:00,2023-09-11 20:53:00,-1 days +23:58:00,False,Mon,DL,ATL,ABQ,1269
2023-07-23 21:45:00,2023-07-23 22:40:00,0 days 00:55:00,True,Sun,NK,ATL,LAS,1747
2023-01-30 13:35:00,2023-01-30 13:33:00,-1 days +23:58:00,False,Mon,DL,ATL,JAX,270
2023-10-31 09:27:00,2023-10-31 09:25:00,-1 days +23:58:00,False,Tue,DL,ATL,GPT,352
2023-12-25 21:00:00,2023-12-25 20:58:00,-1 days +23:58:00,False,Mon,DL,ATL,BTV,961
2023-10-15 11:07:00,2023-10-15 11:01:00,-1 days +23:54:00,False,Sun,AA,ATL,DCA,547
2023-07-30 22:30:00,2023-07-30 23:08:00,0 days 00:38:00,True,Sun,DL,ATL,SFO,2139
2023-03-12 17:41:00,2023-03-12 17:46:00,0 days 00:05:00,False,Sun,DL,ATL,SDF,321
2023-11-17 13:51:00,2023-11-17 13:49:00,-1 days +23:58:00,False,Fri,DL,ATL,STL,484
2023-03-16 11:40:00,2023-03-16 11:32:00,-1 days +23:52:00,False,Thu,F9,ATL,CVG,373
2023-02-05 11:57:00,2023-02-05 11:54:00,-1 days +23:57:00,False,Sun,DL,ATL,GNV,300
2023-11-10 17:37:00,2023-11-10 21:35:00,0 days 03:58:00,True,Fri,UA,ATL,IAH,689
2023-09-14 17:45:00,2023-09-14 17:51:00,0 days 00:06:00,False,Thu,DL,ATL,GSO,306
2023-11-10 22:25:00,2023-11-10 22:32:00,0 days 00:07:00,False,Fri,DL,ATL,FLL,581
2023-10-21 15:56:00,2023-10-21 15:52:00,-1 days +23:56:00,False,Sat,DL,ATL,HSV,151
2023-03-30 13:00:00,2023-03-30 12:56:00,-1 days +23:56:00,False,Thu,DL,ATL,JAX,270
2023-08-20 20:00:00,2023-08-20 19:57:00,-1 days +23:57:00,False,Sun,OO,ATL,HPN,780
2023-08-17 21:30:00,2023-08-17 21:27:00,-1 days +23:57:00,False,Thu,DL,ATL,MEM,332
2023-11-21 23:11:00,2023-11-21 23:10:00,-1 days +23:59:00,False,Tue,DL,ATL,MOB,302
2023-04-24 18:45:00,2023-04-24 18:39:00,-1 days +23:54:00,False,Mon,DL,ATL,HSV,151
2023-10-16 13:09:00,2023-10-16 13:04:00,-1 days +23:55:00,False,Mon,9E,ATL,HPN,780
2023-11-23 15:30:00,2023-11-23 15:28:00,-1 days +23:58:00,False,Thu,DL,ATL,CLE,554
2023-11-07 12:29:00,2023-11-07 12:24:00,-1 days +23:55:00,False,Tue,DL,ATL,TLH,223
2023-01-20 10:40:00,2023-01-20 10:40:00,0 days 00:00:00,False,Fri,DL,ATL,BDL,859
2023-02-05 22:47:00,2023-02-05 22:42:00,-1 days +23:55:00,False,Sun,DL,ATL,GRR,640
2023-01-14 12:59:00,2023-01-14 13:05:00,0 days 00:06:00,False,Sat,DL,ATL,MSP,907
2023-09-30 08:12:00,2023-09-30 08:11:00,-1 days +23:59:00,False,Sat,DL,ATL,BWI,577
2023-03-29 14:48:00,2023-03-29 14:45:00,-1 days +23:57:00,False,Wed,DL,ATL,PVD,903
2023-05-28 20:04:00,2023-05-28 19:55:00,-1 days +23:51:00,False,Sun,DL,ATL,HPN,780
2023-07-17 14:31:00,2023-07-17 14:27:00,-1 days +23:56:00,False,Mon,DL,ATL,LIT,453
2023-02-26 21:10:00,2023-02-26 21:08:00,-1 days +23:58:00,False,Sun,DL,ATL,CVG,373
2023-12-28 09:00:00,2023-12-28 08:56:00,-1 days +23:56:00,False,Thu,NK,ATL,MSY,425
2023-12-15 10:10:00,2023-12-15 10:09:00,-1 days +23:59:00,False,Fri,DL,ATL,SAT,874
2023-08-20 10:10:00,2023-08-20 10:11:00,0 days 00:01:00,False,Sun,DL,ATL,CMH,447
2023-12-22 15:58:00,2023-12-22 17:40:00,0 days 01:42:00,True,Fri,9E,ATL,GPT,352
2023-09-06 21:20:00,2023-09-06 21:17:00,-1 days +23:57:00,False,Wed,WN,ATL,FLL,581
2023-05-02 13:17:00,2023-05-02 13:15:00,-1 days +23:58:00,False,Tue,DL,ATL,IAH,689
2023-07-22 19:54:00,2023-07-22 19:50:00,-1 days +23:56:00,False,Sat,9E,ATL,AEX,500
2023-09-12 19:40:00,2023-09-12 19:33:00,-1 days +23:53:00,False,Tue,WN,ATL,HOU,696
2023-08-08 22:40:00,2023-08-08 22:46:00,0 days 00:06:00,False,Tue,DL,ATL,DAL,721
2023-10-18 08:15:00,2023-10-18 08:12:00,-1 days +23:57:00,False,Wed,DL,ATL,SAT,874
2023-12-18 13:49:00,2023-12-18 13:45:00,-1 days +23:56:00,False,Mon,DL,ATL,PBI,545
2023-03-09 21:20:00,2023-03-09 21:13:00,-1 days +23:53:00,False,Thu,DL,ATL,AUS,813
2023-07-10 22:38:00,2023-07-10 23:42:00,0 days 01:04:00,True,Mon,DL,ATL,DFW,731
2023-03-03 13:05:00,2023-03-03 13:31:00,0 days 00:26:00,True,Fri,DL,ATL,OMA,821
2023-04-16 13:17:00,2023-04-16 13:21:00,0 days 00:04:00,False,Sun,F9,ATL,TPA,406
2023-03-07 21:02:00,2023-03-07 21:02:00,0 days 00:00:00,False,Tue,DL,ATL,LAS,1747
2023-03-05 09:10:00,2023-03-05 09:09:00,-1 days +23:59:00,False,Sun,DL,ATL,GEG,1969
2023-08-03 10:09:00,2023-08-03 10:08:00,-1 days +23:59:00,False,Thu,DL,ATL,GSP,153
2023-02-09 08:45:00,2023-02-09 08:44:00,-1 days +23:59:00,False,Thu,DL,ATL,SAN,1892
2023-02-27 21:25:00,2023-02-27 21:27:00,0 days 00:02:00,False,Mon,WN,ATL,RSW,515
2023-07-15 21:34:00,2023-07-15 21:58:00,0 days 00:24:00,True,Sat,DL,ATL,GSO,306
2023-05-11 15:33:00,2023-05-11 15:55:00,0 days 00:22:00,True,Thu,DL,ATL,SLC,1590
2023-10-10 19:35:00,2023-10-10 19:33:00,-1 days +23:58:00,False,Tue,WN,ATL,IND,432
2023-11-20 07:05:00,2023-11-20 07:04:00,-1 days +23:59:00,False,Mon,WN,ATL,MDW,591
2023-02-08 13:54:00,2023-02-08 13:49:00,-1 days +23:55:00,False,Wed,DL,ATL,IAH,689
2023-01-25 08:55:00,2023-01-25 08:54:00,-1 days +23:59:00,False,Wed,DL,ATL,LIT,453
2023-12-20 18:20:00,2023-12-20 20:05:00,0 days 01:45:00,True,Wed,WN,ATL,TPA,406
2023-04-15 22:25:00,2023-04-15 22:30:00,0 days 00:05:00,False,Sat,DL,ATL,MSY,425
2023-12-06 19:35:00,2023-12-06 20:08:00,0 days 00:33:00,True,Wed,WN,ATL,SAT,874
2023-11-15 15:10:00,2023-11-15 15:05:00,-1 days +23:55:00,False,Wed,DL,ATL,MDW,591
2023-04-02 10:30:00,2023-04-02 10:27:00,-1 days +23:57:00,False,Sun,DL,ATL,SFO,2139
2023-04-21 18:15:00,2023-04-21 18:41:00,0 days 00:26:00,True,Fri,WN,ATL,TPA,406
2023-05-21 14:30:00,2023-05-21 14:24:00,-1 days +23:54:00,False,Sun,DL,ATL,JAN,341
2023-12-27 11:05:00,2023-12-27 11:16:00,0 days 00:11:00,False,Wed,DL,ATL,STL,484
2023-10-09 19:55:00,2023-10-09 19:52:00,-1 days +23:57:00,False,Mon,WN,ATL,CMH,447
2023-05-16 10:06:00,2023-05-16 10:03:00,-1 days +23:57:00,False,Tue,DL,ATL,PNS,271
2023-02-06 18:33:00,2023-02-06 18:34:00,0 days 00:01:00,False,Mon,DL,ATL,LAX,1947
2023-07-08 17:15:00,2023-07-08 17:11:00,-1 days +23:56:00,False,Sat,DL,ATL,MLB,442
2023-09-10 11:58:00,2023-09-10 12:13:00,0 days 00:15:00,False,Sun,DL,ATL,GNV,300
2023-11-29 08:04:00,2023-11-29 07:55:00,-1 days +23:51:00,False,Wed,AA,ATL,ORD,606
2023-09-30 11:06:00,2023-09-30 11:06:00,0 days 00:00:00,False,Sat,MQ,ATL,MIA,594
2023-10-10 16:10:00,2023-10-10 16:04:00,-1 days +23:54:00,False,Tue,DL,ATL,DCA,547
2023-09-30 12:35:00,2023-09-30 12:38:00,0 days 00:03:00,False,Sat,DL,ATL,TLH,223
2023-06-11 07:05:00,2023-06-11 07:03:00,-1 days +23:58:00,False,Sun,DL,ATL,CMH,447
2023-10-09 20:40:00,2023-10-09 20:45:00,0 days 00:05:00,False,Mon,DL,ATL,MEM,332
2023-06-07 18:30:00,2023-06-07 19:47:00,0 days 01:17:00,True,Wed,DL,ATL,MCO,404
2023-07-05 07:44:00,2023-07-05 07:42:00,-1 days +23:58:00,False,Wed,DL,ATL,FLL,581
2023-05-23 20:54:00,2023-05-23 22:33:00,0 days 01:39:00,True,Tue,F9,ATL,SJU,1547
2023-01-11 08:52:00,2023-01-11 09:10:00,0 days 00:18:00,True,Wed,DL,ATL,MSY,425
2023-04-29 13:30:00,2023-04-29 13:28:00,-1 days +23:58:00,False,Sat,DL,ATL,PNS,271
2023-06-22 09:00:00,2023-06-22 08:56:00,-1 days +23:56:00,False,Thu,AA,ATL,MIA,594
2023-12-07 22:49:00,2023-12-07 22:45:00,-1 days +23:56:00,False,Thu,DL,ATL,MKE,669
2023-01-07 10:00:00,2023-01-07 10:11:00,0 days 00:11:00,False,Sat,DL,ATL,HNL,4502
2023-03-01 10:07:00,2023-03-01 10:04:00,-1 days +23:57:00,False,Wed,DL,ATL,AUS,813
2023-01-28 23:00:00,2023-01-28 22:52:00,-1 days +23:52:00,False,Sat,DL,ATL,ROA,357
2023-10-21 21:40:00,2023-10-21 21:36:00,-1 days +23:56:00,False,Sat,DL,ATL,SGF,563
2023-07-27 22:49:00,2023-07-27 22:49:00,0 days 00:00:00,False,Thu,DL,ATL,AVL,164
2023-11-06 13:10:00,2023-11-06 13:08:00,-1 days +23:58:00,False,Mon,DL,ATL,SEA,2182
2023-04-07 09:54:00,2023-04-07 09:50:00,-1 days +23:56:00,False,Fri,DL,ATL,SEA,2182
2023-01-11 20:55:00,2023-01-11 20:52:00,-1 days +23:57:00,False,Wed,9E,ATL,ILM,377
2023-01-27 14:11:00,2023-01-27 14:09:00,-1 days +23:58:00,False,Fri,DL,ATL,SAT,874
2023-03-11 10:15:00,2023-03-11 10:12:00,-1 days +23:57:00,False,Sat,DL,ATL,SNA,1919
2023-07-27 11:00:00,2023-07-27 10:55:00,-1 days +23:55:00,False,Thu,DL,ATL,TUL,674
2023-01-05 07:15:00,2023-01-05 07:13:00,-1 days +23:58:00,False,Thu,DL,ATL,LGA,762
2023-02-03 20:46:00,2023-02-03 22:26:00,0 days 01:40:00,True,Fri,UA,ATL,EWR,746
2023-04-19 08:11:00,2023-04-19 08:07:00,-1 days +23:56:00,False,Wed,DL,ATL,SDF,321
2023-07-27 07:05:00,2023-07-27 07:04:00,-1 days +23:59:00,False,Thu,DL,ATL,TPA,406
2023-06-10 10:40:00,2023-06-10 10:40:00,0 days 00:00:00,False,Sat,WN,ATL,TPA,406
2023-10-17 22:40:00,2023-10-17 22:38:00,-1 days +23:58:00,False,Tue,DL,ATL,DFW,731
2023-07-17 09:10:00,2023-07-17 09:05:00,-1 days +23:55:00,False,Mon,9E,ATL,BQK,238
2023-09-06 11:15:00,2023-09-06 11:14:00,-1 days +23:59:00,False,Wed,DL,ATL,MEM,332
2023-04-20 17:57:00,2023-04-20 18:00:00,0 days 00:03:00,False,Thu,DL,ATL,SMF,2092
2023-09-09 08:15:00,2023-09-09 08:21:00,0 days 00:06:00,False,Sat,DL,ATL,RSW,515
2023-02-07 13:32:00,2023-02-07 13:31:00,-1 days +23:59:00,False,Tue,DL,ATL,LAS,1747
2023-10-24 09:40:00,2023-10-24 09:36:00,-1 days +23:56:00,False,Tue,DL,ATL,STT,1599
2023-03-20 16:13:00,2023-03-20 16:23:00,0 days 00:10:00,False,Mon,9E,ATL,ROA,357
2023-11-22 14:24:00,2023-11-22 14:45:00,0 days 00:21:00,True,Wed,F9,ATL,FLL,581
2023-05-20 12:24:00,2023-05-20 12:51:00,0 days 00:27:00,True,Sat,AA,ATL,DFW,731
2023-02-17 19:20:00,2023-02-17 19:13:00,-1 days +23:53:00,False,Fri,NK,ATL,MSY,425
2023-10-08 12:23:00,2023-10-08 12:18:00,-1 days +23:55:00,False,Sun,AA,ATL,DFW,731
2023-05-23 14:07:00,2023-05-23 14:23:00,0 days 00:16:00,True,Tue,DL,ATL,SAT,874
2023-06-09 10:03:00,2023-06-09 10:03:00,0 days 00:00:00,False,Fri,NK,ATL,DFW,731
2023-11-25 09:15:00,2023-11-25 09:18:00,0 days 00:03:00,False,Sat,WN,ATL,CMH,447
2023-05-11 06:15:00,2023-05-11 06:15:00,0 days 00:00:00,False,Thu,NK,ATL,MCO,404
2023-06-09 22:59:00,2023-06-09 22:59:00,0 days 00:00:00,False,Fri,DL,ATL,PBI,545
2023-06-28 08:56:00,2023-06-28 08:53:00,-1 days +23:57:00,False,Wed,DL,ATL,MYR,317
2023-10-22 20:45:00,2023-10-22 20:41:00,-1 days +23:56:00,False,Sun,DL,ATL,PHX,1587
2023-10-06 07:05:00,2023-10-06 07:06:00,0 days 00:01:00,False,Fri,DL,ATL,IAH,689
2023-03-17 15:18:00,2023-03-17 15:16:00,-1 days +23:58:00,False,Fri,9E,ATL,SGF,563
2023-10-12 15:45:00,2023-10-12 16:35:00,0 days 00:50:00,True,Thu,WN,ATL,IND,432
2023-12-15 10:05:00,2023-12-15 10:10:00,0 days 00:05:00,False,Fri,DL,ATL,CHS,259
2023-02-03 11:05:00,2023-02-03 11:00:00,-1 days +23:55:00,False,Fri,DL,ATL,ROC,749
2023-02-07 12:55:00,2023-02-07 12:51:00,-1 days +23:56:00,False,Tue,WN,ATL,AUS,813
2023-01-03 17:25:00,2023-01-03 18:19:00,0 days 00:54:00,True,Tue,NK,ATL,ORD,606
2023-11-17 17:09:00,2023-11-17 17:08:00,-1 days +23:59:00,False,Fri,DL,ATL,MSY,425
2023-03-15 18:10:00,2023-03-15 18:06:00,-1 days +23:56:00,False,Wed,DL,ATL,ORD,606
2023-06-30 08:10:00,2023-06-30 08:07:00,-1 days +23:57:00,False,Fri,DL,ATL,TLH,223
2023-01-09 08:55:00,2023-01-09 08:54:00,-1 days +23:59:00,False,Mon,WN,ATL,MSY,425
2023-11-11 17:40:00,2023-11-11 17:36:00,-1 days +23:56:00,False,Sat,9E,ATL,EYW,646
2023-06-21 22:58:00,2023-06-21 23:01:00,0 days 00:03:00,False,Wed,DL,ATL,LAS,1747
2023-07-11 19:55:00,2023-07-11 20:15:00,0 days 00:20:00,True,Tue,WN,ATL,SDF,321
2023-10-03 10:04:00,2023-10-03 09:59:00,-1 days +23:55:00,False,Tue,DL,ATL,DEN,1199
2023-04-02 11:30:00,2023-04-02 11:29:00,-1 days +23:59:00,False,Sun,WN,ATL,CMH,447
2023-05-01 21:25:00,2023-05-01 21:22:00,-1 days +23:57:00,False,Mon,DL,ATL,RDU,356
2023-02-28 09:44:00,2023-02-28 09:43:00,-1 days +23:59:00,False,Tue,OO,ATL,ASE,1304
2023-12-04 22:39:00,2023-12-04 22:30:00,-1 days +23:51:00,False,Mon,DL,ATL,BWI,577
2023-02-16 15:12:00,2023-02-16 15:12:00,0 days 00:00:00,False,Thu,DL,ATL,SLC,1590
2023-05-28 17:40:00,2023-05-28 17:39:00,-1 days +23:59:00,False,Sun,DL,ATL,ECP,240
2023-11-23 22:50:00,2023-11-23 22:56:00,0 days 00:06:00,False,Thu,F9,ATL,BWI,577
2023-11-09 21:45:00,2023-11-09 22:17:00,0 days 00:32:00,True,Thu,WN,ATL,RIC,481
2023-12-30 19:55:00,2023-12-30 20:15:00,0 days 00:20:00,True,Sat,DL,ATL,SMF,2092
2023-08-29 13:40:00,2023-08-29 13:39:00,-1 days +23:59:00,False,Tue,DL,ATL,FLL,581
2023-12-28 14:06:00,2023-12-28 14:03:00,-1 days +23:57:00,False,Thu,DL,ATL,SJU,1547
2023-09-23 09:30:00,2023-09-23 09:26:00,-1 days +23:56:00,False,Sat,WN,ATL,MDW,591
2023-06-21 22:13:00,2023-06-22 00:21:00,0 days 02:08:00,True,Thu,F9,ATL,DEN,1199
2023-07-12 22:45:00,2023-07-12 22:56:00,0 days 00:11:00,False,Wed,DL,ATL,HSV,151
2023-02-10 07:55:00,2023-02-10 07:55:00,0 days 00:00:00,False,Fri,DL,ATL,MEM,332
2023-12-10 18:05:00,2023-12-10 17:59:00,-1 days +23:54:00,False,Sun,UA,ATL,DEN,1199
2023-03-15 08:58:00,2023-03-15 08:57:00,-1 days +23:59:00,False,Wed,DL,ATL,SJC,2116
2023-06-18 19:40:00,2023-06-18 19:47:00,0 days 00:07:00,False,Sun,WN,ATL,MDW,591
2023-04-09 20:11:00,2023-04-09 20:24:00,0 days 00:13:00,False,Sun,DL,ATL,ORD,606
2023-06-28 18:05:00,2023-06-28 19:46:00,0 days 01:41:00,True,Wed,9E,ATL,AGS,143
2023-03-17 09:00:00,2023-03-17 08:57:00,-1 days +23:57:00,False,Fri,DL,ATL,DCA,547
2023-03-28 11:18:00,2023-03-28 11:15:00,-1 days +23:57:00,False,Tue,DL,ATL,PHX,1587
2023-03-27 12:35:00,2023-03-27 12:35:00,0 days 00:00:00,False,Mon,DL,ATL,CAE,192
2023-08-20 21:22:00,2023-08-20 21:17:00,-1 days +23:55:00,False,Sun,F9,ATL,BWI,577
2023-05-17 11:20:00,2023-05-17 11:25:00,0 days 00:05:00,False,Wed,DL,ATL,SNA,1919
2023-06-03 08:20:00,2023-06-03 08:20:00,0 days 00:00:00,False,Sat,DL,ATL,DEN,1199
2023-10-23 20:50:00,2023-10-23 20:45:00,-1 days +23:55:00,False,Mon,B6,ATL,LGA,762
2023-10-26 13:53:00,2023-10-26 13:51:00,-1 days +23:58:00,False,Thu,DL,ATL,BWI,577
2023-09-11 15:15:00,2023-09-11 15:20:00,0 days 00:05:00,False,Mon,DL,ATL,BWI,577
2023-07-09 10:45:00,2023-07-09 10:44:00,-1 days +23:59:00,False,Sun,WN,ATL,TPA,406
2023-03-27 13:45:00,2023-03-27 16:22:00,0 days 02:37:00,True,Mon,OO,ATL,SHV,551
2023-09-18 20:54:00,2023-09-18 20:50:00,-1 days +23:56:00,False,Mon,DL,ATL,BHM,134
2023-03-17 09:40:00,2023-03-17 09:41:00,0 days 00:01:00,False,Fri,AA,ATL,DFW,731
2023-05-26 19:56:00,2023-05-26 20:00:00,0 days 00:04:00,False,Fri,DL,ATL,BOS,946
2023-02-28 19:30:00,2023-02-28 19:31:00,0 days 00:01:00,False,Tue,WN,ATL,MSY,425
2023-11-29 08:10:00,2023-11-29 08:07:00,-1 days +23:57:00,False,Wed,DL,ATL,MCO,404
2023-11-28 15:20:00,2023-11-28 15:18:00,-1 days +23:58:00,False,Tue,DL,ATL,TUL,674
2023-08-28 15:14:00,2023-08-28 15:13:00,-1 days +23:59:00,False,Mon,DL,ATL,CMH,447
2023-04-09 08:37:00,2023-04-09 08:57:00,0 days 00:20:00,True,Sun,DL,ATL,TPA,406
2023-09-16 15:37:00,2023-09-16 15:37:00,0 days 00:00:00,False,Sat,DL,ATL,AUS,813
2023-03-07 05:05:00,2023-03-07 05:09:00,0 days 00:04:00,False,Tue,F9,ATL,DFW,731
2023-02-09 22:43:00,2023-02-09 22:44:00,0 days 00:01:00,False,Thu,DL,ATL,LEX,304
2023-06-11 22:50:00,2023-06-11 22:59:00,0 days 00:09:00,False,Sun,DL,ATL,SAN,1892
2023-11-16 21:00:00,2023-11-16 20:53:00,-1 days +23:53:00,False,Thu,9E,ATL,TYS,152
2023-02-06 15:20:00,2023-02-06 15:15:00,-1 days +23:55:00,False,Mon,DL,ATL,LGA,762
2023-01-08 14:30:00,2023-01-08 14:25:00,-1 days +23:55:00,False,Sun,UA,ATL,IAD,534
2023-05-14 08:15:00,2023-05-14 08:15:00,0 days 00:00:00,False,Sun,DL,ATL,SEA,2182
2023-09-30 13:02:00,2023-09-30 13:03:00,0 days 00:01:00,False,Sat,9E,ATL,VLD,208
2023-03-31 21:45:00,2023-04-01 09:25:00,0 days 11:40:00,True,Sat,DL,ATL,BHM,134
2023-12-25 13:00:00,2023-12-25 12:55:00,-1 days +23:55:00,False,Mon,9E,ATL,CHO,457
2023-03-10 17:00:00,2023-03-10 17:43:00,0 days 00:43:00,True,Fri,AA,ATL,LAX,1947
2023-07-05 08:20:00,2023-07-05 08:20:00,0 days 00:00:00,False,Wed,DL,ATL,SEA,2182
2023-04-16 10:21:00,2023-04-16 10:19:00,-1 days +23:58:00,False,Sun,DL,ATL,MEM,332
2023-04-25 09:10:00,2023-04-25 09:24:00,0 days 00:14:00,False,Tue,DL,ATL,SYR,794
2023-10-01 20:55:00,2023-10-01 21:44:00,0 days 00:49:00,True,Sun,DL,ATL,MDW,591
2023-07-13 11:19:00,2023-07-13 11:13:00,-1 days +23:54:00,False,Thu,DL,ATL,SNA,1919
2023-01-05 19:58:00,2023-01-05 19:58:00,0 days 00:00:00,False,Thu,DL,ATL,LAX,1947
2023-03-22 22:30:00,2023-03-22 22:26:00,-1 days +23:56:00,False,Wed,DL,ATL,HSV,151
2023-04-05 06:00:00,2023-04-05 05:55:00,-1 days +23:55:00,False,Wed,B6,ATL,BOS,946
2023-01-30 08:55:00,2023-01-30 09:24:00,0 days 00:29:00,True,Mon,WN,ATL,MSY,425
2023-07-19 21:25:00,2023-07-19 21:23:00,-1 days +23:58:00,False,Wed,DL,ATL,JFK,760
2023-04-12 09:48:00,2023-04-12 09:44:00,-1 days +23:56:00,False,Wed,UA,ATL,EWR,746
2023-03-28 07:39:00,2023-03-28 07:37:00,-1 days +23:58:00,False,Tue,DL,ATL,BWI,577
2023-10-05 21:11:00,2023-10-05 21:09:00,-1 days +23:58:00,False,Thu,DL,ATL,CHA,106
2023-11-16 21:22:00,2023-11-16 21:24:00,0 days 00:02:00,False,Thu,DL,ATL,CHO,457
2023-05-08 20:10:00,2023-05-08 20:05:00,-1 days +23:55:00,False,Mon,DL,ATL,SNA,1919
2023-02-09 21:25:00,2023-02-09 21:46:00,0 days 00:21:00,True,Thu,WN,ATL,MIA,594
2023-11-14 07:05:00,2023-11-14 07:02:00,-1 days +23:57:00,False,Tue,DL,ATL,IAD,534
2023-07-31 11:00:00,2023-07-31 11:02:00,0 days 00:02:00,False,Mon,DL,ATL,LAX,1947
2023-06-13 23:00:00,2023-06-13 22:53:00,-1 days +23:53:00,False,Tue,DL,ATL,SAV,214
2023-04-04 07:08:00,2023-04-04 07:05:00,-1 days +23:57:00,False,Tue,DL,ATL,PHL,666
2023-03-15 17:55:00,2023-03-15 17:51:00,-1 days +23:56:00,False,Wed,DL,ATL,OKC,761
2023-08-17 17:10:00,2023-08-17 17:14:00,0 days 00:04:00,False,Thu,WN,ATL,HOU,696
2023-11-11 12:35:00,2023-11-11 12:29:00,-1 days +23:54:00,False,Sat,DL,ATL,MCO,404
2023-08-09 12:43:00,2023-08-09 12:41:00,-1 days +23:58:00,False,Wed,DL,ATL,MCO,404
2023-03-07 17:19:00,2023-03-07 17:14:00,-1 days +23:55:00,False,Tue,DL,ATL,DFW,731
2023-07-20 14:06:00,2023-07-20 14:12:00,0 days 00:06:00,False,Thu,DL,ATL,SLC,1590
2023-05-14 11:40:00,2023-05-14 11:46:00,0 days 00:06:00,False,Sun,WN,ATL,IAD,534
2023-12-13 14:26:00,2023-12-13 14:24:00,-1 days +23:58:00,False,Wed,DL,ATL,RDU,356
2023-11-16 22:59:00,2023-11-16 22:54:00,-1 days +23:55:00,False,Thu,DL,ATL,PHX,1587
2023-09-17 22:54:00,2023-09-17 23:08:00,0 days 00:14:00,False,Sun,DL,ATL,TLH,223
2023-01-31 11:05:00,2023-01-31 11:12:00,0 days 00:07:00,False,Tue,DL,ATL,EGE,1312
2023-12-30 14:29:00,2023-12-30 14:19:00,-1 days +23:50:00,False,Sat,DL,ATL,SDF,321
2023-03-16 21:55:00,2023-03-16 22:20:00,0 days 00:25:00,True,Thu,WN,ATL,RIC,481
2023-08-06 09:30:00,2023-08-06 09:27:00,-1 days +23:57:00,False,Sun,DL,ATL,MCO,404
2023-09-07 15:10:00,2023-09-07 15:00:00,-1 days +23:50:00,False,Thu,NK,ATL,DTW,594
2023-10-06 19:55:00,2023-10-06 20:15:00,0 days 00:20:00,True,Fri,DL,ATL,BOS,946
2023-10-18 18:19:00,2023-10-18 18:13:00,-1 days +23:54:00,False,Wed,DL,ATL,DTW,594
2023-05-24 17:16:00,2023-05-24 17:11:00,-1 days +23:55:00,False,Wed,DL,ATL,CMH,447
2023-01-13 14:09:00,2023-01-13 14:15:00,0 days 00:06:00,False,Fri,AA,ATL,DFW,731
2023-05-29 17:20:00,2023-05-29 17:24:00,0 days 00:04:00,False,Mon,AA,ATL,ORD,606
2023-11-10 15:54:00,2023-11-10 15:49:00,-1 days +23:55:00,False,Fri,9E,ATL,LFT,503
2023-10-22 08:24:00,2023-10-22 08:22:00,-1 days +23:58:00,False,Sun,DL,ATL,CVG,373
2023-06-07 22:25:00,2023-06-07 22:25:00,0 days 00:00:00,False,Wed,DL,ATL,MIA,594
2023-02-17 10:15:00,2023-02-17 10:20:00,0 days 00:05:00,False,Fri,DL,ATL,BOS,946
2023-10-21 09:50:00,2023-10-21 09:45:00,-1 days +23:55:00,False,Sat,DL,ATL,GEG,1969
2023-12-25 18:20:00,2023-12-25 18:12:00,-1 days +23:52:00,False,Mon,DL,ATL,SDF,321
2023-02-01 13:40:00,2023-02-01 13:30:00,-1 days +23:50:00,False,Wed,UA,ATL,ORD,606
2023-12-10 08:30:00,2023-12-10 10:05:00,0 days 01:35:00,True,Sun,DL,ATL,PHX,1587
2023-12-31 11:35:00,2023-12-31 11:29:00,-1 days +23:54:00,False,Sun,DL,ATL,STT,1599
2023-07-28 15:08:00,2023-07-28 15:29:00,0 days 00:21:00,True,Fri,UA,ATL,IAH,689
2023-07-13 19:55:00,2023-07-13 20:13:00,0 days 00:18:00,True,Thu,WN,ATL,PIT,526
2023-11-25 21:15:00,2023-11-25 21:30:00,0 days 00:15:00,False,Sat,DL,ATL,FLL,581
2023-03-02 17:40:00,2023-03-02 17:37:00,-1 days +23:57:00,False,Thu,DL,ATL,ORD,606
2023-05-17 13:31:00,2023-05-17 13:28:00,-1 days +23:57:00,False,Wed,DL,ATL,GSO,306
2023-10-22 21:20:00,2023-10-22 21:25:00,0 days 00:05:00,False,Sun,DL,ATL,ONT,1900
2023-03-24 18:55:00,2023-03-24 18:57:00,0 days 00:02:00,False,Fri,DL,ATL,JFK,760
2023-05-22 09:25:00,2023-05-22 09:23:00,-1 days +23:58:00,False,Mon,DL,ATL,ICT,782
2023-06-29 16:26:00,2023-06-29 17:15:00,0 days 00:49:00,True,Thu,DL,ATL,JAX,270
2023-12-01 22:55:00,2023-12-01 22:43:00,-1 days +23:48:00,False,Fri,DL,ATL,VPS,250
2023-09-07 15:10:00,2023-09-07 15:07:00,-1 days +23:57:00,False,Thu,DL,ATL,EYW,646
2023-05-19 15:05:00,2023-05-19 15:21:00,0 days 00:16:00,True,Fri,WN,ATL,RIC,481
2023-07-15 09:51:00,2023-07-15 09:48:00,-1 days +23:57:00,False,Sat,DL,ATL,STX,1638
2023-04-12 22:05:00,2023-04-12 22:08:00,0 days 00:03:00,False,Wed,WN,ATL,GSP,153
2023-04-21 07:15:00,2023-04-21 07:14:00,-1 days +23:59:00,False,Fri,DL,ATL,CMH,447
2023-05-11 19:40:00,2023-05-11 20:07:00,0 days 00:27:00,True,Thu,WN,ATL,MEM,332
2023-10-10 22:40:00,2023-10-10 22:32:00,-1 days +23:52:00,False,Tue,DL,ATL,ILM,377
2023-06-26 19:30:00,2023-06-26 20:33:00,0 days 01:03:00,True,Mon,DL,ATL,OKC,761
2023-10-03 22:59:00,2023-10-03 22:56:00,-1 days +23:57:00,False,Tue,DL,ATL,STL,484
2023-03-17 16:18:00,2023-03-17 20:27:00,0 days 04:09:00,True,Fri,DL,ATL,DSM,743
2023-03-22 12:45:00,2023-03-22 12:40:00,-1 days +23:55:00,False,Wed,9E,ATL,CSG,83
2023-06-08 09:50:00,2023-06-08 09:50:00,0 days 00:00:00,False,Thu,WN,ATL,MDW,591
2023-04-06 08:10:00,2023-04-06 08:05:00,-1 days +23:55:00,False,Thu,DL,ATL,PIT,526
2023-04-16 08:36:00,2023-04-16 08:37:00,0 days 00:01:00,False,Sun,DL,ATL,BWI,577
2023-07-25 19:54:00,2023-07-25 19:54:00,0 days 00:00:00,False,Tue,DL,ATL,TPA,406
2023-04-14 10:30:00,2023-04-14 10:29:00,-1 days +23:59:00,False,Fri,DL,ATL,EYW,646
2023-11-03 07:15:00,2023-11-03 07:14:00,-1 days +23:59:00,False,Fri,DL,ATL,EWR,746
2023-03-23 11:27:00,2023-03-23 11:32:00,0 days 00:05:00,False,Thu,NK,ATL,DTW,594
2023-10-04 15:15:00,2023-10-04 15:11:00,-1 days +23:56:00,False,Wed,DL,ATL,BWI,577
2023-06-23 15:15:00,2023-06-23 15:13:00,-1 days +23:58:00,False,Fri,DL,ATL,BNA,214
2023-04-23 16:40:00,2023-04-23 18:58:00,0 days 02:18:00,True,Sun,NK,ATL,EWR,746
2023-04-30 20:55:00,2023-04-30 21:20:00,0 days 00:25:00,True,Sun,WN,ATL,DAL,721
2023-05-26 11:43:00,2023-05-26 11:39:00,-1 days +23:56:00,False,Fri,DL,ATL,BWI,577
2023-01-16 21:06:00,2023-01-16 20:59:00,-1 days +23:53:00,False,Mon,OO,ATL,MLI,633
2023-09-23 15:25:00,2023-09-23 16:05:00,0 days 00:40:00,True,Sat,9E,ATL,MLI,633
2023-12-18 23:25:00,2023-12-18 23:23:00,-1 days +23:58:00,False,Mon,DL,ATL,MCO,404
2023-01-15 18:30:00,2023-01-15 18:27:00,-1 days +23:57:00,False,Sun,DL,ATL,CLT,226
2023-11-06 22:25:00,2023-11-06 22:27:00,0 days 00:02:00,False,Mon,DL,ATL,BOS,946
2023-10-11 16:51:00,2023-10-11 16:44:00,-1 days +23:53:00,False,Wed,DL,ATL,RDU,356
2023-11-02 08:10:00,2023-11-02 08:10:00,0 days 00:00:00,False,Thu,DL,ATL,MKE,669
2023-06-06 16:29:00,2023-06-06 16:21:00,-1 days +23:52:00,False,Tue,DL,ATL,TLH,223
2023-01-07 18:13:00,2023-01-07 18:10:00,-1 days +23:57:00,False,Sat,DL,ATL,VPS,250
2023-12-21 09:10:00,2023-12-21 09:06:00,-1 days +23:56:00,False,Thu,DL,ATL,SDF,321
2023-09-02 08:10:00,2023-09-02 08:05:00,-1 days +23:55:00,False,Sat,DL,ATL,TUL,674
2023-10-05 14:35:00,2023-10-05 14:32:00,-1 days +23:57:00,False,Thu,DL,ATL,RIC,481
2023-07-24 11:04:00,2023-07-24 11:11:00,0 days 00:07:00,False,Mon,DL,ATL,BUF,712
2023-12-07 20:41:00,2023-12-07 20:34:00,-1 days +23:53:00,False,Thu,DL,ATL,MKE,669
2023-04-06 09:00:00,2023-04-06 08:55:00,-1 days +23:55:00,False,Thu,DL,ATL,GPT,352
2023-07-28 17:17:00,2023-07-28 17:48:00,0 days 00:31:00,True,Fri,DL,ATL,BWI,577
2023-06-27 16:43:00,2023-06-27 17:16:00,0 days 00:33:00,True,Tue,AA,ATL,DFW,731
2023-06-15 18:32:00,2023-06-15 19:11:00,0 days 00:39:00,True,Thu,DL,ATL,PNS,271
2023-09-22 20:20:00,2023-09-22 20:22:00,0 days 00:02:00,False,Fri,DL,ATL,OMA,821
2023-10-22 21:58:00,2023-10-22 21:55:00,-1 days +23:57:00,False,Sun,9E,ATL,SHV,551
2023-06-06 06:00:00,2023-06-06 06:01:00,0 days 00:01:00,False,Tue,WN,ATL,LGA,762
2023-11-09 16:30:00,2023-11-09 16:35:00,0 days 00:05:00,False,Thu,DL,ATL,FLL,581
2023-05-20 10:40:00,2023-05-20 10:37:00,-1 days +23:57:00,False,Sat,WN,ATL,LIT,453
2023-08-09 15:45:00,2023-08-09 15:43:00,-1 days +23:58:00,False,Wed,DL,ATL,SAT,874
2023-07-10 19:54:00,2023-07-10 19:56:00,0 days 00:02:00,False,Mon,9E,ATL,AEX,500
2023-05-16 14:46:00,2023-05-16 14:43:00,-1 days +23:57:00,False,Tue,DL,ATL,CVG,373
2023-02-10 08:15:00,2023-02-10 08:12:00,-1 days +23:57:00,False,Fri,DL,ATL,LGA,762
2023-01-28 09:51:00,2023-01-28 10:30:00,0 days 00:39:00,True,Sat,DL,ATL,LAX,1947
2023-06-03 09:38:00,2023-06-03 09:37:00,-1 days +23:59:00,False,Sat,DL,ATL,BHM,134
2023-02-08 08:25:00,2023-02-08 08:20:00,-1 days +23:55:00,False,Wed,9E,ATL,TYS,152
2023-07-09 21:56:00,2023-07-09 23:03:00,0 days 01:07:00,True,Sun,DL,ATL,ICT,782
2023-10-12 22:34:00,2023-10-12 22:34:00,0 days 00:00:00,False,Thu,DL,ATL,OMA,821
2023-09-08 15:00:00,2023-09-08 15:15:00,0 days 00:15:00,False,Fri,WN,ATL,DEN,1199
2023-06-24 16:34:00,2023-06-24 16:30:00,-1 days +23:56:00,False,Sat,DL,ATL,TLH,223
2023-05-06 17:20:00,2023-05-06 17:26:00,0 days 00:06:00,False,Sat,WN,ATL,STL,484
2023-08-30 12:25:00,2023-08-30 12:24:00,-1 days +23:59:00,False,Wed,DL,ATL,RIC,481
2023-06-21 09:15:00,2023-06-21 09:12:00,-1 days +23:57:00,False,Wed,NK,ATL,MSP,907
2023-03-30 14:45:00,2023-03-30 14:45:00,0 days 00:00:00,False,Thu,DL,ATL,PHL,666
2023-07-14 15:38:00,2023-07-14 15:40:00,0 days 00:02:00,False,Fri,DL,ATL,BNA,214
2023-03-11 20:15:00,2023-03-11 20:31:00,0 days 00:16:00,True,Sat,DL,ATL,CVG,373
2023-11-26 17:44:00,2023-11-26 17:52:00,0 days 00:08:00,False,Sun,F9,ATL,SAN,1892
2023-09-06 18:55:00,2023-09-06 18:53:00,-1 days +23:58:00,False,Wed,DL,ATL,PHX,1587
2023-04-26 11:09:00,2023-04-26 11:11:00,0 days 00:02:00,False,Wed,UA,ATL,EWR,746
2023-12-22 18:59:00,2023-12-22 19:37:00,0 days 00:38:00,True,Fri,DL,ATL,PHL,666
2023-06-01 13:47:00,2023-06-01 13:45:00,-1 days +23:58:00,False,Thu,DL,ATL,GRR,640
2023-06-05 18:26:00,2023-06-05 18:25:00,-1 days +23:59:00,False,Mon,YX,ATL,ORD,606
2023-12-22 08:45:00,2023-12-22 08:46:00,0 days 00:01:00,False,Fri,NK,ATL,MCO,404
2023-05-07 18:13:00,2023-05-07 18:12:00,-1 days +23:59:00,False,Sun,DL,ATL,DEN,1199
2023-08-04 20:55:00,2023-08-04 21:46:00,0 days 00:51:00,True,Fri,NK,ATL,DTW,594
2023-01-22 12:56:00,2023-01-22 13:08:00,0 days 00:12:00,False,Sun,F9,ATL,MDW,591
2023-05-13 17:03:00,2023-05-13 16:56:00,-1 days +23:53:00,False,Sat,DL,ATL,CLE,554
2023-11-25 14:30:00,2023-11-25 14:27:00,-1 days +23:57:00,False,Sat,DL,ATL,PHX,1587
2023-12-17 22:25:00,2023-12-17 22:22:00,-1 days +23:57:00,False,Sun,DL,ATL,CMH,447
2023-12-06 22:00:00,2023-12-06 21:55:00,-1 days +23:55:00,False,Wed,DL,ATL,ORF,516
2023-08-18 18:31:00,2023-08-18 18:26:00,-1 days +23:55:00,False,Fri,DL,ATL,CHA,106
2023-11-10 08:00:00,2023-11-10 08:04:00,0 days 00:04:00,False,Fri,AA,ATL,MIA,594
2023-07-09 08:29:00,2023-07-09 08:51:00,0 days 00:22:00,True,Sun,DL,ATL,JFK,760
2023-09-29 08:10:00,2023-09-29 08:08:00,-1 days +23:58:00,False,Fri,DL,ATL,GSO,306
2023-06-18 23:35:00,2023-06-18 23:32:00,-1 days +23:57:00,False,Sun,DL,ATL,BNA,214
2023-04-13 08:15:00,2023-04-13 08:14:00,-1 days +23:59:00,False,Thu,DL,ATL,EYW,646
2023-01-19 11:10:00,2023-01-19 11:00:00,-1 days +23:50:00,False,Thu,DL,ATL,ELP,1282
2023-10-15 22:54:00,2023-10-15 23:10:00,0 days 00:16:00,True,Sun,DL,ATL,ECP,240
2023-04-17 15:59:00,2023-04-17 15:54:00,-1 days +23:55:00,False,Mon,DL,ATL,ICT,782
2023-09-26 18:45:00,2023-09-26 18:40:00,-1 days +23:55:00,False,Tue,DL,ATL,BNA,214
2023-10-31 15:25:00,2023-10-31 15:25:00,0 days 00:00:00,False,Tue,DL,ATL,SDF,321
2023-09-28 15:25:00,2023-09-28 15:55:00,0 days 00:30:00,True,Thu,DL,ATL,PIT,526
2023-08-13 21:05:00,2023-08-13 21:24:00,0 days 00:19:00,True,Sun,DL,ATL,SGF,563
2023-01-02 16:13:00,2023-01-02 16:09:00,-1 days +23:56:00,False,Mon,DL,ATL,MEM,332
2023-12-03 10:00:00,2023-12-03 09:58:00,-1 days +23:58:00,False,Sun,9E,ATL,ILM,377
2023-02-08 19:29:00,2023-02-08 19:28:00,-1 days +23:59:00,False,Wed,DL,ATL,RIC,481
2023-03-06 16:40:00,2023-03-06 16:31:00,-1 days +23:51:00,False,Mon,9E,ATL,BQK,238
2023-09-29 10:40:00,2023-09-29 10:37:00,-1 days +23:57:00,False,Fri,B6,ATL,BOS,946
2023-01-02 23:12:00,2023-01-02 23:23:00,0 days 00:11:00,False,Mon,DL,ATL,MSY,425
2023-07-21 16:46:00,2023-07-21 16:46:00,0 days 00:00:00,False,Fri,DL,ATL,MKE,669
2023-08-03 14:05:00,2023-08-03 14:01:00,-1 days +23:56:00,False,Thu,DL,ATL,DAL,721
2023-12-06 18:48:00,2023-12-06 19:56:00,0 days 01:08:00,True,Wed,DL,ATL,EWR,746
2023-06-26 11:02:00,2023-06-26 10:58:00,-1 days +23:56:00,False,Mon,AA,ATL,DCA,547
2023-02-22 12:55:00,2023-02-22 12:57:00,0 days 00:02:00,False,Wed,DL,ATL,DFW,731
2023-08-14 09:10:00,2023-08-14 09:06:00,-1 days +23:56:00,False,Mon,DL,ATL,AVL,164
2023-08-04 08:20:00,2023-08-04 08:25:00,0 days 00:05:00,False,Fri,DL,ATL,SAV,214
2023-12-10 13:00:00,2023-12-10 13:29:00,0 days 00:29:00,True,Sun,WN,ATL,CMH,447
2023-09-07 14:50:00,2023-09-07 14:47:00,-1 days +23:57:00,False,Thu,DL,ATL,SAT,874
2023-07-04 10:15:00,2023-07-04 10:14:00,-1 days +23:59:00,False,Tue,DL,ATL,BZN,1640
2023-01-18 09:40:00,2023-01-18 09:38:00,-1 days +23:58:00,False,Wed,DL,ATL,DCA,547
2023-05-30 18:16:00,2023-05-30 18:10:00,-1 days +23:54:00,False,Tue,UA,ATL,DEN,1199
2023-08-25 18:35:00,2023-08-25 18:48:00,0 days 00:13:00,False,Fri,DL,ATL,DCA,547
2023-04-26 22:06:00,2023-04-26 22:00:00,-1 days +23:54:00,False,Wed,DL,ATL,SYR,794
2023-05-15 19:00:00,2023-05-15 19:05:00,0 days 00:05:00,False,Mon,DL,ATL,LGA,762
2023-09-21 20:51:00,2023-09-21 20:49:00,-1 days +23:58:00,False,Thu,OO,ATL,CSG,83
2023-10-19 08:25:00,2023-10-19 08:26:00,0 days 00:01:00,False,Thu,DL,ATL,TLH,223
2023-10-02 18:19:00,2023-10-02 18:13:00,-1 days +23:54:00,False,Mon,DL,ATL,DTW,594
2023-02-22 09:02:00,2023-02-22 08:58:00,-1 days +23:56:00,False,Wed,9E,ATL,ILM,377
2023-07-03 22:35:00,2023-07-03 22:27:00,-1 days +23:52:00,False,Mon,DL,ATL,CAE,192
2023-03-01 20:40:00,2023-03-01 20:39:00,-1 days +23:59:00,False,Wed,DL,ATL,MCO,404
2023-09-08 05:02:00,2023-09-08 04:53:00,-1 days +23:51:00,False,Fri,AA,ATL,CLT,226
2023-02-28 10:10:00,2023-02-28 10:31:00,0 days 00:21:00,True,Tue,DL,ATL,BDL,859
2023-05-07 17:55:00,2023-05-07 17:48:00,-1 days +23:53:00,False,Sun,OO,ATL,AGS,143
2023-12-31 09:21:00,2023-12-31 09:18:00,-1 days +23:57:00,False,Sun,DL,ATL,FLL,581
2023-06-14 15:38:00,2023-06-14 17:25:00,0 days 01:47:00,True,Wed,DL,ATL,MSY,425
2023-08-10 22:30:00,2023-08-10 22:31:00,0 days 00:01:00,False,Thu,DL,ATL,SFO,2139
2023-08-14 16:33:00,2023-08-14 16:32:00,-1 days +23:59:00,False,Mon,DL,ATL,EWR,746
2023-05-15 11:00:00,2023-05-15 10:55:00,-1 days +23:55:00,False,Mon,OO,ATL,OAJ,399
2023-05-08 17:49:00,2023-05-08 19:04:00,0 days 01:15:00,True,Mon,UA,ATL,ORD,606
2023-05-16 15:35:00,2023-05-16 15:43:00,0 days 00:08:00,False,Tue,B6,ATL,BOS,946
2023-10-09 18:40:00,2023-10-09 18:40:00,0 days 00:00:00,False,Mon,DL,ATL,MCO,404
2023-11-08 15:15:00,2023-11-08 15:03:00,-1 days +23:48:00,False,Wed,F9,ATL,PHL,666
2023-04-29 13:10:00,2023-04-29 13:08:00,-1 days +23:58:00,False,Sat,DL,ATL,ECP,240
2023-12-19 15:26:00,2023-12-19 15:21:00,-1 days +23:55:00,False,Tue,DL,ATL,MDW,591
2023-12-27 23:25:00,2023-12-28 00:11:00,0 days 00:46:00,True,Thu,DL,ATL,MCO,404
2023-10-03 13:51:00,2023-10-03 13:48:00,-1 days +23:57:00,False,Tue,DL,ATL,CMH,447
2023-08-15 15:37:00,2023-08-15 15:45:00,0 days 00:08:00,False,Tue,DL,ATL,CAE,192
2023-05-14 13:25:00,2023-05-14 13:24:00,-1 days +23:59:00,False,Sun,DL,ATL,DEN,1199
2023-09-04 07:15:00,2023-09-04 07:19:00,0 days 00:04:00,False,Mon,DL,ATL,EWR,746
2023-02-13 19:20:00,2023-02-13 19:18:00,-1 days +23:58:00,False,Mon,DL,ATL,EWR,746
2023-03-31 18:10:00,2023-03-31 18:34:00,0 days 00:24:00,True,Fri,DL,ATL,JAX,270
2023-10-23 18:07:00,2023-10-23 18:03:00,-1 days +23:56:00,False,Mon,DL,ATL,VPS,250
2023-07-01 22:59:00,2023-07-02 00:21:00,0 days 01:22:00,True,Sun,DL,ATL,MKE,669
2023-02-02 09:19:00,2023-02-02 10:17:00,0 days 00:58:00,True,Thu,OO,ATL,ABE,692
2023-06-24 14:59:00,2023-06-24 15:01:00,0 days 00:02:00,False,Sat,DL,ATL,PHL,666
2023-11-23 17:40:00,2023-11-23 17:33:00,-1 days +23:53:00,False,Thu,DL,ATL,RSW,515
2023-09-27 23:01:00,2023-09-27 22:47:00,-1 days +23:46:00,False,Wed,DL,ATL,CAE,192
2023-04-13 09:30:00,2023-04-13 09:28:00,-1 days +23:58:00,False,Thu,DL,ATL,MCO,404
2023-06-21 15:45:00,2023-06-21 15:54:00,0 days 00:09:00,False,Wed,DL,ATL,ECP,240
2023-06-01 12:41:00,2023-06-01 12:39:00,-1 days +23:58:00,False,Thu,DL,ATL,PHL,666
2023-10-07 17:55:00,2023-10-07 17:56:00,0 days 00:01:00,False,Sat,DL,ATL,TPA,406
2023-11-14 13:54:00,2023-11-14 13:49:00,-1 days +23:55:00,False,Tue,F9,ATL,FLL,581
2023-06-25 23:35:00,2023-06-26 00:37:00,0 days 01:02:00,True,Mon,DL,ATL,BNA,214
2023-06-02 23:05:00,2023-06-02 23:02:00,-1 days +23:57:00,False,Fri,DL,ATL,LIT,453
2023-06-11 17:27:00,2023-06-11 18:36:00,0 days 01:09:00,True,Sun,DL,ATL,IAH,689
2023-06-11 17:06:00,2023-06-11 17:00:00,-1 days +23:54:00,False,Sun,9E,ATL,ILM,377
2023-02-12 10:39:00,2023-02-12 10:36:00,-1 days +23:57:00,False,Sun,DL,ATL,MEM,332
2023-08-11 17:53:00,2023-08-11 17:54:00,0 days 00:01:00,False,Fri,DL,ATL,SDF,321
2023-12-05 11:05:00,2023-12-05 11:26:00,0 days 00:21:00,True,Tue,DL,ATL,LAX,1947
2023-04-28 06:40:00,2023-04-28 06:35:00,-1 days +23:55:00,False,Fri,B6,ATL,JFK,760
2023-06-17 07:15:00,2023-06-17 08:48:00,0 days 01:33:00,True,Sat,DL,ATL,MIA,594
2023-08-23 13:20:00,2023-08-23 13:19:00,-1 days +23:59:00,False,Wed,DL,ATL,CVG,373
2023-04-26 15:40:00,2023-04-26 18:37:00,0 days 02:57:00,True,Wed,DL,ATL,MCI,692
2023-02-08 15:20:00,2023-02-08 15:19:00,-1 days +23:59:00,False,Wed,DL,ATL,LGA,762
2023-10-28 14:51:00,2023-10-28 15:52:00,0 days 01:01:00,True,Sat,B6,ATL,JFK,760
2023-01-26 19:50:00,2023-01-26 19:42:00,-1 days +23:52:00,False,Thu,DL,ATL,JAX,270
2023-10-18 19:55:00,2023-10-18 19:54:00,-1 days +23:59:00,False,Wed,DL,ATL,BWI,577
2023-11-13 09:00:00,2023-11-13 09:00:00,0 days 00:00:00,False,Mon,DL,ATL,LGA,762
2023-04-18 19:45:00,2023-04-18 20:54:00,0 days 01:09:00,True,Tue,WN,ATL,JAN,341
2023-05-08 10:30:00,2023-05-08 11:11:00,0 days 00:41:00,True,Mon,DL,ATL,SAV,214
2023-12-11 16:25:00,2023-12-11 16:21:00,-1 days +23:56:00,False,Mon,DL,ATL,ECP,240
2023-02-11 16:23:00,2023-02-11 16:20:00,-1 days +23:57:00,False,Sat,OH,ATL,CLT,226
2023-01-11 14:15:00,2023-01-11 14:52:00,0 days 00:37:00,True,Wed,DL,ATL,ECP,240
2023-01-25 21:30:00,2023-01-25 22:27:00,0 days 00:57:00,True,Wed,DL,ATL,SLC,1590
2023-10-01 20:54:00,2023-10-01 20:53:00,-1 days +23:59:00,False,Sun,DL,ATL,BHM,134
2023-07-25 20:42:00,2023-07-25 20:44:00,0 days 00:02:00,False,Tue,NK,ATL,LAS,1747
2023-11-09 15:54:00,2023-11-09 15:52:00,-1 days +23:58:00,False,Thu,UA,ATL,IAH,689
2023-07-24 08:15:00,2023-07-24 08:08:00,-1 days +23:53:00,False,Mon,WN,ATL,MCI,692
2023-05-16 16:56:00,2023-05-16 16:57:00,0 days 00:01:00,False,Tue,DL,ATL,LEX,304
2023-08-05 12:17:00,2023-08-05 12:24:00,0 days 00:07:00,False,Sat,UA,ATL,IAH,689
2023-04-16 18:35:00,2023-04-16 18:31:00,-1 days +23:56:00,False,Sun,OO,ATL,HPN,780
2023-06-15 10:30:00,2023-06-15 10:28:00,-1 days +23:58:00,False,Thu,NK,ATL,BOS,946
2023-06-04 08:20:00,2023-06-04 08:19:00,-1 days +23:59:00,False,Sun,DL,ATL,ECP,240
2023-04-09 13:00:00,2023-04-09 12:58:00,-1 days +23:58:00,False,Sun,DL,ATL,JAX,270
2023-01-31 07:05:00,2023-01-31 07:02:00,-1 days +23:57:00,False,Tue,NK,ATL,ORD,606
2023-02-06 15:46:00,2023-02-06 15:45:00,-1 days +23:59:00,False,Mon,OO,ATL,SGF,563
2023-09-18 19:35:00,2023-09-18 20:10:00,0 days 00:35:00,True,Mon,WN,ATL,JAN,341
2023-12-10 09:15:00,2023-12-10 09:13:00,-1 days +23:58:00,False,Sun,DL,ATL,JAX,270
2023-10-12 14:59:00,2023-10-12 14:55:00,-1 days +23:56:00,False,Thu,DL,ATL,CHS,259
2023-03-03 19:30:00,2023-03-03 21:33:00,0 days 02:03:00,True,Fri,WN,ATL,AUS,813
2023-05-24 07:15:00,2023-05-24 07:15:00,0 days 00:00:00,False,Wed,DL,ATL,DEN,1199
2023-03-19 20:11:00,2023-03-19 20:14:00,0 days 00:03:00,False,Sun,DL,ATL,ORD,606
2023-11-18 09:18:00,2023-11-18 09:18:00,0 days 00:00:00,False,Sat,DL,ATL,BNA,214
2023-07-24 10:46:00,2023-07-24 10:43:00,-1 days +23:57:00,False,Mon,DL,ATL,EWR,746
2023-05-21 09:49:00,2023-05-21 10:05:00,0 days 00:16:00,True,Sun,DL,ATL,MDT,620
2023-10-09 17:35:00,2023-10-09 17:31:00,-1 days +23:56:00,False,Mon,DL,ATL,BHM,134
2023-12-23 10:20:00,2023-12-23 10:17:00,-1 days +23:57:00,False,Sat,DL,ATL,ORF,516
2023-04-22 17:20:00,2023-04-22 17:58:00,0 days 00:38:00,True,Sat,WN,ATL,STL,484
2023-04-01 19:59:00,2023-04-01 20:38:00,0 days 00:39:00,True,Sat,DL,ATL,CHS,259
2023-07-03 14:10:00,2023-07-03 14:22:00,0 days 00:12:00,False,Mon,DL,ATL,LAX,1947
2023-12-29 07:00:00,2023-12-29 06:56:00,-1 days +23:56:00,False,Fri,WN,ATL,BNA,214
2023-02-23 09:00:00,2023-02-23 08:57:00,-1 days +23:57:00,False,Thu,9E,ATL,TRI,227
2023-04-24 13:01:00,2023-04-24 12:56:00,-1 days +23:55:00,False,Mon,DL,ATL,DAB,366
2023-10-11 08:35:00,2023-10-11 08:34:00,-1 days +23:59:00,False,Wed,WN,ATL,FLL,581
2023-06-07 18:05:00,2023-06-07 18:00:00,-1 days +23:55:00,False,Wed,9E,ATL,AGS,143
2023-04-08 10:45:00,2023-04-08 10:42:00,-1 days +23:57:00,False,Sat,WN,ATL,GSP,153
2023-03-10 13:52:00,2023-03-10 14:04:00,0 days 00:12:00,False,Fri,DL,ATL,CMH,447
2023-06-24 14:45:00,2023-06-24 16:50:00,0 days 02:05:00,True,Sat,NK,ATL,DFW,731
2023-08-02 11:25:00,2023-08-02 11:26:00,0 days 00:01:00,False,Wed,WN,ATL,RIC,481
2023-04-07 22:54:00,2023-04-07 22:54:00,0 days 00:00:00,False,Fri,DL,ATL,IND,432
2023-03-23 20:45:00,2023-03-23 20:55:00,0 days 00:10:00,False,Thu,DL,ATL,VPS,250
2023-04-12 21:40:00,2023-04-12 21:37:00,-1 days +23:57:00,False,Wed,WN,ATL,RIC,481
2023-12-24 22:35:00,2023-12-24 22:33:00,-1 days +23:58:00,False,Sun,DL,ATL,RSW,515
2023-10-01 10:30:00,2023-10-01 10:28:00,-1 days +23:58:00,False,Sun,WN,ATL,RDU,356
2023-11-10 16:23:00,2023-11-10 16:24:00,0 days 00:01:00,False,Fri,AA,ATL,DFW,731
2023-12-08 18:35:00,2023-12-08 18:34:00,-1 days +23:59:00,False,Fri,DL,ATL,DCA,547
2023-03-18 10:25:00,2023-03-18 10:29:00,0 days 00:04:00,False,Sat,WN,ATL,RIC,481
2023-10-03 09:20:00,2023-10-03 09:20:00,0 days 00:00:00,False,Tue,NK,ATL,DFW,731
2023-05-10 09:15:00,2023-05-10 09:12:00,-1 days +23:57:00,False,Wed,DL,ATL,GRR,640
2023-07-25 07:45:00,2023-07-25 08:09:00,0 days 00:24:00,True,Tue,DL,ATL,PBI,545
2023-08-19 08:50:00,2023-08-19 09:24:00,0 days 00:34:00,True,Sat,DL,ATL,ABQ,1269
2023-12-18 16:20:00,2023-12-18 16:25:00,0 days 00:05:00,False,Mon,WN,ATL,JAX,270
2023-05-19 19:20:00,2023-05-19 19:29:00,0 days 00:09:00,False,Fri,DL,ATL,DTW,594
2023-11-20 15:10:00,2023-11-20 15:08:00,-1 days +23:58:00,False,Mon,DL,ATL,BNA,214
2023-09-06 12:41:00,2023-09-06 12:40:00,-1 days +23:59:00,False,Wed,DL,ATL,BOS,946
2023-08-17 15:40:00,2023-08-17 16:56:00,0 days 01:16:00,True,Thu,DL,ATL,BUF,712
2023-06-14 11:00:00,2023-06-14 11:00:00,0 days 00:00:00,False,Wed,9E,ATL,OAJ,399
2023-02-14 09:00:00,2023-02-14 08:57:00,-1 days +23:57:00,False,Tue,DL,ATL,SMF,2092
2023-11-13 22:31:00,2023-11-13 22:37:00,0 days 00:06:00,False,Mon,DL,ATL,SDF,321
2023-05-11 22:40:00,2023-05-11 22:50:00,0 days 00:10:00,False,Thu,DL,ATL,DEN,1199
2023-07-16 15:10:00,2023-07-16 15:09:00,-1 days +23:59:00,False,Sun,9E,ATL,EVV,350
2023-09-27 14:05:00,2023-09-27 14:00:00,-1 days +23:55:00,False,Wed,DL,ATL,AVL,164
2023-11-25 08:10:00,2023-11-25 08:09:00,-1 days +23:59:00,False,Sat,DL,ATL,MCO,404
2023-08-21 23:30:00,2023-08-21 23:26:00,-1 days +23:56:00,False,Mon,DL,ATL,TPA,406
2023-05-10 12:45:00,2023-05-10 12:38:00,-1 days +23:53:00,False,Wed,DL,ATL,DAB,366
2023-10-19 10:39:00,2023-10-19 10:38:00,-1 days +23:59:00,False,Thu,DL,ATL,IAH,689
2023-11-21 09:10:00,2023-11-21 09:36:00,0 days 00:26:00,True,Tue,9E,ATL,TRI,227
2023-10-29 17:55:00,2023-10-29 18:13:00,0 days 00:18:00,True,Sun,WN,ATL,BWI,577
2023-04-18 08:21:00,2023-04-18 08:16:00,-1 days +23:55:00,False,Tue,F9,ATL,MCO,404
2023-11-28 13:55:00,2023-11-28 13:53:00,-1 days +23:58:00,False,Tue,DL,ATL,PHL,666
2023-11-24 10:50:00,2023-11-24 10:54:00,0 days 00:04:00,False,Fri,WN,ATL,MIA,594
2023-07-23 17:44:00,2023-07-23 20:30:00,0 days 02:46:00,True,Sun,DL,ATL,AUS,813
2023-02-04 19:20:00,2023-02-04 20:20:00,0 days 01:00:00,True,Sat,DL,ATL,PNS,271
2023-01-03 21:04:00,2023-01-03 21:00:00,-1 days +23:56:00,False,Tue,9E,ATL,VLD,208
2023-12-25 22:29:00,2023-12-25 22:26:00,-1 days +23:57:00,False,Mon,DL,ATL,MEM,332
2023-08-23 15:24:00,2023-08-23 15:22:00,-1 days +23:58:00,False,Wed,YX,ATL,HHH,238
2023-09-24 22:05:00,2023-09-24 22:29:00,0 days 00:24:00,True,Sun,WN,ATL,JAX,270
2023-10-14 19:55:00,2023-10-14 20:01:00,0 days 00:06:00,False,Sat,DL,ATL,RDU,356
2023-10-23 08:20:00,2023-10-23 08:21:00,0 days 00:01:00,False,Mon,9E,ATL,AGS,143
2023-02-26 08:10:00,2023-02-26 08:04:00,-1 days +23:54:00,False,Sun,DL,ATL,CVG,373
2023-03-18 11:20:00,2023-03-18 11:18:00,-1 days +23:58:00,False,Sat,OO,ATL,CRW,363
2023-01-04 14:30:00,2023-01-04 14:27:00,-1 days +23:57:00,False,Wed,9E,ATL,CHO,457
2023-12-25 18:30:00,2023-12-25 18:27:00,-1 days +23:57:00,False,Mon,DL,ATL,ECP,240
2023-05-26 13:19:00,2023-05-26 13:07:00,-1 days +23:48:00,False,Fri,OH,ATL,PHL,666
2023-10-10 06:55:00,2023-10-10 06:57:00,0 days 00:02:00,False,Tue,WN,ATL,BNA,214
2023-08-23 20:33:00,2023-08-23 20:24:00,-1 days +23:51:00,False,Wed,YX,ATL,DCA,547
2023-01-17 19:20:00,2023-01-17 19:17:00,-1 days +23:57:00,False,Tue,WN,ATL,SAT,874
2023-10-09 11:48:00,2023-10-09 11:44:00,-1 days +23:56:00,False,Mon,DL,ATL,HPN,780
2023-12-01 07:15:00,2023-12-01 07:15:00,0 days 00:00:00,False,Fri,DL,ATL,CLE,554
2023-07-21 14:53:00,2023-07-21 16:07:00,0 days 01:14:00,True,Fri,DL,ATL,DTW,594
2023-06-07 16:43:00,2023-06-07 17:43:00,0 days 01:00:00,True,Wed,NK,ATL,MIA,594
2023-12-05 14:10:00,2023-12-05 14:09:00,-1 days +23:59:00,False,Tue,DL,ATL,DAY,432
2023-09-10 17:55:00,2023-09-10 18:58:00,0 days 01:03:00,True,Sun,DL,ATL,SLC,1590
2023-01-20 11:10:00,2023-01-20 11:09:00,-1 days +23:59:00,False,Fri,DL,ATL,ELP,1282
2023-10-27 14:15:00,2023-10-27 14:28:00,0 days 00:13:00,False,Fri,WN,ATL,MCO,404
2023-04-27 15:15:00,2023-04-27 15:09:00,-1 days +23:54:00,False,Thu,DL,ATL,IND,432
2023-07-21 10:15:00,2023-07-21 11:00:00,0 days 00:45:00,True,Fri,DL,ATL,ALB,853
2023-05-26 20:38:00,2023-05-26 20:35:00,-1 days +23:57:00,False,Fri,DL,ATL,ABQ,1269
2023-07-31 07:30:00,2023-07-31 07:28:00,-1 days +23:58:00,False,Mon,DL,ATL,BWI,577
2023-12-12 13:35:00,2023-12-12 13:32:00,-1 days +23:57:00,False,Tue,DL,ATL,SAN,1892
2023-07-15 13:50:00,2023-07-15 13:49:00,-1 days +23:59:00,False,Sat,DL,ATL,PBI,545
2023-11-12 07:15:00,2023-11-12 07:10:00,-1 days +23:55:00,False,Sun,DL,ATL,PHL,666
2023-04-27 09:40:00,2023-04-27 09:39:00,-1 days +23:59:00,False,Thu,DL,ATL,BZN,1640
2023-09-11 19:30:00,2023-09-11 19:53:00,0 days 00:23:00,True,Mon,WN,ATL,MSY,425
2023-10-08 10:25:00,2023-10-08 10:21:00,-1 days +23:56:00,False,Sun,DL,ATL,SGF,563
2023-07-15 11:59:00,2023-07-15 12:53:00,0 days 00:54:00,True,Sat,DL,ATL,BOS,946
2023-09-24 20:55:00,2023-09-24 21:18:00,0 days 00:23:00,True,Sun,DL,ATL,PHL,666
2023-01-17 08:35:00,2023-01-17 08:33:00,-1 days +23:58:00,False,Tue,DL,ATL,RSW,515
2023-08-20 06:15:00,2023-08-20 06:03:00,-1 days +23:48:00,False,Sun,DL,ATL,FLL,581
2023-02-20 06:20:00,2023-02-20 06:28:00,0 days 00:08:00,False,Mon,B6,ATL,JFK,760
2023-03-25 08:55:00,2023-03-25 10:55:00,0 days 02:00:00,True,Sat,DL,ATL,ECP,240
2023-11-17 12:15:00,2023-11-17 12:11:00,-1 days +23:56:00,False,Fri,DL,ATL,CLE,554
2023-08-16 12:33:00,2023-08-16 12:28:00,-1 days +23:55:00,False,Wed,DL,ATL,RDU,356
2023-11-06 14:00:00,2023-11-06 13:57:00,-1 days +23:57:00,False,Mon,WN,ATL,STL,484
2023-07-23 17:55:00,2023-07-23 17:55:00,0 days 00:00:00,False,Sun,DL,ATL,SNA,1919
2023-03-10 08:45:00,2023-03-10 08:53:00,0 days 00:08:00,False,Fri,F9,ATL,LAS,1747
2023-01-31 16:51:00,2023-01-31 18:20:00,0 days 01:29:00,True,Tue,NK,ATL,BWI,577
2023-08-09 21:25:00,2023-08-09 21:22:00,-1 days +23:57:00,False,Wed,DL,ATL,JFK,760
2023-03-16 20:41:00,2023-03-16 20:40:00,-1 days +23:59:00,False,Thu,DL,ATL,DTW,594
2023-08-17 08:36:00,2023-08-17 08:36:00,0 days 00:00:00,False,Thu,DL,ATL,JFK,760
2023-06-14 11:15:00,2023-06-14 11:20:00,0 days 00:05:00,False,Wed,DL,ATL,PNS,271
2023-09-20 06:10:00,2023-09-20 06:09:00,-1 days +23:59:00,False,Wed,B6,ATL,JFK,760
2023-07-27 09:40:00,2023-07-27 09:43:00,0 days 00:03:00,False,Thu,DL,ATL,MDT,620
2023-03-12 06:00:00,2023-03-12 06:23:00,0 days 00:23:00,True,Sun,WN,ATL,AUS,813
2023-06-17 15:04:00,2023-06-17 15:00:00,-1 days +23:56:00,False,Sat,DL,ATL,CLE,554
2023-07-06 15:09:00,2023-07-06 15:11:00,0 days 00:02:00,False,Thu,DL,ATL,MKE,669
2023-06-13 19:52:00,2023-06-13 19:57:00,0 days 00:05:00,False,Tue,UA,ATL,SFO,2139
2023-05-22 22:45:00,2023-05-22 22:40:00,-1 days +23:55:00,False,Mon,WN,ATL,BNA,214
2023-02-16 14:32:00,2023-02-16 14:30:00,-1 days +23:58:00,False,Thu,DL,ATL,MEM,332
2023-12-04 08:50:00,2023-12-04 08:45:00,-1 days +23:55:00,False,Mon,WN,ATL,SDF,321
2023-05-08 19:00:00,2023-05-08 18:55:00,-1 days +23:55:00,False,Mon,DL,ATL,LGA,762
2023-12-15 11:10:00,2023-12-15 11:06:00,-1 days +23:56:00,False,Fri,DL,ATL,TPA,406
2023-11-01 17:40:00,2023-11-01 17:35:00,-1 days +23:55:00,False,Wed,DL,ATL,IND,432
2023-06-03 08:30:00,2023-06-03 08:28:00,-1 days +23:58:00,False,Sat,DL,ATL,MKE,669
2023-08-15 11:14:00,2023-08-15 11:23:00,0 days 00:09:00,False,Tue,DL,ATL,AVL,164
2023-09-28 14:15:00,2023-09-28 14:17:00,0 days 00:02:00,False,Thu,DL,ATL,SRQ,444
2023-08-01 21:05:00,2023-08-01 21:11:00,0 days 00:06:00,False,Tue,DL,ATL,SGF,563
2023-04-28 20:55:00,2023-04-28 20:53:00,-1 days +23:58:00,False,Fri,DL,ATL,AVL,164
2023-06-09 08:15:00,2023-06-09 08:14:00,-1 days +23:59:00,False,Fri,DL,ATL,MSP,907
2023-12-26 08:25:00,2023-12-26 08:24:00,-1 days +23:59:00,False,Tue,DL,ATL,MEM,332
2023-06-19 05:45:00,2023-06-19 06:00:00,0 days 00:15:00,False,Mon,UA,ATL,IAD,534
2023-05-16 17:10:00,2023-05-16 18:02:00,0 days 00:52:00,True,Tue,DL,ATL,ORF,516
2023-09-12 17:13:00,2023-09-12 17:11:00,-1 days +23:58:00,False,Tue,UA,ATL,IAH,689
2023-06-26 23:10:00,2023-06-26 23:12:00,0 days 00:02:00,False,Mon,DL,ATL,OKC,761
2023-10-12 16:16:00,2023-10-12 16:27:00,0 days 00:11:00,False,Thu,DL,ATL,OMA,821
2023-12-13 14:04:00,2023-12-13 14:24:00,0 days 00:20:00,True,Wed,DL,ATL,AVL,164
2023-10-02 09:20:00,2023-10-02 09:18:00,-1 days +23:58:00,False,Mon,DL,ATL,BNA,214
2023-06-14 07:21:00,2023-06-14 07:18:00,-1 days +23:57:00,False,Wed,OO,ATL,HPN,780
2023-11-19 08:25:00,2023-11-19 08:21:00,-1 days +23:56:00,False,Sun,DL,ATL,TLH,223
2023-09-17 10:40:00,2023-09-17 10:39:00,-1 days +23:59:00,False,Sun,WN,ATL,RSW,515
2023-10-02 10:04:00,2023-10-02 10:04:00,0 days 00:00:00,False,Mon,DL,ATL,LAS,1747
2023-01-12 22:39:00,2023-01-12 23:00:00,0 days 00:21:00,True,Thu,DL,ATL,PIT,526
2023-06-19 23:35:00,2023-06-19 23:33:00,-1 days +23:58:00,False,Mon,DL,ATL,BNA,214
2023-06-21 19:32:00,2023-06-21 19:27:00,-1 days +23:55:00,False,Wed,OO,ATL,FWA,508
2023-06-20 23:16:00,2023-06-20 23:12:00,-1 days +23:56:00,False,Tue,DL,ATL,FAY,331
2023-01-02 11:10:00,2023-01-02 11:06:00,-1 days +23:56:00,False,Mon,DL,ATL,STT,1599
2023-02-14 15:23:00,2023-02-14 15:20:00,-1 days +23:57:00,False,Tue,DL,ATL,CAE,192
2023-08-10 07:04:00,2023-08-10 07:04:00,0 days 00:00:00,False,Thu,DL,ATL,LAX,1947
2023-06-24 21:45:00,2023-06-25 00:04:00,0 days 02:19:00,True,Sun,DL,ATL,DCA,547
2023-09-14 19:45:00,2023-09-14 20:21:00,0 days 00:36:00,True,Thu,F9,ATL,LGA,762
2023-09-07 22:50:00,2023-09-07 22:55:00,0 days 00:05:00,False,Thu,F9,ATL,LAS,1747
2023-09-01 21:25:00,2023-09-01 21:25:00,0 days 00:00:00,False,Fri,DL,ATL,BWI,577
2023-10-18 18:03:00,2023-10-18 18:18:00,0 days 00:15:00,False,Wed,DL,ATL,MEM,332
2023-03-17 14:02:00,2023-03-17 14:08:00,0 days 00:06:00,False,Fri,DL,ATL,SAT,874
2023-09-06 09:49:00,2023-09-06 09:47:00,-1 days +23:58:00,False,Wed,OO,ATL,HPN,780
2023-05-20 08:10:00,2023-05-20 08:08:00,-1 days +23:58:00,False,Sat,DL,ATL,LAS,1747
2023-01-09 14:11:00,2023-01-09 14:28:00,0 days 00:17:00,True,Mon,UA,ATL,EWR,746
2023-05-27 13:16:00,2023-05-27 13:15:00,-1 days +23:59:00,False,Sat,DL,ATL,PDX,2172
2023-12-15 11:22:00,2023-12-15 11:19:00,-1 days +23:57:00,False,Fri,DL,ATL,BOS,946
2023-04-07 22:59:00,2023-04-07 23:34:00,0 days 00:35:00,True,Fri,DL,ATL,MSP,907
2023-06-09 15:15:00,2023-06-09 15:13:00,-1 days +23:58:00,False,Fri,DL,ATL,BNA,214
2023-03-18 10:20:00,2023-03-18 10:32:00,0 days 00:12:00,False,Sat,DL,ATL,RSW,515
2023-03-03 06:15:00,2023-03-03 06:16:00,0 days 00:01:00,False,Fri,WN,ATL,DEN,1199
2023-06-27 09:52:00,2023-06-27 09:51:00,-1 days +23:59:00,False,Tue,DL,ATL,GEG,1969
2023-01-20 11:45:00,2023-01-20 11:41:00,-1 days +23:56:00,False,Fri,DL,ATL,DAL,721
2023-08-31 14:00:00,2023-08-31 13:57:00,-1 days +23:57:00,False,Thu,DL,ATL,TUL,674
2023-10-15 19:51:00,2023-10-15 20:00:00,0 days 00:09:00,False,Sun,DL,ATL,IND,432
2023-10-23 12:29:00,2023-10-23 12:27:00,-1 days +23:58:00,False,Mon,DL,ATL,RDU,356
2023-04-02 06:00:00,2023-04-02 06:09:00,0 days 00:09:00,False,Sun,UA,ATL,EWR,746
2023-04-14 10:05:00,2023-04-14 10:23:00,0 days 00:18:00,True,Fri,DL,ATL,BHM,134
2023-12-04 20:10:00,2023-12-04 20:09:00,-1 days +23:59:00,False,Mon,WN,ATL,DAL,721
2023-08-28 15:10:00,2023-08-28 15:04:00,-1 days +23:54:00,False,Mon,DL,ATL,EYW,646
2023-04-30 23:07:00,2023-04-30 23:02:00,-1 days +23:55:00,False,Sun,DL,ATL,TYS,152
2023-12-12 08:27:00,2023-12-12 08:29:00,0 days 00:02:00,False,Tue,DL,ATL,DFW,731
2023-10-30 07:05:00,2023-10-30 07:08:00,0 days 00:03:00,False,Mon,WN,ATL,HOU,696
2023-05-29 13:40:00,2023-05-29 13:40:00,0 days 00:00:00,False,Mon,DL,ATL,MIA,594
2023-08-02 21:25:00,2023-08-02 21:27:00,0 days 00:02:00,False,Wed,DL,ATL,JFK,760
2023-11-19 12:15:00,2023-11-19 12:15:00,0 days 00:00:00,False,Sun,DL,ATL,LAX,1947
2023-03-06 09:00:00,2023-03-06 08:59:00,-1 days +23:59:00,False,Mon,DL,ATL,SJC,2116
2023-05-18 12:08:00,2023-05-18 12:21:00,0 days 00:13:00,False,Thu,F9,ATL,DFW,731
2023-04-22 18:31:00,2023-04-22 18:23:00,-1 days +23:52:00,False,Sat,DL,ATL,CHA,106
2023-02-19 15:03:00,2023-02-19 15:00:00,-1 days +23:57:00,False,Sun,DL,ATL,GNV,300
2023-06-19 18:44:00,2023-06-19 18:47:00,0 days 00:03:00,False,Mon,DL,ATL,PHX,1587
2023-12-23 08:25:00,2023-12-23 08:20:00,-1 days +23:55:00,False,Sat,DL,ATL,TUL,674
2023-12-25 12:50:00,2023-12-25 12:44:00,-1 days +23:54:00,False,Mon,DL,ATL,DCA,547
2023-11-03 09:16:00,2023-11-03 09:18:00,0 days 00:02:00,False,Fri,DL,ATL,DCA,547
2023-08-30 17:44:00,2023-08-30 18:17:00,0 days 00:33:00,True,Wed,DL,ATL,AUS,813
2023-12-14 19:50:00,2023-12-14 19:45:00,-1 days +23:55:00,False,Thu,DL,ATL,BOS,946
2023-11-14 06:45:00,2023-11-14 06:43:00,-1 days +23:58:00,False,Tue,WN,ATL,LAS,1747
2023-06-10 09:06:00,2023-06-10 09:03:00,-1 days +23:57:00,False,Sat,DL,ATL,ECP,240
2023-07-09 14:00:00,2023-07-09 16:17:00,0 days 02:17:00,True,Sun,WN,ATL,DCA,547
2023-06-21 17:15:00,2023-06-21 17:10:00,-1 days +23:55:00,False,Wed,UA,ATL,IAH,689
2023-05-03 06:40:00,2023-05-03 06:33:00,-1 days +23:53:00,False,Wed,AA,ATL,CLT,226
2023-08-12 19:15:00,2023-08-12 19:53:00,0 days 00:38:00,True,Sat,DL,ATL,RIC,481
2023-11-16 09:48:00,2023-11-16 09:48:00,0 days 00:00:00,False,Thu,DL,ATL,HNL,4502
2023-03-05 11:30:00,2023-03-05 11:36:00,0 days 00:06:00,False,Sun,DL,ATL,MCO,404
2023-07-26 16:48:00,2023-07-26 16:45:00,-1 days +23:57:00,False,Wed,DL,ATL,SMF,2092
2023-09-16 16:40:00,2023-09-16 16:44:00,0 days 00:04:00,False,Sat,DL,ATL,MCO,404
2023-11-27 07:05:00,2023-11-27 07:02:00,-1 days +23:57:00,False,Mon,DL,ATL,MSP,907
2023-12-05 08:00:00,2023-12-05 07:57:00,-1 days +23:57:00,False,Tue,WN,ATL,FLL,581
2023-11-01 08:56:00,2023-11-01 08:55:00,-1 days +23:59:00,False,Wed,YX,ATL,DCA,547
2023-05-26 08:25:00,2023-05-26 08:29:00,0 days 00:04:00,False,Fri,DL,ATL,TPA,406
2023-03-15 06:34:00,2023-03-15 06:37:00,0 days 00:03:00,False,Wed,DL,ATL,DEN,1199
2023-05-29 22:35:00,2023-05-29 22:59:00,0 days 00:24:00,True,Mon,WN,ATL,MSY,425
2023-12-12 12:20:00,2023-12-12 12:15:00,-1 days +23:55:00,False,Tue,9E,ATL,TRI,227
2023-07-16 07:23:00,2023-07-16 07:20:00,-1 days +23:57:00,False,Sun,DL,ATL,CLT,226
2023-05-01 09:05:00,2023-05-01 09:08:00,0 days 00:03:00,False,Mon,DL,ATL,ORD,606
2023-05-15 22:59:00,2023-05-15 23:01:00,0 days 00:02:00,False,Mon,DL,ATL,DTW,594
2023-05-24 14:05:00,2023-05-24 14:02:00,-1 days +23:57:00,False,Wed,WN,ATL,CMH,447
2023-11-10 08:35:00,2023-11-10 09:02:00,0 days 00:27:00,True,Fri,WN,ATL,BWI,577
2023-06-02 16:20:00,2023-06-02 16:16:00,-1 days +23:56:00,False,Fri,DL,ATL,TUL,674
2023-03-16 16:04:00,2023-03-16 16:04:00,0 days 00:00:00,False,Thu,DL,ATL,CHA,106
2023-12-23 10:25:00,2023-12-23 10:25:00,0 days 00:00:00,False,Sat,DL,ATL,BNA,214
2023-05-02 16:39:00,2023-05-02 17:36:00,0 days 00:57:00,True,Tue,DL,ATL,BWI,577
2023-09-06 20:50:00,2023-09-06 20:50:00,0 days 00:00:00,False,Wed,B6,ATL,LGA,762
2023-09-19 22:50:00,2023-09-19 22:32:00,-1 days +23:42:00,False,Tue,DL,ATL,LEX,304
2023-05-09 16:35:00,2023-05-09 16:32:00,-1 days +23:57:00,False,Tue,AA,ATL,DFW,731
2023-07-27 21:28:00,2023-07-27 21:40:00,0 days 00:12:00,False,Thu,DL,ATL,SLC,1590
2023-11-10 10:15:00,2023-11-10 10:09:00,-1 days +23:54:00,False,Fri,DL,ATL,PIT,526
2023-10-06 09:00:00,2023-10-06 08:55:00,-1 days +23:55:00,False,Fri,9E,ATL,ILM,377
2023-11-13 15:43:00,2023-11-13 15:42:00,-1 days +23:59:00,False,Mon,F9,ATL,RDU,356
2023-10-05 15:10:00,2023-10-05 15:06:00,-1 days +23:56:00,False,Thu,DL,ATL,EYW,646
2023-10-11 19:35:00,2023-10-11 19:37:00,0 days 00:02:00,False,Wed,AS,ATL,SEA,2182
2023-01-26 07:25:00,2023-01-26 07:23:00,-1 days +23:58:00,False,Thu,DL,ATL,EWR,746
2023-07-25 11:05:00,2023-07-25 11:03:00,-1 days +23:58:00,False,Tue,DL,ATL,JAN,341
2023-09-25 06:00:00,2023-09-25 06:09:00,0 days 00:09:00,False,Mon,WN,ATL,PHX,1587
2023-08-17 16:55:00,2023-08-17 17:04:00,0 days 00:09:00,False,Thu,NK,ATL,LAX,1947
2023-06-06 08:00:00,2023-06-06 07:59:00,-1 days +23:59:00,False,Tue,DL,ATL,RIC,481
2023-01-02 13:25:00,2023-01-02 13:25:00,0 days 00:00:00,False,Mon,WN,ATL,LIT,453
2023-09-07 12:29:00,2023-09-07 12:28:00,-1 days +23:59:00,False,Thu,DL,ATL,RDU,356
2023-10-18 07:10:00,2023-10-18 07:06:00,-1 days +23:56:00,False,Wed,WN,ATL,STL,484
2023-09-29 08:15:00,2023-09-29 08:27:00,0 days 00:12:00,False,Fri,WN,ATL,FLL,581
2023-10-23 11:55:00,2023-10-23 11:49:00,-1 days +23:54:00,False,Mon,DL,ATL,EWR,746
2023-12-30 06:30:00,2023-12-30 06:25:00,-1 days +23:55:00,False,Sat,UA,ATL,EWR,746
2023-09-13 16:34:00,2023-09-13 16:46:00,0 days 00:12:00,False,Wed,DL,ATL,DAL,721
2023-12-22 20:25:00,2023-12-22 20:55:00,0 days 00:30:00,True,Fri,AA,ATL,PHX,1587
2023-05-30 18:30:00,2023-05-30 18:30:00,0 days 00:00:00,False,Tue,DL,ATL,LAS,1747
2023-07-30 22:40:00,2023-07-30 22:45:00,0 days 00:05:00,False,Sun,DL,ATL,DAL,721
2023-11-01 13:59:00,2023-11-01 13:58:00,-1 days +23:59:00,False,Wed,DL,ATL,IAH,689
2023-10-28 09:00:00,2023-10-28 08:54:00,-1 days +23:54:00,False,Sat,AS,ATL,SEA,2182
2023-10-10 11:16:00,2023-10-10 11:08:00,-1 days +23:52:00,False,Tue,MQ,ATL,MIA,594
2023-07-05 20:55:00,2023-07-05 20:48:00,-1 days +23:53:00,False,Wed,DL,ATL,CID,694
2023-08-30 18:37:00,2023-08-30 18:28:00,-1 days +23:51:00,False,Wed,F9,ATL,SFO,2139
2023-06-18 22:25:00,2023-06-18 22:27:00,0 days 00:02:00,False,Sun,WN,ATL,MCO,404
2023-06-19 16:40:00,2023-06-19 17:02:00,0 days 00:22:00,True,Mon,DL,ATL,MDW,591
2023-09-02 09:15:00,2023-09-02 09:10:00,-1 days +23:55:00,False,Sat,DL,ATL,ILM,377
2023-10-11 18:00:00,2023-10-11 17:56:00,-1 days +23:56:00,False,Wed,DL,ATL,SFO,2139
2023-07-16 11:30:00,2023-07-16 11:32:00,0 days 00:02:00,False,Sun,WN,ATL,DAL,721
2023-02-21 16:20:00,2023-02-21 16:17:00,-1 days +23:57:00,False,Tue,DL,ATL,LGA,762
2023-09-01 15:54:00,2023-09-01 15:54:00,0 days 00:00:00,False,Fri,DL,ATL,MSP,907
2023-06-18 15:22:00,2023-06-18 16:48:00,0 days 01:26:00,True,Sun,DL,ATL,CMH,447
2023-04-01 08:19:00,2023-04-01 08:34:00,0 days 00:15:00,False,Sat,DL,ATL,DEN,1199
2023-07-30 20:55:00,2023-07-30 21:18:00,0 days 00:23:00,True,Sun,NK,ATL,DTW,594
2023-05-29 11:15:00,2023-05-29 11:10:00,-1 days +23:55:00,False,Mon,9E,ATL,AGS,143
2023-01-15 18:03:00,2023-01-15 18:01:00,-1 days +23:58:00,False,Sun,NK,ATL,ORD,606
2023-07-02 09:45:00,2023-07-02 09:43:00,-1 days +23:58:00,False,Sun,WN,ATL,FLL,581
2023-09-16 21:59:00,2023-09-16 22:00:00,0 days 00:01:00,False,Sat,DL,ATL,BUF,712
2023-09-22 20:45:00,2023-09-22 20:42:00,-1 days +23:57:00,False,Fri,DL,ATL,RSW,515
2023-09-21 11:05:00,2023-09-21 11:02:00,-1 days +23:57:00,False,Thu,DL,ATL,SNA,1919
2023-12-27 21:54:00,2023-12-27 21:44:00,-1 days +23:50:00,False,Wed,DL,ATL,ALB,853
2023-06-24 23:30:00,2023-06-25 03:33:00,0 days 04:03:00,True,Sun,DL,ATL,TPA,406
2023-04-02 22:20:00,2023-04-02 22:13:00,-1 days +23:53:00,False,Sun,WN,ATL,MIA,594
2023-11-22 21:09:00,2023-11-22 21:14:00,0 days 00:05:00,False,Wed,DL,ATL,BNA,214
2023-07-04 17:46:00,2023-07-04 17:40:00,-1 days +23:54:00,False,Tue,DL,ATL,SLC,1590
2023-06-21 21:41:00,2023-06-21 22:03:00,0 days 00:22:00,True,Wed,OO,ATL,BMI,533
2023-05-23 18:35:00,2023-05-23 18:33:00,-1 days +23:58:00,False,Tue,DL,ATL,CHA,106
2023-04-18 09:55:00,2023-04-18 09:57:00,0 days 00:02:00,False,Tue,DL,ATL,ONT,1900
2023-10-01 11:00:00,2023-10-01 10:58:00,-1 days +23:58:00,False,Sun,DL,ATL,AVL,164
2023-02-27 17:36:00,2023-02-27 17:33:00,-1 days +23:57:00,False,Mon,YX,ATL,LGA,762
2023-11-14 08:30:00,2023-11-14 08:27:00,-1 days +23:57:00,False,Tue,DL,ATL,ORF,516
2023-09-09 12:30:00,2023-09-09 12:29:00,-1 days +23:59:00,False,Sat,DL,ATL,CVG,373
2023-11-09 14:07:00,2023-11-09 14:02:00,-1 days +23:55:00,False,Thu,9E,ATL,AGS,143
2023-01-09 19:20:00,2023-01-09 19:51:00,0 days 00:31:00,True,Mon,WN,ATL,SAT,874
2023-07-22 20:03:00,2023-07-22 20:32:00,0 days 00:29:00,True,Sat,DL,ATL,SRQ,444
2023-03-11 22:00:00,2023-03-11 22:10:00,0 days 00:10:00,False,Sat,DL,ATL,MEM,332
2023-12-06 14:10:00,2023-12-06 14:16:00,0 days 00:06:00,False,Wed,DL,ATL,DAY,432
2023-02-08 19:55:00,2023-02-08 19:54:00,-1 days +23:59:00,False,Wed,DL,ATL,DCA,547
2023-03-18 12:32:00,2023-03-18 15:06:00,0 days 02:34:00,True,Sat,DL,ATL,BHM,134
2023-10-12 06:20:00,2023-10-12 06:17:00,-1 days +23:57:00,False,Thu,WN,ATL,MCO,404
2023-02-14 06:25:00,2023-02-14 06:22:00,-1 days +23:57:00,False,Tue,WN,ATL,DAL,721
2023-11-26 11:05:00,2023-11-26 11:05:00,0 days 00:00:00,False,Sun,DL,ATL,LAX,1947
2023-10-25 13:48:00,2023-10-25 14:15:00,0 days 00:27:00,True,Wed,DL,ATL,MSP,907
2023-07-28 08:55:00,2023-07-28 09:24:00,0 days 00:29:00,True,Fri,WN,ATL,FLL,581
2023-04-17 19:30:00,2023-04-17 19:29:00,-1 days +23:59:00,False,Mon,DL,ATL,MCO,404
2023-02-23 21:55:00,2023-02-24 00:09:00,0 days 02:14:00,True,Fri,DL,ATL,MCO,404
2023-11-10 23:20:00,2023-11-10 23:19:00,-1 days +23:59:00,False,Fri,DL,ATL,RDU,356
2023-09-14 19:55:00,2023-09-14 20:06:00,0 days 00:11:00,False,Thu,DL,ATL,SLC,1590
2023-09-11 08:20:00,2023-09-11 08:18:00,-1 days +23:58:00,False,Mon,DL,ATL,SRQ,444
2023-07-24 21:14:00,2023-07-24 22:00:00,0 days 00:46:00,True,Mon,DL,ATL,DEN,1199
2023-02-01 21:30:00,2023-02-01 21:39:00,0 days 00:09:00,False,Wed,WN,ATL,RDU,356
2023-10-31 08:33:00,2023-10-31 08:30:00,-1 days +23:57:00,False,Tue,DL,ATL,SRQ,444
2023-08-09 13:44:00,2023-08-09 13:49:00,0 days 00:05:00,False,Wed,UA,ATL,DEN,1199
2023-12-23 17:51:00,2023-12-23 17:48:00,-1 days +23:57:00,False,Sat,DL,ATL,CHS,259
2023-01-13 06:00:00,2023-01-13 05:57:00,-1 days +23:57:00,False,Fri,YX,ATL,LGA,762
2023-09-12 09:55:00,2023-09-12 09:45:00,-1 days +23:50:00,False,Tue,F9,ATL,IAH,689
2023-04-28 15:39:00,2023-04-28 15:38:00,-1 days +23:59:00,False,Fri,DL,ATL,TPA,406
2023-01-12 08:42:00,2023-01-12 08:42:00,0 days 00:00:00,False,Thu,DL,ATL,SAN,1892
2023-09-15 16:09:00,2023-09-15 16:08:00,-1 days +23:59:00,False,Fri,9E,ATL,CAE,192
2023-01-27 08:40:00,2023-01-27 08:40:00,0 days 00:00:00,False,Fri,DL,ATL,FLL,581
2023-09-18 14:51:00,2023-09-18 15:18:00,0 days 00:27:00,True,Mon,B6,ATL,JFK,760
2023-11-06 15:10:00,2023-11-06 15:23:00,0 days 00:13:00,False,Mon,DL,ATL,BNA,214
2023-06-16 15:08:00,2023-06-16 16:01:00,0 days 00:53:00,True,Fri,DL,ATL,JAX,270
2023-09-26 13:47:00,2023-09-26 14:05:00,0 days 00:18:00,True,Tue,DL,ATL,MCO,404
2023-04-26 12:25:00,2023-04-26 12:23:00,-1 days +23:58:00,False,Wed,B6,ATL,JFK,760
2023-03-24 12:51:00,2023-03-24 12:58:00,0 days 00:07:00,False,Fri,DL,ATL,PHL,666
2023-07-14 17:25:00,2023-07-14 17:42:00,0 days 00:17:00,True,Fri,DL,ATL,ORD,606
2023-10-13 22:25:00,2023-10-13 23:00:00,0 days 00:35:00,True,Fri,DL,ATL,CLE,554
2023-05-30 08:10:00,2023-05-30 08:10:00,0 days 00:00:00,False,Tue,DL,ATL,GSO,306
2023-11-10 21:09:00,2023-11-10 21:06:00,-1 days +23:57:00,False,Fri,DL,ATL,DAB,366
2023-04-11 06:00:00,2023-04-11 05:55:00,-1 days +23:55:00,False,Tue,DL,ATL,DTW,594
2023-04-13 08:10:00,2023-04-13 08:09:00,-1 days +23:59:00,False,Thu,DL,ATL,PHX,1587
2023-09-13 08:15:00,2023-09-13 09:01:00,0 days 00:46:00,True,Wed,DL,ATL,MCO,404
2023-10-02 22:25:00,2023-10-02 22:23:00,-1 days +23:58:00,False,Mon,DL,ATL,CMH,447
2023-04-16 22:30:00,2023-04-16 22:29:00,-1 days +23:59:00,False,Sun,DL,ATL,OKC,761
2023-05-18 12:55:00,2023-05-18 13:00:00,0 days 00:05:00,False,Thu,WN,ATL,BNA,214
2023-12-03 09:50:00,2023-12-03 11:23:00,0 days 01:33:00,True,Sun,DL,ATL,SNA,1919
2023-10-06 13:48:00,2023-10-06 14:12:00,0 days 00:24:00,True,Fri,DL,ATL,MCI,692
2023-09-23 11:30:00,2023-09-23 11:26:00,-1 days +23:56:00,False,Sat,OO,ATL,FWA,508
2023-08-04 18:15:00,2023-08-04 18:19:00,0 days 00:04:00,False,Fri,NK,ATL,ORD,606
2023-05-08 16:35:00,2023-05-08 20:58:00,0 days 04:23:00,True,Mon,AA,ATL,DFW,731
2023-06-15 08:15:00,2023-06-15 08:11:00,-1 days +23:56:00,False,Thu,WN,ATL,MCI,692
2023-07-29 22:40:00,2023-07-29 22:41:00,0 days 00:01:00,False,Sat,DL,ATL,BNA,214
2023-11-23 14:15:00,2023-11-23 14:22:00,0 days 00:07:00,False,Thu,DL,ATL,LAX,1947
2023-03-11 09:30:00,2023-03-11 11:00:00,0 days 01:30:00,True,Sat,NK,ATL,MSP,907
2023-09-15 21:38:00,2023-09-15 21:37:00,-1 days +23:59:00,False,Fri,DL,ATL,DTW,594
2023-11-02 09:10:00,2023-11-02 09:09:00,-1 days +23:59:00,False,Thu,DL,ATL,SMF,2092
2023-01-08 09:50:00,2023-01-08 09:44:00,-1 days +23:54:00,False,Sun,DL,ATL,GRR,640
2023-01-26 14:36:00,2023-01-26 15:04:00,0 days 00:28:00,True,Thu,F9,ATL,FLL,581
2023-11-07 22:55:00,2023-11-08 00:03:00,0 days 01:08:00,True,Wed,DL,ATL,ROA,357
2023-11-02 08:15:00,2023-11-02 08:10:00,-1 days +23:55:00,False,Thu,WN,ATL,BWI,577
2023-01-09 07:20:00,2023-01-09 07:59:00,0 days 00:39:00,True,Mon,DL,ATL,IAH,689
2023-10-17 16:20:00,2023-10-17 16:19:00,-1 days +23:59:00,False,Tue,DL,ATL,DTW,594
2023-02-17 19:30:00,2023-02-17 22:54:00,0 days 03:24:00,True,Fri,WN,ATL,SDF,321
2023-03-14 07:10:00,2023-03-14 07:38:00,0 days 00:28:00,True,Tue,DL,ATL,MIA,594
2023-07-25 22:30:00,2023-07-25 22:53:00,0 days 00:23:00,True,Tue,WN,ATL,RDU,356
2023-12-11 20:59:00,2023-12-11 21:02:00,0 days 00:03:00,False,Mon,DL,ATL,EWR,746
2023-03-13 21:26:00,2023-03-13 21:24:00,-1 days +23:58:00,False,Mon,DL,ATL,JAX,270
2023-06-20 16:23:00,2023-06-20 16:18:00,-1 days +23:55:00,False,Tue,DL,ATL,MSN,707
2023-04-08 21:45:00,2023-04-08 21:57:00,0 days 00:12:00,False,Sat,DL,ATL,SAN,1892
2023-02-28 15:59:00,2023-02-28 16:12:00,0 days 00:13:00,False,Tue,DL,ATL,SAN,1892
2023-10-08 17:05:00,2023-10-08 17:03:00,-1 days +23:58:00,False,Sun,DL,ATL,BOS,946
2023-05-14 15:17:00,2023-05-14 15:12:00,-1 days +23:55:00,False,Sun,OO,ATL,MLI,633
2023-04-27 10:04:00,2023-04-27 10:01:00,-1 days +23:57:00,False,Thu,9E,ATL,ILM,377
2023-03-02 13:42:00,2023-03-02 13:46:00,0 days 00:04:00,False,Thu,DL,ATL,MIA,594
2023-01-02 10:00:00,2023-01-02 10:36:00,0 days 00:36:00,True,Mon,DL,ATL,HNL,4502
2023-07-27 21:25:00,2023-07-28 00:51:00,0 days 03:26:00,True,Fri,DL,ATL,BWI,577
2023-02-09 16:05:00,2023-02-09 16:02:00,-1 days +23:57:00,False,Thu,DL,ATL,OMA,821
2023-01-02 12:25:00,2023-01-02 12:19:00,-1 days +23:54:00,False,Mon,DL,ATL,FLL,581
2023-06-10 21:20:00,2023-06-10 21:31:00,0 days 00:11:00,False,Sat,DL,ATL,SLC,1590
2023-09-20 17:55:00,2023-09-20 17:53:00,-1 days +23:58:00,False,Wed,DL,ATL,SLC,1590
2023-01-13 22:30:00,2023-01-13 22:28:00,-1 days +23:58:00,False,Fri,WN,ATL,BWI,577
2023-11-04 21:24:00,2023-11-04 21:20:00,-1 days +23:56:00,False,Sat,DL,ATL,JFK,760
2023-11-18 12:20:00,2023-11-18 12:29:00,0 days 00:09:00,False,Sat,DL,ATL,RSW,515
2023-12-22 15:55:00,2023-12-22 15:51:00,-1 days +23:56:00,False,Fri,NK,ATL,MSY,425
2023-02-10 09:40:00,2023-02-10 09:53:00,0 days 00:13:00,False,Fri,DL,ATL,DCA,547
2023-02-02 11:30:00,2023-02-02 12:53:00,0 days 01:23:00,True,Thu,DL,ATL,PVD,903
2023-04-07 09:43:00,2023-04-07 09:49:00,0 days 00:06:00,False,Fri,DL,ATL,MDT,620
2023-08-23 06:15:00,2023-08-23 06:12:00,-1 days +23:57:00,False,Wed,WN,ATL,MDW,591
2023-12-07 15:40:00,2023-12-07 15:35:00,-1 days +23:55:00,False,Thu,NK,ATL,FLL,581
2023-03-13 11:25:00,2023-03-13 11:41:00,0 days 00:16:00,True,Mon,9E,ATL,VLD,208
2023-08-19 12:50:00,2023-08-19 12:46:00,-1 days +23:56:00,False,Sat,DL,ATL,TYS,152
2023-08-20 10:35:00,2023-08-20 11:08:00,0 days 00:33:00,True,Sun,WN,ATL,MIA,594
2023-09-25 17:00:00,2023-09-25 16:56:00,-1 days +23:56:00,False,Mon,9E,ATL,TLH,223
2023-07-11 20:27:00,2023-07-11 20:44:00,0 days 00:17:00,True,Tue,DL,ATL,COS,1184
2023-05-07 21:12:00,2023-05-07 21:11:00,-1 days +23:59:00,False,Sun,DL,ATL,SMF,2092
2023-12-17 12:17:00,2023-12-17 12:14:00,-1 days +23:57:00,False,Sun,DL,ATL,TPA,406
2023-05-24 18:35:00,2023-05-24 18:35:00,0 days 00:00:00,False,Wed,DL,ATL,LAX,1947
2023-09-01 20:59:00,2023-09-01 21:52:00,0 days 00:53:00,True,Fri,DL,ATL,STL,484
2023-10-02 13:20:00,2023-10-02 13:17:00,-1 days +23:57:00,False,Mon,9E,ATL,ABY,145
2023-10-23 20:40:00,2023-10-23 20:37:00,-1 days +23:57:00,False,Mon,DL,ATL,MEM,332
2023-07-01 20:30:00,2023-07-01 21:19:00,0 days 00:49:00,True,Sat,NK,ATL,LAS,1747
2023-11-05 09:07:00,2023-11-05 09:29:00,0 days 00:22:00,True,Sun,AA,ATL,CLT,226
2023-05-03 10:24:00,2023-05-03 10:21:00,-1 days +23:57:00,False,Wed,DL,ATL,SDF,321
2023-06-09 15:40:00,2023-06-09 15:37:00,-1 days +23:57:00,False,Fri,DL,ATL,SDF,321
2023-01-12 09:44:00,2023-01-12 10:53:00,0 days 01:09:00,True,Thu,DL,ATL,BOI,1838
2023-08-08 19:55:00,2023-08-08 20:27:00,0 days 00:32:00,True,Tue,WN,ATL,PIT,526
2023-09-01 14:39:00,2023-09-01 14:37:00,-1 days +23:58:00,False,Fri,DL,ATL,PHL,666
2023-09-19 17:13:00,2023-09-19 17:12:00,-1 days +23:59:00,False,Tue,DL,ATL,ORF,516
2023-06-10 23:00:00,2023-06-11 01:02:00,0 days 02:02:00,True,Sun,DL,ATL,MIA,594
2023-06-19 09:15:00,2023-06-19 09:14:00,-1 days +23:59:00,False,Mon,DL,ATL,SMF,2092
2023-03-20 19:50:00,2023-03-20 20:57:00,0 days 01:07:00,True,Mon,WN,ATL,CMH,447
2023-09-19 10:04:00,2023-09-19 10:00:00,-1 days +23:56:00,False,Tue,DL,ATL,DEN,1199
2023-09-28 14:47:00,2023-09-28 14:53:00,0 days 00:06:00,False,Thu,DL,ATL,ORF,516
2023-03-29 06:50:00,2023-03-29 06:50:00,0 days 00:00:00,False,Wed,DL,ATL,MSP,907
2023-05-31 11:00:00,2023-05-31 10:58:00,-1 days +23:58:00,False,Wed,DL,ATL,BOS,946
2023-10-09 08:10:00,2023-10-09 08:08:00,-1 days +23:58:00,False,Mon,DL,ATL,PBI,545
2023-09-19 14:38:00,2023-09-19 14:46:00,0 days 00:08:00,False,Tue,F9,ATL,RDU,356
2023-08-08 22:25:00,2023-08-08 22:22:00,-1 days +23:57:00,False,Tue,DL,ATL,ALB,853
2023-02-23 11:57:00,2023-02-23 11:52:00,-1 days +23:55:00,False,Thu,DL,ATL,GNV,300
2023-07-25 17:45:00,2023-07-25 17:45:00,0 days 00:00:00,False,Tue,DL,ATL,RDU,356
2023-03-09 06:55:00,2023-03-09 06:45:00,-1 days +23:50:00,False,Thu,F9,ATL,MSY,425
2023-07-09 09:05:00,2023-07-09 09:00:00,-1 days +23:55:00,False,Sun,DL,ATL,SNA,1919
2023-11-12 21:57:00,2023-11-12 21:53:00,-1 days +23:56:00,False,Sun,9E,ATL,CRW,363
2023-12-09 14:10:00,2023-12-09 14:06:00,-1 days +23:56:00,False,Sat,DL,ATL,SRQ,444
2023-11-17 17:26:00,2023-11-17 17:21:00,-1 days +23:55:00,False,Fri,DL,ATL,SRQ,444
2023-11-24 10:38:00,2023-11-24 10:31:00,-1 days +23:53:00,False,Fri,DL,ATL,RDU,356
2023-03-09 08:15:00,2023-03-09 08:19:00,0 days 00:04:00,False,Thu,DL,ATL,STL,484
2023-11-17 08:15:00,2023-11-17 08:14:00,-1 days +23:59:00,False,Fri,DL,ATL,MKE,669
2023-09-05 10:50:00,2023-09-05 10:55:00,0 days 00:05:00,False,Tue,WN,ATL,JAX,270
2023-05-05 08:16:00,2023-05-05 08:13:00,-1 days +23:57:00,False,Fri,DL,ATL,HSV,151
2023-02-15 22:10:00,2023-02-15 22:09:00,-1 days +23:59:00,False,Wed,DL,ATL,MIA,594
2023-08-24 12:48:00,2023-08-24 12:45:00,-1 days +23:57:00,False,Thu,DL,ATL,PWM,1027
2023-05-24 20:20:00,2023-05-24 20:59:00,0 days 00:39:00,True,Wed,WN,ATL,MKE,669
2023-12-13 21:05:00,2023-12-13 21:04:00,-1 days +23:59:00,False,Wed,DL,ATL,HOU,696
2023-05-15 21:00:00,2023-05-15 21:23:00,0 days 00:23:00,True,Mon,NK,ATL,MSY,425
2023-03-25 10:20:00,2023-03-25 11:38:00,0 days 01:18:00,True,Sat,DL,ATL,CLE,554
2023-05-13 17:40:00,2023-05-13 17:35:00,-1 days +23:55:00,False,Sat,DL,ATL,CLT,226
2023-07-20 12:43:00,2023-07-20 12:33:00,-1 days +23:50:00,False,Thu,NK,ATL,TPA,406
2023-06-22 11:10:00,2023-06-22 11:06:00,-1 days +23:56:00,False,Thu,DL,ATL,BNA,214
2023-11-20 22:25:00,2023-11-20 22:24:00,-1 days +23:59:00,False,Mon,DL,ATL,FLL,581
2023-03-22 21:50:00,2023-03-22 21:58:00,0 days 00:08:00,False,Wed,DL,ATL,EWR,746
2023-10-07 11:15:00,2023-10-07 12:02:00,0 days 00:47:00,True,Sat,DL,ATL,ROC,749
2023-07-31 16:27:00,2023-07-31 16:28:00,0 days 00:01:00,False,Mon,DL,ATL,SAV,214
2023-09-15 16:40:00,2023-09-15 21:54:00,0 days 05:14:00,True,Fri,DL,ATL,MSP,907
2023-07-15 17:58:00,2023-07-15 17:59:00,0 days 00:01:00,False,Sat,9E,ATL,GSP,153
2023-11-18 12:25:00,2023-11-18 12:20:00,-1 days +23:55:00,False,Sat,DL,ATL,RDU,356
2023-01-22 17:17:00,2023-01-22 17:18:00,0 days 00:01:00,False,Sun,MQ,ATL,ORD,606
2023-02-20 06:45:00,2023-02-20 06:41:00,-1 days +23:56:00,False,Mon,AA,ATL,CLT,226
2023-02-08 18:30:00,2023-02-08 18:17:00,-1 days +23:47:00,False,Wed,DL,ATL,LIT,453
2023-11-22 21:16:00,2023-11-22 21:07:00,-1 days +23:51:00,False,Wed,9E,ATL,ABE,692
2023-08-11 17:14:00,2023-08-11 17:19:00,0 days 00:05:00,False,Fri,UA,ATL,IAH,689
2023-03-19 21:15:00,2023-03-19 21:12:00,-1 days +23:57:00,False,Sun,DL,ATL,GSP,153
2023-10-23 17:30:00,2023-10-23 17:31:00,0 days 00:01:00,False,Mon,DL,ATL,ONT,1900
2023-06-04 07:30:00,2023-06-04 07:29:00,-1 days +23:59:00,False,Sun,DL,ATL,IAH,689
2023-03-29 22:41:00,2023-03-29 22:30:00,-1 days +23:49:00,False,Wed,DL,ATL,GSO,306
2023-03-20 18:39:00,2023-03-20 18:35:00,-1 days +23:56:00,False,Mon,DL,ATL,BHM,134
2023-08-19 22:44:00,2023-08-19 22:41:00,-1 days +23:57:00,False,Sat,DL,ATL,BUF,712
2023-10-12 09:12:00,2023-10-12 09:13:00,0 days 00:01:00,False,Thu,9E,ATL,MGM,147
2023-05-22 15:40:00,2023-05-22 15:34:00,-1 days +23:54:00,False,Mon,DL,ATL,MEM,332
2023-11-30 10:15:00,2023-11-30 10:16:00,0 days 00:01:00,False,Thu,DL,ATL,RSW,515
2023-07-02 07:55:00,2023-07-02 07:56:00,0 days 00:01:00,False,Sun,F9,ATL,LGA,762
2023-09-04 12:08:00,2023-09-04 12:04:00,-1 days +23:56:00,False,Mon,DL,ATL,STL,484
2023-04-01 16:30:00,2023-04-01 16:36:00,0 days 00:06:00,False,Sat,WN,ATL,JAN,341
2023-06-07 11:35:00,2023-06-07 11:30:00,-1 days +23:55:00,False,Wed,DL,ATL,AUS,813
2023-06-23 19:55:00,2023-06-23 21:01:00,0 days 01:06:00,True,Fri,DL,ATL,SLC,1590
2023-07-03 18:00:00,2023-07-03 17:59:00,-1 days +23:59:00,False,Mon,DL,ATL,FLL,581
2023-12-14 17:25:00,2023-12-14 17:20:00,-1 days +23:55:00,False,Thu,DL,ATL,SJC,2116
2023-11-16 09:20:00,2023-11-16 09:17:00,-1 days +23:57:00,False,Thu,OO,ATL,MGM,147
2023-10-22 13:44:00,2023-10-22 13:36:00,-1 days +23:52:00,False,Sun,9E,ATL,GTR,241
2023-02-26 13:32:00,2023-02-26 13:31:00,-1 days +23:59:00,False,Sun,DL,ATL,DEN,1199
2023-08-27 08:15:00,2023-08-27 08:34:00,0 days 00:19:00,True,Sun,DL,ATL,CHA,106
2023-07-15 11:20:00,2023-07-15 11:16:00,-1 days +23:56:00,False,Sat,9E,ATL,XNA,589
2023-05-02 21:56:00,2023-05-02 21:54:00,-1 days +23:58:00,False,Tue,DL,ATL,BUF,712
2023-02-25 11:21:00,2023-02-25 11:17:00,-1 days +23:56:00,False,Sat,DL,ATL,CVG,373
2023-06-09 10:20:00,2023-06-09 10:28:00,0 days 00:08:00,False,Fri,NK,ATL,FLL,581
2023-10-10 12:20:00,2023-10-10 12:19:00,-1 days +23:59:00,False,Tue,WN,ATL,LIT,453
2023-07-18 05:50:00,2023-07-18 05:44:00,-1 days +23:54:00,False,Tue,AA,ATL,DFW,731
2023-06-28 09:40:00,2023-06-28 10:26:00,0 days 00:46:00,True,Wed,DL,ATL,DTW,594
2023-07-20 11:04:00,2023-07-20 11:23:00,0 days 00:19:00,True,Thu,DL,ATL,BUF,712
2023-11-22 08:05:00,2023-11-22 08:10:00,0 days 00:05:00,False,Wed,WN,ATL,PHL,666
2023-11-19 21:30:00,2023-11-19 21:27:00,-1 days +23:57:00,False,Sun,DL,ATL,LGA,762
2023-07-29 10:15:00,2023-07-29 10:16:00,0 days 00:01:00,False,Sat,DL,ATL,SFO,2139
2023-10-18 07:13:00,2023-10-18 07:03:00,-1 days +23:50:00,False,Wed,B6,ATL,LGA,762
2023-04-03 08:52:00,2023-04-03 08:50:00,-1 days +23:58:00,False,Mon,9E,ATL,DAY,432
2023-11-22 18:30:00,2023-11-22 18:26:00,-1 days +23:56:00,False,Wed,DL,ATL,LGA,762
2023-05-13 19:45:00,2023-05-13 20:05:00,0 days 00:20:00,True,Sat,DL,ATL,BWI,577
2023-03-02 08:15:00,2023-03-02 08:12:00,-1 days +23:57:00,False,Thu,DL,ATL,SDF,321
2023-05-04 15:17:00,2023-05-04 15:22:00,0 days 00:05:00,False,Thu,OO,ATL,MLI,633
2023-10-28 13:59:00,2023-10-28 13:53:00,-1 days +23:54:00,False,Sat,DL,ATL,CMH,447
2023-09-05 21:50:00,2023-09-05 21:43:00,-1 days +23:53:00,False,Tue,DL,ATL,OAJ,399
2023-07-02 14:19:00,2023-07-02 14:23:00,0 days 00:04:00,False,Sun,F9,ATL,BUF,712
2023-01-23 21:20:00,2023-01-23 21:14:00,-1 days +23:54:00,False,Mon,DL,ATL,GSP,153
2023-04-17 11:00:00,2023-04-17 11:46:00,0 days 00:46:00,True,Mon,DL,ATL,LGA,762
2023-08-24 11:35:00,2023-08-24 13:11:00,0 days 01:36:00,True,Thu,NK,ATL,SJU,1547
2023-04-27 08:30:00,2023-04-27 09:00:00,0 days 00:30:00,True,Thu,WN,ATL,JAN,341
2023-05-26 22:55:00,2023-05-26 23:52:00,0 days 00:57:00,True,Fri,DL,ATL,LAS,1747
2023-02-05 14:05:00,2023-02-05 14:02:00,-1 days +23:57:00,False,Sun,DL,ATL,GRR,640
2023-08-13 18:31:00,2023-08-13 18:26:00,-1 days +23:55:00,False,Sun,DL,ATL,DEN,1199
2023-05-05 11:21:00,2023-05-05 11:17:00,-1 days +23:56:00,False,Fri,YX,ATL,DCA,547
2023-10-18 15:20:00,2023-10-18 15:17:00,-1 days +23:57:00,False,Wed,OO,ATL,EVV,350
2023-03-01 07:21:00,2023-03-01 07:21:00,0 days 00:00:00,False,Wed,DL,ATL,PHL,666
2023-10-07 21:10:00,2023-10-07 21:07:00,-1 days +23:57:00,False,Sat,9E,ATL,ABE,692
2023-01-05 18:40:00,2023-01-05 18:34:00,-1 days +23:54:00,False,Thu,NK,ATL,FLL,581
2023-07-15 09:04:00,2023-07-15 09:00:00,-1 days +23:56:00,False,Sat,9E,ATL,DAY,432
2023-08-13 18:05:00,2023-08-13 18:51:00,0 days 00:46:00,True,Sun,DL,ATL,JAX,270
2023-12-07 14:25:00,2023-12-07 14:22:00,-1 days +23:57:00,False,Thu,WN,ATL,MCI,692
2023-02-20 08:30:00,2023-02-20 08:44:00,0 days 00:14:00,False,Mon,DL,ATL,RSW,515
2023-03-30 10:10:00,2023-03-30 10:25:00,0 days 00:15:00,False,Thu,DL,ATL,IND,432
2023-05-09 14:15:00,2023-05-09 14:15:00,0 days 00:00:00,False,Tue,9E,ATL,ILM,377
2023-01-16 11:12:00,2023-01-16 11:24:00,0 days 00:12:00,False,Mon,UA,ATL,EWR,746
2023-12-29 11:50:00,2023-12-29 11:47:00,-1 days +23:57:00,False,Fri,DL,ATL,MSY,425
2023-03-25 10:05:00,2023-03-25 10:04:00,-1 days +23:59:00,False,Sat,OO,ATL,LFT,503
2023-06-15 10:10:00,2023-06-15 10:25:00,0 days 00:15:00,False,Thu,DL,ATL,PHL,666
2023-06-25 08:55:00,2023-06-25 08:54:00,-1 days +23:59:00,False,Sun,9E,ATL,DHN,170
2023-01-26 22:55:00,2023-01-26 22:47:00,-1 days +23:52:00,False,Thu,DL,ATL,VPS,250
2023-03-08 10:00:00,2023-03-08 09:57:00,-1 days +23:57:00,False,Wed,DL,ATL,SJU,1547
2023-01-23 11:31:00,2023-01-23 11:28:00,-1 days +23:57:00,False,Mon,DL,ATL,DEN,1199
2023-09-25 06:10:00,2023-09-25 06:26:00,0 days 00:16:00,True,Mon,B6,ATL,JFK,760
2023-08-11 09:54:00,2023-08-11 10:08:00,0 days 00:14:00,False,Fri,DL,ATL,DSM,743
2023-10-30 07:50:00,2023-10-30 08:44:00,0 days 00:54:00,True,Mon,AA,ATL,DFW,731
2023-08-17 16:10:00,2023-08-17 16:08:00,-1 days +23:58:00,False,Thu,DL,ATL,DCA,547
2023-05-04 07:05:00,2023-05-04 07:05:00,0 days 00:00:00,False,Thu,WN,ATL,MCO,404
2023-02-03 09:11:00,2023-02-03 09:40:00,0 days 00:29:00,True,Fri,DL,ATL,AVL,164
2023-12-27 13:40:00,2023-12-27 13:40:00,0 days 00:00:00,False,Wed,NK,ATL,LAX,1947
2023-05-14 09:40:00,2023-05-14 09:37:00,-1 days +23:57:00,False,Sun,OO,ATL,SHV,551
2023-08-03 21:15:00,2023-08-03 21:27:00,0 days 00:12:00,False,Thu,DL,ATL,SEA,2182
2023-09-22 11:24:00,2023-09-22 11:20:00,-1 days +23:56:00,False,Fri,DL,ATL,EYW,646
2023-01-31 09:25:00,2023-01-31 09:23:00,-1 days +23:58:00,False,Tue,NK,ATL,PHL,666
2023-08-24 20:27:00,2023-08-24 20:24:00,-1 days +23:57:00,False,Thu,DL,ATL,IAD,534
2023-03-02 22:55:00,2023-03-02 22:42:00,-1 days +23:47:00,False,Thu,9E,ATL,XNA,589
2023-04-24 11:55:00,2023-04-24 11:52:00,-1 days +23:57:00,False,Mon,OO,ATL,SBN,566
2023-07-28 08:10:00,2023-07-28 08:13:00,0 days 00:03:00,False,Fri,DL,ATL,PHX,1587
2023-03-10 20:45:00,2023-03-10 22:10:00,0 days 01:25:00,True,Fri,OO,ATL,MLI,633
2023-11-11 13:03:00,2023-11-11 13:00:00,-1 days +23:57:00,False,Sat,DL,ATL,TYS,152
2023-03-25 17:55:00,2023-03-25 18:17:00,0 days 00:22:00,True,Sat,DL,ATL,RDU,356
2023-07-15 06:20:00,2023-07-15 06:22:00,0 days 00:02:00,False,Sat,DL,ATL,MCO,404
2023-09-26 17:24:00,2023-09-26 18:04:00,0 days 00:40:00,True,Tue,DL,ATL,TPA,406
2023-01-27 21:50:00,2023-01-27 21:41:00,-1 days +23:51:00,False,Fri,DL,ATL,SFO,2139
2023-11-18 10:15:00,2023-11-18 10:12:00,-1 days +23:57:00,False,Sat,DL,ATL,SLC,1590
2023-02-25 09:14:00,2023-02-25 09:10:00,-1 days +23:56:00,False,Sat,DL,ATL,OMA,821
2023-05-13 12:55:00,2023-05-13 12:53:00,-1 days +23:58:00,False,Sat,9E,ATL,CSG,83
2023-10-06 23:00:00,2023-10-06 22:57:00,-1 days +23:57:00,False,Fri,DL,ATL,LIT,453
2023-06-27 05:30:00,2023-06-27 06:21:00,0 days 00:51:00,True,Tue,F9,ATL,LAS,1747
2023-11-25 08:20:00,2023-11-25 08:15:00,-1 days +23:55:00,False,Sat,9E,ATL,HSV,151
2023-06-15 20:47:00,2023-06-15 20:43:00,-1 days +23:56:00,False,Thu,DL,ATL,EWR,746
2023-08-10 10:10:00,2023-08-10 10:05:00,-1 days +23:55:00,False,Thu,DL,ATL,GSO,306
2023-05-03 11:00:00,2023-05-03 10:59:00,-1 days +23:59:00,False,Wed,DL,ATL,JAX,270
2023-02-24 12:20:00,2023-02-24 12:23:00,0 days 00:03:00,False,Fri,DL,ATL,MEM,332
2023-03-08 21:45:00,2023-03-08 22:01:00,0 days 00:16:00,True,Wed,9E,ATL,XNA,589
2023-08-15 16:38:00,2023-08-15 16:36:00,-1 days +23:58:00,False,Tue,DL,ATL,RIC,481
2023-08-03 14:00:00,2023-08-03 13:57:00,-1 days +23:57:00,False,Thu,DL,ATL,SJU,1547
2023-07-03 16:44:00,2023-07-03 16:40:00,-1 days +23:56:00,False,Mon,9E,ATL,BQK,238
2023-05-21 23:35:00,2023-05-22 00:24:00,0 days 00:49:00,True,Mon,DL,ATL,CAE,192
2023-09-22 20:20:00,2023-09-22 20:16:00,-1 days +23:56:00,False,Fri,DL,ATL,BOI,1838
2023-03-24 08:45:00,2023-03-24 08:42:00,-1 days +23:57:00,False,Fri,DL,ATL,OMA,821
2023-12-06 13:20:00,2023-12-06 13:30:00,0 days 00:10:00,False,Wed,WN,ATL,JAN,341
2023-11-10 15:30:00,2023-11-10 15:37:00,0 days 00:07:00,False,Fri,WN,ATL,DAL,721
2023-07-22 23:00:00,2023-07-22 23:11:00,0 days 00:11:00,False,Sat,DL,ATL,SDF,321
2023-02-15 18:40:00,2023-02-15 18:45:00,0 days 00:05:00,False,Wed,NK,ATL,FLL,581
2023-03-13 06:00:00,2023-03-13 06:02:00,0 days 00:02:00,False,Mon,DL,ATL,DTW,594
2023-08-08 18:20:00,2023-08-08 18:29:00,0 days 00:09:00,False,Tue,WN,ATL,DEN,1199
2023-12-02 08:10:00,2023-12-02 08:38:00,0 days 00:28:00,True,Sat,DL,ATL,SAV,214
2023-05-15 20:59:00,2023-05-15 20:55:00,-1 days +23:56:00,False,Mon,DL,ATL,LAX,1947
2023-12-18 14:20:00,2023-12-18 14:36:00,0 days 00:16:00,True,Mon,WN,ATL,TPA,406
2023-05-10 11:09:00,2023-05-10 11:07:00,-1 days +23:58:00,False,Wed,DL,ATL,LIT,453
2023-06-05 20:57:00,2023-06-05 20:54:00,-1 days +23:57:00,False,Mon,OO,ATL,LFT,503
2023-08-01 08:25:00,2023-08-01 08:52:00,0 days 00:27:00,True,Tue,WN,ATL,MKE,669
2023-11-08 22:30:00,2023-11-08 22:25:00,-1 days +23:55:00,False,Wed,DL,ATL,DEN,1199
2023-11-26 22:02:00,2023-11-26 22:00:00,-1 days +23:58:00,False,Sun,DL,ATL,TRI,227
2023-10-14 19:55:00,2023-10-14 20:31:00,0 days 00:36:00,True,Sat,DL,ATL,RIC,481
2023-05-24 18:07:00,2023-05-24 21:05:00,0 days 02:58:00,True,Wed,DL,ATL,JAX,270
2023-03-07 17:30:00,2023-03-07 17:25:00,-1 days +23:55:00,False,Tue,DL,ATL,RDU,356
2023-08-24 21:25:00,2023-08-24 22:59:00,0 days 01:34:00,True,Thu,DL,ATL,JFK,760
2023-10-19 15:41:00,2023-10-19 15:36:00,-1 days +23:55:00,False,Thu,9E,ATL,HPN,780
2023-06-25 16:49:00,2023-06-25 17:10:00,0 days 00:21:00,True,Sun,OO,ATL,TRI,227
2023-11-20 20:45:00,2023-11-20 20:42:00,-1 days +23:57:00,False,Mon,DL,ATL,GNV,300
2023-02-02 16:20:00,2023-02-02 16:16:00,-1 days +23:56:00,False,Thu,DL,ATL,LGA,762
2023-03-15 16:10:00,2023-03-15 16:20:00,0 days 00:10:00,False,Wed,NK,ATL,BWI,577
2023-08-15 08:25:00,2023-08-15 08:26:00,0 days 00:01:00,False,Tue,DL,ATL,LEX,304
2023-10-12 18:40:00,2023-10-12 18:54:00,0 days 00:14:00,False,Thu,DL,ATL,MSY,425
2023-09-06 22:05:00,2023-09-06 22:07:00,0 days 00:02:00,False,Wed,OO,ATL,MGM,147
2023-04-21 22:25:00,2023-04-21 22:59:00,0 days 00:34:00,True,Fri,DL,ATL,TPA,406
2023-03-01 09:00:00,2023-03-01 08:57:00,-1 days +23:57:00,False,Wed,NK,ATL,FLL,581
2023-02-17 08:55:00,2023-02-17 08:52:00,-1 days +23:57:00,False,Fri,WN,ATL,SDF,321
2023-06-07 17:44:00,2023-06-07 18:17:00,0 days 00:33:00,True,Wed,DL,ATL,LIT,453
2023-03-29 10:00:00,2023-03-29 09:56:00,-1 days +23:56:00,False,Wed,NK,ATL,FLL,581
2023-07-10 09:40:00,2023-07-10 10:03:00,0 days 00:23:00,True,Mon,DL,ATL,PBI,545
2023-11-30 21:55:00,2023-11-30 21:50:00,-1 days +23:55:00,False,Thu,WN,ATL,HOU,696
2023-02-07 14:22:00,2023-02-07 14:21:00,-1 days +23:59:00,False,Tue,DL,ATL,EWR,746
2023-09-16 16:32:00,2023-09-16 16:29:00,-1 days +23:57:00,False,Sat,UA,ATL,DEN,1199
2023-01-01 21:25:00,2023-01-01 21:33:00,0 days 00:08:00,False,Sun,DL,ATL,AVL,164
2023-07-30 20:29:00,2023-07-30 22:49:00,0 days 02:20:00,True,Sun,B6,ATL,LGA,762
2023-07-14 11:28:00,2023-07-14 11:32:00,0 days 00:04:00,False,Fri,DL,ATL,SRQ,444
2023-02-02 14:10:00,2023-02-02 14:06:00,-1 days +23:56:00,False,Thu,DL,ATL,DTW,594
2023-12-26 12:28:00,2023-12-26 14:10:00,0 days 01:42:00,True,Tue,9E,ATL,VLD,208
2023-05-15 13:15:00,2023-05-15 13:21:00,0 days 00:06:00,False,Mon,NK,ATL,ORD,606
2023-03-16 13:34:00,2023-03-16 13:29:00,-1 days +23:55:00,False,Thu,DL,ATL,MKE,669
2023-12-24 21:41:00,2023-12-24 21:42:00,0 days 00:01:00,False,Sun,DL,ATL,BDL,859
2023-09-19 19:15:00,2023-09-19 19:12:00,-1 days +23:57:00,False,Tue,WN,ATL,AUS,813
2023-06-29 16:35:00,2023-06-29 17:43:00,0 days 01:08:00,True,Thu,WN,ATL,DAL,721
2023-08-10 12:22:00,2023-08-10 12:58:00,0 days 00:36:00,True,Thu,DL,ATL,ORF,516
2023-11-18 13:30:00,2023-11-18 13:25:00,-1 days +23:55:00,False,Sat,9E,ATL,MOB,302
2023-10-21 06:01:00,2023-10-21 05:58:00,-1 days +23:57:00,False,Sat,AA,ATL,DFW,731
2023-05-16 15:22:00,2023-05-16 16:09:00,0 days 00:47:00,True,Tue,DL,ATL,MCO,404
2023-05-03 23:00:00,2023-05-03 22:58:00,-1 days +23:58:00,False,Wed,DL,ATL,VPS,250
2023-02-25 11:00:00,2023-02-25 11:00:00,0 days 00:00:00,False,Sat,DL,ATL,EGE,1312
2023-08-21 12:07:00,2023-08-21 12:05:00,-1 days +23:58:00,False,Mon,DL,ATL,FLL,581
2023-03-27 19:15:00,2023-03-27 19:35:00,0 days 00:20:00,True,Mon,DL,ATL,DCA,547
2023-03-08 11:00:00,2023-03-08 10:58:00,-1 days +23:58:00,False,Wed,DL,ATL,EGE,1312
2023-07-03 21:15:00,2023-07-03 23:47:00,0 days 02:32:00,True,Mon,NK,ATL,MSY,425
2023-06-03 09:12:00,2023-06-03 09:11:00,-1 days +23:59:00,False,Sat,DL,ATL,SMF,2092
2023-12-15 15:28:00,2023-12-15 15:21:00,-1 days +23:53:00,False,Fri,F9,ATL,MCO,404
2023-08-24 21:59:00,2023-08-24 22:46:00,0 days 00:47:00,True,Thu,DL,ATL,TPA,406
2023-01-05 12:37:00,2023-01-05 12:35:00,-1 days +23:58:00,False,Thu,DL,ATL,TUS,1541
2023-05-06 11:21:00,2023-05-06 11:50:00,0 days 00:29:00,True,Sat,DL,ATL,SAN,1892
2023-02-02 12:33:00,2023-02-02 12:29:00,-1 days +23:56:00,False,Thu,DL,ATL,TLH,223
2023-12-10 08:55:00,2023-12-10 09:04:00,0 days 00:09:00,False,Sun,9E,ATL,TRI,227
2023-10-02 15:24:00,2023-10-02 15:26:00,0 days 00:02:00,False,Mon,DL,ATL,IND,432
2023-04-14 09:45:00,2023-04-14 10:13:00,0 days 00:28:00,True,Fri,WN,ATL,PIT,526
2023-07-01 14:04:00,2023-07-01 14:19:00,0 days 00:15:00,False,Sat,DL,ATL,BHM,134
2023-06-03 14:58:00,2023-06-03 16:02:00,0 days 01:04:00,True,Sat,F9,ATL,PHX,1587
2023-09-10 06:40:00,2023-09-10 06:31:00,-1 days +23:51:00,False,Sun,AA,ATL,CLT,226
2023-12-13 15:01:00,2023-12-13 14:59:00,-1 days +23:58:00,False,Wed,DL,ATL,PNS,271
2023-11-08 19:45:00,2023-11-08 19:53:00,0 days 00:08:00,False,Wed,DL,ATL,ECP,240
2023-07-31 08:25:00,2023-07-31 08:27:00,0 days 00:02:00,False,Mon,DL,ATL,CHA,106
2023-01-15 12:15:00,2023-01-15 12:13:00,-1 days +23:58:00,False,Sun,DL,ATL,LGA,762
2023-04-10 09:40:00,2023-04-10 09:39:00,-1 days +23:59:00,False,Mon,OO,ATL,AGS,143
2023-08-14 19:49:00,2023-08-14 19:49:00,0 days 00:00:00,False,Mon,DL,ATL,SAV,214
2023-07-27 22:30:00,2023-07-27 22:30:00,0 days 00:00:00,False,Thu,DL,ATL,DEN,1199
2023-12-27 09:10:00,2023-12-27 09:06:00,-1 days +23:56:00,False,Wed,F9,ATL,BWI,577
2023-01-02 14:29:00,2023-01-02 15:03:00,0 days 00:34:00,True,Mon,DL,ATL,MEM,332
2023-07-16 23:40:00,2023-07-17 08:00:00,0 days 08:20:00,True,Mon,DL,ATL,HSV,151
2023-12-07 12:55:00,2023-12-07 12:50:00,-1 days +23:55:00,False,Thu,9E,ATL,MOB,302
2023-05-05 07:35:00,2023-05-05 07:31:00,-1 days +23:56:00,False,Fri,DL,ATL,RIC,481
2023-01-09 07:15:00,2023-01-09 07:13:00,-1 days +23:58:00,False,Mon,WN,ATL,HOU,696
2023-04-07 22:59:00,2023-04-07 22:53:00,-1 days +23:54:00,False,Fri,DL,ATL,CVG,373
2023-05-28 14:40:00,2023-05-28 14:41:00,0 days 00:01:00,False,Sun,WN,ATL,RIC,481
2023-05-05 23:12:00,2023-05-05 23:18:00,0 days 00:06:00,False,Fri,F9,ATL,TPA,406
2023-04-22 07:15:00,2023-04-22 07:21:00,0 days 00:06:00,False,Sat,DL,ATL,CMH,447
2023-10-25 08:10:00,2023-10-25 08:03:00,-1 days +23:53:00,False,Wed,DL,ATL,SDF,321
2023-04-26 15:59:00,2023-04-26 16:00:00,0 days 00:01:00,False,Wed,9E,ATL,CHO,457
2023-04-12 09:30:00,2023-04-12 09:41:00,0 days 00:11:00,False,Wed,DL,ATL,MCO,404
2023-02-22 18:55:00,2023-02-22 19:08:00,0 days 00:13:00,False,Wed,DL,ATL,DCA,547
2023-03-04 11:05:00,2023-03-04 11:14:00,0 days 00:09:00,False,Sat,WN,ATL,LGA,762
2023-02-26 22:55:00,2023-02-26 22:54:00,-1 days +23:59:00,False,Sun,DL,ATL,JAN,341
2023-09-07 14:42:00,2023-09-07 14:43:00,0 days 00:01:00,False,Thu,DL,ATL,RDU,356
2023-08-31 09:20:00,2023-08-31 09:54:00,0 days 00:34:00,True,Thu,DL,ATL,ROC,749
2023-09-18 09:15:00,2023-09-18 09:14:00,-1 days +23:59:00,False,Mon,DL,ATL,DCA,547
2023-04-02 16:40:00,2023-04-02 18:00:00,0 days 01:20:00,True,Sun,NK,ATL,EWR,746
2023-01-30 06:50:00,2023-01-30 06:51:00,0 days 00:01:00,False,Mon,NK,ATL,LAX,1947
2023-01-12 21:13:00,2023-01-12 21:45:00,0 days 00:32:00,True,Thu,DL,ATL,RIC,481
2023-07-20 09:25:00,2023-07-20 10:01:00,0 days 00:36:00,True,Thu,DL,ATL,CVG,373
2023-04-19 13:24:00,2023-04-19 13:40:00,0 days 00:16:00,True,Wed,DL,ATL,BOS,946
2023-07-09 17:40:00,2023-07-09 17:51:00,0 days 00:11:00,False,Sun,WN,ATL,GSP,153
2023-11-05 17:17:00,2023-11-05 17:52:00,0 days 00:35:00,True,Sun,DL,ATL,BHM,134
2023-12-19 16:27:00,2023-12-19 16:23:00,-1 days +23:56:00,False,Tue,DL,ATL,MKE,669
2023-03-25 11:05:00,2023-03-25 12:12:00,0 days 01:07:00,True,Sat,DL,ATL,LIT,453
2023-03-11 08:10:00,2023-03-11 08:07:00,-1 days +23:57:00,False,Sat,DL,ATL,CHS,259
2023-11-20 19:55:00,2023-11-20 19:54:00,-1 days +23:59:00,False,Mon,DL,ATL,JAX,270
2023-08-22 10:10:00,2023-08-22 10:06:00,-1 days +23:56:00,False,Tue,DL,ATL,MSP,907
2023-09-30 20:17:00,2023-09-30 20:25:00,0 days 00:08:00,False,Sat,DL,ATL,SRQ,444
2023-09-02 13:57:00,2023-09-02 13:53:00,-1 days +23:56:00,False,Sat,9E,ATL,EVV,350
2023-02-20 09:11:00,2023-02-20 09:08:00,-1 days +23:57:00,False,Mon,DL,ATL,LEX,304
2023-10-12 11:55:00,2023-10-12 11:51:00,-1 days +23:56:00,False,Thu,DL,ATL,GNV,300
2023-02-03 19:52:00,2023-02-03 19:50:00,-1 days +23:58:00,False,Fri,DL,ATL,SRQ,444
2023-12-24 09:25:00,2023-12-24 09:52:00,0 days 00:27:00,True,Sun,OO,ATL,FWA,508
2023-05-15 13:45:00,2023-05-15 13:42:00,-1 days +23:57:00,False,Mon,DL,ATL,EWR,746
2023-07-02 20:29:00,2023-07-02 20:25:00,-1 days +23:56:00,False,Sun,AA,ATL,CLT,226
2023-04-05 21:45:00,2023-04-05 21:42:00,-1 days +23:57:00,False,Wed,OO,ATL,BMI,533
2023-02-14 17:45:00,2023-02-14 17:38:00,-1 days +23:53:00,False,Tue,DL,ATL,MKE,669
2023-09-26 09:10:00,2023-09-26 09:08:00,-1 days +23:58:00,False,Tue,DL,ATL,ROC,749
2023-03-01 23:05:00,2023-03-02 00:17:00,0 days 01:12:00,True,Thu,DL,ATL,TYS,152
2023-07-15 10:30:00,2023-07-15 10:27:00,-1 days +23:57:00,False,Sat,WN,ATL,JAX,270
2023-04-05 18:10:00,2023-04-05 18:08:00,-1 days +23:58:00,False,Wed,B6,ATL,BOS,946
2023-10-13 22:55:00,2023-10-13 22:53:00,-1 days +23:58:00,False,Fri,DL,ATL,ROA,357
2023-11-01 11:20:00,2023-11-01 11:14:00,-1 days +23:54:00,False,Wed,DL,ATL,SYR,794
2023-10-19 14:48:00,2023-10-19 14:45:00,-1 days +23:57:00,False,Thu,DL,ATL,IAD,534
2023-09-26 21:30:00,2023-09-26 21:59:00,0 days 00:29:00,True,Tue,WN,ATL,JAX,270
2023-04-28 10:29:00,2023-04-28 10:35:00,0 days 00:06:00,False,Fri,DL,ATL,MCI,692
2023-06-21 07:05:00,2023-06-21 07:03:00,-1 days +23:58:00,False,Wed,DL,ATL,DEN,1199
2023-08-23 08:15:00,2023-08-23 08:12:00,-1 days +23:57:00,False,Wed,DL,ATL,SLC,1590
2023-01-11 16:10:00,2023-01-11 19:18:00,0 days 03:08:00,True,Wed,WN,ATL,DCA,547
2023-10-06 08:30:00,2023-10-06 08:29:00,-1 days +23:59:00,False,Fri,WN,ATL,SDF,321
2023-04-11 07:40:00,2023-04-11 07:33:00,-1 days +23:53:00,False,Tue,DL,ATL,BNA,214
2023-01-14 12:23:00,2023-01-14 12:19:00,-1 days +23:56:00,False,Sat,DL,ATL,TPA,406
2023-03-28 15:44:00,2023-03-28 15:50:00,0 days 00:06:00,False,Tue,DL,ATL,ORD,606
2023-06-05 09:00:00,2023-06-05 08:58:00,-1 days +23:58:00,False,Mon,DL,ATL,MSP,907
2023-12-05 14:41:00,2023-12-05 14:35:00,-1 days +23:54:00,False,Tue,DL,ATL,SAT,874
2023-01-26 20:45:00,2023-01-26 20:41:00,-1 days +23:56:00,False,Thu,DL,ATL,CHA,106
2023-09-15 18:52:00,2023-09-15 18:51:00,-1 days +23:59:00,False,Fri,UA,ATL,ORD,606
2023-03-22 12:00:00,2023-03-22 11:55:00,-1 days +23:55:00,False,Wed,DL,ATL,GNV,300
2023-11-07 10:45:00,2023-11-07 10:51:00,0 days 00:06:00,False,Tue,WN,ATL,TPA,406
2023-09-15 07:05:00,2023-09-15 07:05:00,0 days 00:00:00,False,Fri,WN,ATL,HOU,696
2023-01-16 13:14:00,2023-01-16 13:11:00,-1 days +23:57:00,False,Mon,DL,ATL,SJU,1547
2023-09-21 11:55:00,2023-09-21 11:51:00,-1 days +23:56:00,False,Thu,DL,ATL,EWR,746
2023-11-15 14:26:00,2023-11-15 14:19:00,-1 days +23:53:00,False,Wed,DL,ATL,MKE,669
2023-10-14 16:52:00,2023-10-14 16:47:00,-1 days +23:55:00,False,Sat,NK,ATL,MIA,594
2023-12-13 08:50:00,2023-12-13 08:49:00,-1 days +23:59:00,False,Wed,WN,ATL,SAT,874
2023-05-29 14:55:00,2023-05-29 16:03:00,0 days 01:08:00,True,Mon,DL,ATL,MIA,594
2023-06-27 17:01:00,2023-06-27 20:37:00,0 days 03:36:00,True,Tue,DL,ATL,IND,432
2023-12-25 21:15:00,2023-12-25 21:41:00,0 days 00:26:00,True,Mon,DL,ATL,JFK,760
2023-01-11 11:00:00,2023-01-11 11:00:00,0 days 00:00:00,False,Wed,OO,ATL,OAJ,399
2023-11-06 21:50:00,2023-11-06 21:51:00,0 days 00:01:00,False,Mon,WN,ATL,MIA,594
2023-07-10 21:30:00,2023-07-10 21:26:00,-1 days +23:56:00,False,Mon,DL,ATL,GSP,153
2023-11-26 23:49:00,2023-11-26 23:44:00,-1 days +23:55:00,False,Sun,DL,ATL,HSV,151
2023-08-23 08:11:00,2023-08-23 08:05:00,-1 days +23:54:00,False,Wed,DL,ATL,LIT,453
2023-06-13 08:25:00,2023-06-13 08:21:00,-1 days +23:56:00,False,Tue,DL,ATL,XNA,589
2023-07-26 17:50:00,2023-07-26 17:48:00,-1 days +23:58:00,False,Wed,DL,ATL,CVG,373
2023-02-21 07:15:00,2023-02-21 07:11:00,-1 days +23:56:00,False,Tue,WN,ATL,HOU,696
2023-08-18 20:55:00,2023-08-18 20:56:00,0 days 00:01:00,False,Fri,9E,ATL,CHA,106
2023-06-03 10:15:00,2023-06-03 10:12:00,-1 days +23:57:00,False,Sat,DL,ATL,HNL,4502
2023-04-23 16:23:00,2023-04-23 16:23:00,0 days 00:00:00,False,Sun,DL,ATL,BUF,712
2023-03-29 08:30:00,2023-03-29 08:29:00,-1 days +23:59:00,False,Wed,WN,ATL,DAL,721
2023-10-05 09:55:00,2023-10-05 14:46:00,0 days 04:51:00,True,Thu,DL,ATL,SEA,2182
2023-06-16 20:59:00,2023-06-16 21:09:00,0 days 00:10:00,False,Fri,DL,ATL,MKE,669
2023-09-24 22:05:00,2023-09-24 22:15:00,0 days 00:10:00,False,Sun,WN,ATL,MIA,594
2023-01-22 10:15:00,2023-01-22 11:11:00,0 days 00:56:00,True,Sun,DL,ATL,PHX,1587
2023-08-11 10:31:00,2023-08-11 10:54:00,0 days 00:23:00,True,Fri,DL,ATL,SLC,1590
2023-05-12 09:50:00,2023-05-12 09:47:00,-1 days +23:57:00,False,Fri,DL,ATL,SAT,874
2023-05-07 19:50:00,2023-05-07 20:17:00,0 days 00:27:00,True,Sun,DL,ATL,LAX,1947
2023-03-05 19:50:00,2023-03-05 20:33:00,0 days 00:43:00,True,Sun,WN,ATL,JAN,341
2023-07-26 16:34:00,2023-07-26 16:31:00,-1 days +23:57:00,False,Wed,DL,ATL,IND,432
2023-04-30 15:20:00,2023-04-30 15:14:00,-1 days +23:54:00,False,Sun,9E,ATL,ABY,145
2023-06-24 12:10:00,2023-06-24 12:09:00,-1 days +23:59:00,False,Sat,DL,ATL,LAX,1947
2023-01-28 22:45:00,2023-01-28 22:42:00,-1 days +23:57:00,False,Sat,DL,ATL,ORF,516
2023-01-01 10:00:00,2023-01-01 09:58:00,-1 days +23:58:00,False,Sun,9E,ATL,CVG,373
2023-09-21 22:54:00,2023-09-21 22:49:00,-1 days +23:55:00,False,Thu,DL,ATL,TLH,223
2023-12-31 13:55:00,2023-12-31 13:51:00,-1 days +23:56:00,False,Sun,9E,ATL,MLU,448
2023-09-07 20:26:00,2023-09-07 20:32:00,0 days 00:06:00,False,Thu,DL,ATL,MKE,669
2023-08-26 12:25:00,2023-08-26 12:21:00,-1 days +23:56:00,False,Sat,9E,ATL,LFT,503
2023-03-18 15:35:00,2023-03-18 16:53:00,0 days 01:18:00,True,Sat,WN,ATL,MCO,404
2023-07-08 15:45:00,2023-07-08 15:45:00,0 days 00:00:00,False,Sat,DL,ATL,DFW,731
2023-02-16 10:09:00,2023-02-16 10:27:00,0 days 00:18:00,True,Thu,DL,ATL,HDN,1340
2023-04-16 18:02:00,2023-04-16 18:33:00,0 days 00:31:00,True,Sun,NK,ATL,ORD,606
2023-05-23 22:49:00,2023-05-23 22:46:00,-1 days +23:57:00,False,Tue,DL,ATL,IAH,689
2023-06-07 21:10:00,2023-06-07 21:09:00,-1 days +23:59:00,False,Wed,DL,ATL,DCA,547
2023-07-29 09:12:00,2023-07-29 09:10:00,-1 days +23:58:00,False,Sat,DL,ATL,AVL,164
2023-04-28 06:00:00,2023-04-28 06:00:00,0 days 00:00:00,False,Fri,DL,ATL,DTW,594
2023-09-20 09:00:00,2023-09-20 08:58:00,-1 days +23:58:00,False,Wed,NK,ATL,LAX,1947
2023-07-24 21:02:00,2023-07-24 20:55:00,-1 days +23:53:00,False,Mon,DL,ATL,BHM,134
2023-10-20 08:24:00,2023-10-20 08:25:00,0 days 00:01:00,False,Fri,DL,ATL,CVG,373
2023-09-19 19:45:00,2023-09-19 19:40:00,-1 days +23:55:00,False,Tue,DL,ATL,BDL,859
2023-04-19 11:20:00,2023-04-19 11:15:00,-1 days +23:55:00,False,Wed,DL,ATL,DFW,731
2023-07-28 16:25:00,2023-07-28 16:33:00,0 days 00:08:00,False,Fri,NK,ATL,EWR,746
2023-12-18 08:25:00,2023-12-18 08:15:00,-1 days +23:50:00,False,Mon,DL,ATL,MCI,692
2023-03-22 08:10:00,2023-03-22 08:06:00,-1 days +23:56:00,False,Wed,DL,ATL,RSW,515
2023-03-25 20:56:00,2023-03-25 22:05:00,0 days 01:09:00,True,Sat,F9,ATL,PHX,1587
2023-02-20 15:05:00,2023-02-20 15:03:00,-1 days +23:58:00,False,Mon,DL,ATL,VPS,250
2023-09-23 22:05:00,2023-09-23 22:03:00,-1 days +23:58:00,False,Sat,9E,ATL,SHV,551
2023-04-22 09:12:00,2023-04-22 09:09:00,-1 days +23:57:00,False,Sat,DL,ATL,CHA,106
2023-10-03 18:19:00,2023-10-03 18:17:00,-1 days +23:58:00,False,Tue,DL,ATL,DTW,594
2023-09-01 16:02:00,2023-09-01 15:56:00,-1 days +23:54:00,False,Fri,OH,ATL,CLT,226
2023-08-14 07:38:00,2023-08-14 08:00:00,0 days 00:22:00,True,Mon,UA,ATL,SFO,2139
2023-05-09 10:00:00,2023-05-09 09:57:00,-1 days +23:57:00,False,Tue,AS,ATL,SEA,2182
2023-05-30 10:00:00,2023-05-30 09:51:00,-1 days +23:51:00,False,Tue,DL,ATL,DSM,743
2023-03-18 21:00:00,2023-03-18 21:07:00,0 days 00:07:00,False,Sat,WN,ATL,DEN,1199
2023-06-07 19:50:00,2023-06-07 20:45:00,0 days 00:55:00,True,Wed,WN,ATL,PIT,526
2023-10-08 20:20:00,2023-10-08 20:20:00,0 days 00:00:00,False,Sun,WN,ATL,MCO,404
2023-10-28 14:15:00,2023-10-28 14:13:00,-1 days +23:58:00,False,Sat,DL,ATL,SEA,2182
2023-12-29 21:05:00,2023-12-29 21:04:00,-1 days +23:59:00,False,Fri,OO,ATL,CSG,83
2023-06-15 18:43:00,2023-06-15 18:45:00,0 days 00:02:00,False,Thu,DL,ATL,JAC,1572
2023-06-17 09:44:00,2023-06-17 09:41:00,-1 days +23:57:00,False,Sat,DL,ATL,BHM,134
2023-01-25 22:43:00,2023-01-25 23:45:00,0 days 01:02:00,True,Wed,DL,ATL,LEX,304
2023-08-19 21:00:00,2023-08-19 21:00:00,0 days 00:00:00,False,Sat,WN,ATL,DAL,721
2023-08-24 10:10:00,2023-08-24 10:03:00,-1 days +23:53:00,False,Thu,DL,ATL,CMH,447
2023-07-31 07:38:00,2023-07-31 07:32:00,-1 days +23:54:00,False,Mon,NK,ATL,ORD,606
2023-08-06 10:08:00,2023-08-06 10:08:00,0 days 00:00:00,False,Sun,DL,ATL,MCI,692
2023-02-09 19:35:00,2023-02-09 19:28:00,-1 days +23:53:00,False,Thu,UA,ATL,IAD,534
2023-01-11 11:10:00,2023-01-11 13:07:00,0 days 01:57:00,True,Wed,WN,ATL,DCA,547
2023-09-05 08:30:00,2023-09-05 08:28:00,-1 days +23:58:00,False,Tue,DL,ATL,TPA,406
2023-07-15 21:30:00,2023-07-15 22:44:00,0 days 01:14:00,True,Sat,DL,ATL,BDL,859
2023-01-25 15:20:00,2023-01-25 15:19:00,-1 days +23:59:00,False,Wed,DL,ATL,LAS,1747
2023-02-25 07:20:00,2023-02-25 09:34:00,0 days 02:14:00,True,Sat,DL,ATL,DTW,594
2023-11-29 17:10:00,2023-11-29 17:05:00,-1 days +23:55:00,False,Wed,WN,ATL,OKC,761
2023-05-16 21:35:00,2023-05-16 21:34:00,-1 days +23:59:00,False,Tue,DL,ATL,SAN,1892
2023-12-06 19:59:00,2023-12-06 19:53:00,-1 days +23:54:00,False,Wed,OO,ATL,BQK,238
2023-01-25 16:30:00,2023-01-25 16:54:00,0 days 00:24:00,True,Wed,UA,ATL,DEN,1199
2023-01-17 18:20:00,2023-01-17 18:17:00,-1 days +23:57:00,False,Tue,NK,ATL,DFW,731
2023-01-09 22:47:00,2023-01-09 22:46:00,-1 days +23:59:00,False,Mon,DL,ATL,FLL,581
2023-04-10 09:48:00,2023-04-10 09:53:00,0 days 00:05:00,False,Mon,DL,ATL,PDX,2172
2023-04-04 07:30:00,2023-04-04 07:26:00,-1 days +23:56:00,False,Tue,NK,ATL,DTW,594
2023-06-07 23:35:00,2023-06-08 00:11:00,0 days 00:36:00,True,Thu,DL,ATL,BNA,214
2023-09-15 08:12:00,2023-09-15 08:10:00,-1 days +23:58:00,False,Fri,9E,ATL,XNA,589
2023-02-01 07:15:00,2023-02-01 07:18:00,0 days 00:03:00,False,Wed,DL,ATL,CLE,554
2023-04-30 15:49:00,2023-04-30 16:40:00,0 days 00:51:00,True,Sun,DL,ATL,ORD,606
2023-10-12 16:48:00,2023-10-12 16:42:00,-1 days +23:54:00,False,Thu,DL,ATL,PDX,2172
2023-04-09 20:00:00,2023-04-09 19:56:00,-1 days +23:56:00,False,Sun,DL,ATL,JAN,341
2023-03-06 21:30:00,2023-03-06 23:42:00,0 days 02:12:00,True,Mon,B6,ATL,JFK,760
2023-08-17 18:07:00,2023-08-17 18:03:00,-1 days +23:56:00,False,Thu,DL,ATL,VPS,250
2023-07-09 13:59:00,2023-07-09 14:09:00,0 days 00:10:00,False,Sun,DL,ATL,TUL,674
2023-09-07 15:37:00,2023-09-07 15:34:00,-1 days +23:57:00,False,Thu,DL,ATL,AUS,813
2023-05-11 09:00:00,2023-05-11 08:57:00,-1 days +23:57:00,False,Thu,DL,ATL,AUS,813
2023-02-26 18:33:00,2023-02-26 18:55:00,0 days 00:22:00,True,Sun,F9,ATL,DFW,731
2023-12-19 08:30:00,2023-12-19 08:28:00,-1 days +23:58:00,False,Tue,DL,ATL,LAS,1747
2023-12-28 20:39:00,2023-12-28 20:32:00,-1 days +23:53:00,False,Thu,NK,ATL,IAH,689
2023-05-15 06:20:00,2023-05-15 06:16:00,-1 days +23:56:00,False,Mon,NK,ATL,DTW,594
2023-12-01 17:55:00,2023-12-01 17:51:00,-1 days +23:56:00,False,Fri,9E,ATL,TYS,152
2023-09-03 19:26:00,2023-09-03 19:22:00,-1 days +23:56:00,False,Sun,DL,ATL,PNS,271
2023-12-01 20:45:00,2023-12-01 20:54:00,0 days 00:09:00,False,Fri,DL,ATL,SLC,1590
2023-07-07 15:01:00,2023-07-07 14:59:00,-1 days +23:58:00,False,Fri,DL,ATL,RSW,515
2023-01-21 16:09:00,2023-01-21 16:12:00,0 days 00:03:00,False,Sat,DL,ATL,SAN,1892
2023-06-05 15:50:00,2023-06-05 16:15:00,0 days 00:25:00,True,Mon,DL,ATL,GSO,306
2023-06-03 15:03:00,2023-06-03 14:59:00,-1 days +23:56:00,False,Sat,DL,ATL,VPS,250
2023-04-07 16:57:00,2023-04-07 16:57:00,0 days 00:00:00,False,Fri,DL,ATL,SRQ,444
2023-06-10 21:40:00,2023-06-10 22:22:00,0 days 00:42:00,True,Sat,NK,ATL,LAS,1747
2023-12-24 15:16:00,2023-12-24 15:11:00,-1 days +23:55:00,False,Sun,DL,ATL,FLL,581
2023-10-27 16:26:00,2023-10-27 16:19:00,-1 days +23:53:00,False,Fri,DL,ATL,DSM,743
2023-09-14 13:12:00,2023-09-14 13:07:00,-1 days +23:55:00,False,Thu,9E,ATL,HPN,780
2023-01-20 20:45:00,2023-01-20 20:41:00,-1 days +23:56:00,False,Fri,DL,ATL,PHL,666
2023-09-28 10:15:00,2023-09-28 11:48:00,0 days 01:33:00,True,Thu,DL,ATL,GSO,306
2023-12-04 06:25:00,2023-12-04 06:55:00,0 days 00:30:00,True,Mon,B6,ATL,FLL,581
2023-04-30 11:00:00,2023-04-30 10:58:00,-1 days +23:58:00,False,Sun,DL,ATL,MSY,425
2023-07-05 17:15:00,2023-07-05 18:52:00,0 days 01:37:00,True,Wed,WN,ATL,FLL,581
2023-07-22 16:21:00,2023-07-22 16:23:00,0 days 00:02:00,False,Sat,DL,ATL,MEM,332
2023-11-25 17:57:00,2023-11-25 17:54:00,-1 days +23:57:00,False,Sat,DL,ATL,SDF,321
2023-07-15 22:25:00,2023-07-15 22:27:00,0 days 00:02:00,False,Sat,DL,ATL,MCO,404
2023-03-18 18:33:00,2023-03-18 18:47:00,0 days 00:14:00,False,Sat,DL,ATL,LAS,1747
2023-10-17 16:40:00,2023-10-17 16:38:00,-1 days +23:58:00,False,Tue,DL,ATL,JAX,270
2023-09-22 06:05:00,2023-09-22 06:04:00,-1 days +23:59:00,False,Fri,DL,ATL,FLL,581
2023-08-29 16:26:00,2023-08-29 16:26:00,0 days 00:00:00,False,Tue,DL,ATL,JAX,270
2023-06-19 20:45:00,2023-06-19 21:42:00,0 days 00:57:00,True,Mon,WN,ATL,MEM,332
2023-12-16 11:14:00,2023-12-16 11:18:00,0 days 00:04:00,False,Sat,DL,ATL,ELP,1282
2023-08-26 12:41:00,2023-08-26 12:37:00,-1 days +23:56:00,False,Sat,DL,ATL,RDU,356
2023-02-05 15:12:00,2023-02-05 15:30:00,0 days 00:18:00,True,Sun,DL,ATL,SLC,1590
2023-06-20 14:35:00,2023-06-20 14:30:00,-1 days +23:55:00,False,Tue,9E,ATL,ABE,692
2023-02-18 09:44:00,2023-02-18 09:49:00,0 days 00:05:00,False,Sat,DL,ATL,TLH,223
2023-05-26 06:20:00,2023-05-26 06:22:00,0 days 00:02:00,False,Fri,DL,ATL,LAX,1947
2023-08-05 16:30:00,2023-08-05 16:29:00,-1 days +23:59:00,False,Sat,UA,ATL,DEN,1199
2023-07-09 10:10:00,2023-07-09 10:11:00,0 days 00:01:00,False,Sun,DL,ATL,PHL,666
2023-05-22 10:24:00,2023-05-22 10:21:00,-1 days +23:57:00,False,Mon,B6,ATL,BOS,946
2023-06-27 13:57:00,2023-06-27 13:52:00,-1 days +23:55:00,False,Tue,DL,ATL,LAS,1747
2023-03-29 13:59:00,2023-03-29 13:58:00,-1 days +23:59:00,False,Wed,DL,ATL,TPA,406
2023-10-07 15:10:00,2023-10-07 15:05:00,-1 days +23:55:00,False,Sat,DL,ATL,EYW,646
2023-09-13 10:55:00,2023-09-13 10:53:00,-1 days +23:58:00,False,Wed,WN,ATL,MCO,404
2023-09-20 22:21:00,2023-09-21 00:20:00,0 days 01:59:00,True,Thu,NK,ATL,MSY,425
2023-12-12 17:50:00,2023-12-12 18:57:00,0 days 01:07:00,True,Tue,B6,ATL,LGA,762
2023-03-28 15:55:00,2023-03-28 15:52:00,-1 days +23:57:00,False,Tue,DL,ATL,LEX,304
2023-07-18 22:49:00,2023-07-18 22:46:00,-1 days +23:57:00,False,Tue,DL,ATL,AVL,164
2023-04-09 11:08:00,2023-04-09 11:23:00,0 days 00:15:00,False,Sun,DL,ATL,PIT,526
2023-09-19 19:17:00,2023-09-19 19:02:00,-1 days +23:45:00,False,Tue,B6,ATL,BOS,946
2023-12-26 09:00:00,2023-12-26 09:07:00,0 days 00:07:00,False,Tue,WN,ATL,DAL,721
2023-08-24 12:56:00,2023-08-24 12:51:00,-1 days +23:55:00,False,Thu,DL,ATL,SDF,321
2023-02-03 11:45:00,2023-02-03 12:41:00,0 days 00:56:00,True,Fri,WN,ATL,DEN,1199
2023-12-18 19:56:00,2023-12-18 19:55:00,-1 days +23:59:00,False,Mon,DL,ATL,FLL,581
2023-11-30 14:30:00,2023-11-30 14:27:00,-1 days +23:57:00,False,Thu,DL,ATL,DSM,743
2023-08-15 10:12:00,2023-08-15 10:07:00,-1 days +23:55:00,False,Tue,DL,ATL,DCA,547
2023-04-18 10:30:00,2023-04-18 10:28:00,-1 days +23:58:00,False,Tue,DL,ATL,EYW,646
2023-09-09 14:07:00,2023-09-09 13:59:00,-1 days +23:52:00,False,Sat,NK,ATL,BWI,577
2023-07-16 23:58:00,2023-07-16 23:59:00,0 days 00:01:00,False,Sun,DL,ATL,SAV,214
2023-01-25 16:55:00,2023-01-25 16:54:00,-1 days +23:59:00,False,Wed,DL,ATL,PBI,545
2023-04-08 10:15:00,2023-04-08 10:16:00,0 days 00:01:00,False,Sat,DL,ATL,MEM,332
2023-10-19 13:53:00,2023-10-19 13:51:00,-1 days +23:58:00,False,Thu,DL,ATL,BWI,577
2023-02-19 07:00:00,2023-02-19 06:56:00,-1 days +23:56:00,False,Sun,WN,ATL,BWI,577
2023-11-03 17:40:00,2023-11-03 18:05:00,0 days 00:25:00,True,Fri,DL,ATL,IAD,534
2023-04-21 22:45:00,2023-04-21 22:59:00,0 days 00:14:00,False,Fri,DL,ATL,RDU,356
2023-07-30 22:52:00,2023-07-30 22:57:00,0 days 00:05:00,False,Sun,DL,ATL,MOB,302
2023-02-21 18:55:00,2023-02-21 18:49:00,-1 days +23:54:00,False,Tue,WN,ATL,TPA,406
2023-08-29 20:04:00,2023-08-29 20:03:00,-1 days +23:59:00,False,Tue,DL,ATL,IND,432
2023-11-28 09:20:00,2023-11-28 09:18:00,-1 days +23:58:00,False,Tue,DL,ATL,BTR,448
2023-08-09 05:40:00,2023-08-09 05:37:00,-1 days +23:57:00,False,Wed,NK,ATL,ORD,606
2023-08-20 11:12:00,2023-08-20 11:08:00,-1 days +23:56:00,False,Sun,MQ,ATL,MIA,594
2023-08-02 13:45:00,2023-08-02 13:52:00,0 days 00:07:00,False,Wed,NK,ATL,BWI,577
2023-08-19 10:00:00,2023-08-19 09:55:00,-1 days +23:55:00,False,Sat,DL,ATL,STL,484
2023-07-30 16:42:00,2023-07-30 22:20:00,0 days 05:38:00,True,Sun,B6,ATL,LGA,762
2023-07-20 12:21:00,2023-07-20 12:17:00,-1 days +23:56:00,False,Thu,DL,ATL,CLT,226
2023-06-24 10:15:00,2023-06-24 10:56:00,0 days 00:41:00,True,Sat,DL,ATL,SFO,2139
2023-11-23 14:00:00,2023-11-23 13:57:00,-1 days +23:57:00,False,Thu,DL,ATL,ORD,606
2023-04-27 16:32:00,2023-04-27 17:02:00,0 days 00:30:00,True,Thu,DL,ATL,DAY,432
2023-05-31 14:53:00,2023-05-31 14:51:00,-1 days +23:58:00,False,Wed,DL,ATL,STL,484
2023-12-14 10:25:00,2023-12-14 10:18:00,-1 days +23:53:00,False,Thu,OO,ATL,CSG,83
2023-03-26 19:20:00,2023-03-26 20:09:00,0 days 00:49:00,True,Sun,DL,ATL,BWI,577
2023-07-17 19:15:00,2023-07-17 19:12:00,-1 days +23:57:00,False,Mon,DL,ATL,RIC,481
2023-09-11 20:10:00,2023-09-11 20:03:00,-1 days +23:53:00,False,Mon,DL,ATL,IAD,534
2023-09-04 22:50:00,2023-09-04 22:41:00,-1 days +23:51:00,False,Mon,DL,ATL,JAX,270
2023-06-26 11:35:00,2023-06-26 11:38:00,0 days 00:03:00,False,Mon,AA,ATL,MIA,594
2023-08-04 13:00:00,2023-08-04 13:16:00,0 days 00:16:00,True,Fri,WN,ATL,BWI,577
2023-12-27 13:35:00,2023-12-27 13:33:00,-1 days +23:58:00,False,Wed,DL,ATL,ORD,606
2023-05-11 15:50:00,2023-05-11 16:24:00,0 days 00:34:00,True,Thu,WN,ATL,DEN,1199
2023-11-01 07:05:00,2023-11-01 07:17:00,0 days 00:12:00,False,Wed,DL,ATL,JFK,760
2023-11-17 12:29:00,2023-11-17 12:24:00,-1 days +23:55:00,False,Fri,DL,ATL,TLH,223
2023-10-17 11:59:00,2023-10-17 12:09:00,0 days 00:10:00,False,Tue,9E,ATL,CHA,106
2023-08-25 15:00:00,2023-08-25 15:09:00,0 days 00:09:00,False,Fri,DL,ATL,ANC,3417
2023-05-01 09:30:00,2023-05-01 09:28:00,-1 days +23:58:00,False,Mon,DL,ATL,DFW,731
2023-07-16 10:00:00,2023-07-16 10:41:00,0 days 00:41:00,True,Sun,DL,ATL,LAX,1947
2023-07-19 15:22:00,2023-07-19 15:17:00,-1 days +23:55:00,False,Wed,OO,ATL,FWA,508
2023-06-12 08:12:00,2023-06-12 09:24:00,0 days 01:12:00,True,Mon,DL,ATL,PIT,526
2023-09-18 21:24:00,2023-09-18 21:19:00,-1 days +23:55:00,False,Mon,DL,ATL,JFK,760
2023-06-14 08:33:00,2023-06-14 08:42:00,0 days 00:09:00,False,Wed,DL,ATL,PNS,271
2023-10-18 12:30:00,2023-10-18 12:29:00,-1 days +23:59:00,False,Wed,DL,ATL,LGA,762
2023-08-31 15:15:00,2023-08-31 15:41:00,0 days 00:26:00,True,Thu,9E,ATL,CHA,106
2023-09-03 20:00:00,2023-09-03 19:55:00,-1 days +23:55:00,False,Sun,9E,ATL,MLI,633
2023-02-11 14:57:00,2023-02-11 14:59:00,0 days 00:02:00,False,Sat,DL,ATL,GPT,352
2023-09-29 15:31:00,2023-09-29 15:27:00,-1 days +23:56:00,False,Fri,DL,ATL,PVD,903
2023-11-09 15:21:00,2023-11-09 15:18:00,-1 days +23:57:00,False,Thu,DL,ATL,MSP,907
2023-07-29 22:35:00,2023-07-29 22:33:00,-1 days +23:58:00,False,Sat,DL,ATL,LAX,1947
2023-08-31 13:48:00,2023-08-31 13:46:00,-1 days +23:58:00,False,Thu,DL,ATL,SEA,2182
2023-04-09 21:49:00,2023-04-09 21:47:00,-1 days +23:58:00,False,Sun,DL,ATL,ALB,853
2023-09-03 22:40:00,2023-09-03 22:24:00,-1 days +23:44:00,False,Sun,DL,ATL,DAL,721
2023-02-12 15:53:00,2023-02-12 15:51:00,-1 days +23:58:00,False,Sun,OO,ATL,HPN,780
2023-04-06 11:34:00,2023-04-06 11:31:00,-1 days +23:57:00,False,Thu,DL,ATL,MEM,332
2023-04-28 09:00:00,2023-04-28 09:20:00,0 days 00:20:00,True,Fri,OO,ATL,MGM,147
2023-12-14 09:50:00,2023-12-14 09:51:00,0 days 00:01:00,False,Thu,DL,ATL,PBI,545
2023-10-09 13:49:00,2023-10-09 13:47:00,-1 days +23:58:00,False,Mon,DL,ATL,SAN,1892
2023-01-29 06:15:00,2023-01-29 06:05:00,-1 days +23:50:00,False,Sun,WN,ATL,MDW,591
2023-12-11 06:10:00,2023-12-11 06:08:00,-1 days +23:58:00,False,Mon,B6,ATL,JFK,760
2023-03-17 06:00:00,2023-03-17 06:22:00,0 days 00:22:00,True,Fri,DL,ATL,DTW,594
2023-07-09 17:01:00,2023-07-09 17:00:00,-1 days +23:59:00,False,Sun,DL,ATL,CLE,554
2023-02-03 07:15:00,2023-02-03 07:12:00,-1 days +23:57:00,False,Fri,DL,ATL,CLE,554
2023-06-26 06:03:00,2023-06-26 10:51:00,0 days 04:48:00,True,Mon,AA,ATL,DFW,731
2023-12-15 20:10:00,2023-12-15 20:09:00,-1 days +23:59:00,False,Fri,WN,ATL,MDW,591
2023-11-14 07:15:00,2023-11-14 07:15:00,0 days 00:00:00,False,Tue,DL,ATL,CLE,554
2023-12-30 09:59:00,2023-12-30 09:59:00,0 days 00:00:00,False,Sat,DL,ATL,JFK,760
2023-11-13 06:25:00,2023-11-13 06:20:00,-1 days +23:55:00,False,Mon,WN,ATL,BNA,214
2023-09-11 09:46:00,2023-09-11 09:46:00,0 days 00:00:00,False,Mon,DL,ATL,TPA,406
2023-03-23 21:55:00,2023-03-23 22:09:00,0 days 00:14:00,False,Thu,DL,ATL,MCO,404
2023-03-16 08:40:00,2023-03-16 08:36:00,-1 days +23:56:00,False,Thu,WN,ATL,SAT,874
2023-10-02 18:10:00,2023-10-02 18:06:00,-1 days +23:56:00,False,Mon,DL,ATL,PBI,545
2023-12-18 21:50:00,2023-12-18 22:26:00,0 days 00:36:00,True,Mon,WN,ATL,TPA,406
2023-05-26 20:55:00,2023-05-26 21:25:00,0 days 00:30:00,True,Fri,DL,ATL,MIA,594
2023-05-17 14:12:00,2023-05-17 14:12:00,0 days 00:00:00,False,Wed,DL,ATL,DCA,547
2023-02-17 10:20:00,2023-02-17 11:48:00,0 days 01:28:00,True,Fri,OO,ATL,SBN,566
2023-02-19 18:48:00,2023-02-19 18:45:00,-1 days +23:57:00,False,Sun,DL,ATL,BHM,134
2023-05-01 15:18:00,2023-05-01 16:47:00,0 days 01:29:00,True,Mon,DL,ATL,CMH,447
2023-11-21 07:15:00,2023-11-21 07:19:00,0 days 00:04:00,False,Tue,DL,ATL,CMH,447
2023-08-30 22:23:00,2023-08-30 22:17:00,-1 days +23:54:00,False,Wed,DL,ATL,FSD,954
2023-02-26 12:48:00,2023-02-26 13:28:00,0 days 00:40:00,True,Sun,DL,ATL,PHL,666
2023-04-21 11:59:00,2023-04-21 11:57:00,-1 days +23:58:00,False,Fri,NK,ATL,BWI,577
2023-09-22 18:25:00,2023-09-22 18:39:00,0 days 00:14:00,False,Fri,DL,ATL,CVG,373
2023-09-22 15:50:00,2023-09-22 17:38:00,0 days 01:48:00,True,Fri,F9,ATL,PHL,666
2023-03-15 15:41:00,2023-03-15 15:38:00,-1 days +23:57:00,False,Wed,UA,ATL,ORD,606
2023-02-16 06:30:00,2023-02-16 06:30:00,0 days 00:00:00,False,Thu,DL,ATL,FLL,581
2023-11-10 10:40:00,2023-11-10 10:40:00,0 days 00:00:00,False,Fri,WN,ATL,MCO,404
2023-12-12 18:35:00,2023-12-12 18:38:00,0 days 00:03:00,False,Tue,DL,ATL,MCO,404
2023-09-09 17:07:00,2023-09-09 17:05:00,-1 days +23:58:00,False,Sat,DL,ATL,MSY,425
2023-07-18 15:37:00,2023-07-18 15:51:00,0 days 00:14:00,False,Tue,DL,ATL,FLL,581
2023-02-17 08:10:00,2023-02-17 08:10:00,0 days 00:00:00,False,Fri,WN,ATL,FLL,581
2023-07-25 09:40:00,2023-07-25 09:37:00,-1 days +23:57:00,False,Tue,DL,ATL,MDT,620
2023-05-19 06:00:00,2023-05-19 06:08:00,0 days 00:08:00,False,Fri,UA,ATL,EWR,746
2023-03-19 17:14:00,2023-03-19 17:11:00,-1 days +23:57:00,False,Sun,DL,ATL,HSV,151
2023-06-25 22:45:00,2023-06-25 23:47:00,0 days 01:02:00,True,Sun,DL,ATL,IAH,689
2023-02-06 18:15:00,2023-02-06 18:12:00,-1 days +23:57:00,False,Mon,DL,ATL,PBI,545
2023-02-11 09:30:00,2023-02-11 09:20:00,-1 days +23:50:00,False,Sat,UA,ATL,IAD,534
2023-11-21 18:12:00,2023-11-21 18:39:00,0 days 00:27:00,True,Tue,F9,ATL,RDU,356
2023-05-28 11:35:00,2023-05-28 11:32:00,-1 days +23:57:00,False,Sun,DL,ATL,LAS,1747
2023-02-10 22:58:00,2023-02-10 22:54:00,-1 days +23:56:00,False,Fri,DL,ATL,PBI,545
2023-10-21 18:10:00,2023-10-21 18:02:00,-1 days +23:52:00,False,Sat,AA,ATL,PHX,1587
2023-09-19 17:55:00,2023-09-19 18:29:00,0 days 00:34:00,True,Tue,WN,ATL,DEN,1199
2023-07-08 18:27:00,2023-07-08 18:27:00,0 days 00:00:00,False,Sat,AA,ATL,PHL,666
2023-07-12 16:30:00,2023-07-12 16:28:00,-1 days +23:58:00,False,Wed,UA,ATL,DEN,1199
2023-05-26 13:43:00,2023-05-26 13:42:00,-1 days +23:59:00,False,Fri,DL,ATL,BNA,214
2023-05-21 18:28:00,2023-05-21 18:25:00,-1 days +23:57:00,False,Sun,DL,ATL,GSP,153
2023-02-27 16:33:00,2023-02-27 16:26:00,-1 days +23:53:00,False,Mon,DL,ATL,BNA,214
2023-12-23 16:21:00,2023-12-23 16:19:00,-1 days +23:58:00,False,Sat,DL,ATL,DAL,721
2023-10-12 09:49:00,2023-10-12 09:49:00,0 days 00:00:00,False,Thu,DL,ATL,BOI,1838
2023-02-19 08:41:00,2023-02-19 08:38:00,-1 days +23:57:00,False,Sun,DL,ATL,DAB,366
2023-12-24 10:50:00,2023-12-24 11:09:00,0 days 00:19:00,True,Sun,WN,ATL,RSW,515
2023-01-10 20:45:00,2023-01-10 20:44:00,-1 days +23:59:00,False,Tue,DL,ATL,BHM,134
2023-10-29 10:00:00,2023-10-29 10:12:00,0 days 00:12:00,False,Sun,DL,ATL,ECP,240
2023-09-24 21:05:00,2023-09-24 21:00:00,-1 days +23:55:00,False,Sun,OO,ATL,AGS,143
2023-04-23 18:09:00,2023-04-23 18:05:00,-1 days +23:56:00,False,Sun,DL,ATL,GSP,153
2023-11-27 10:25:00,2023-11-27 10:47:00,0 days 00:22:00,True,Mon,WN,ATL,MCO,404
2023-10-04 19:30:00,2023-10-04 19:29:00,-1 days +23:59:00,False,Wed,DL,ATL,LGA,762
2023-10-15 21:24:00,2023-10-15 21:31:00,0 days 00:07:00,False,Sun,DL,ATL,JFK,760
2023-06-20 16:27:00,2023-06-20 16:46:00,0 days 00:19:00,True,Tue,AA,ATL,LAX,1947
2023-08-17 08:00:00,2023-08-17 07:57:00,-1 days +23:57:00,False,Thu,DL,ATL,SAT,874
2023-03-09 14:09:00,2023-03-09 14:48:00,0 days 00:39:00,True,Thu,UA,ATL,EWR,746
2023-06-09 06:20:00,2023-06-09 06:20:00,0 days 00:00:00,False,Fri,DL,ATL,MCO,404
2023-05-08 20:50:00,2023-05-08 20:42:00,-1 days +23:52:00,False,Mon,DL,ATL,BNA,214
2023-11-17 10:50:00,2023-11-17 10:48:00,-1 days +23:58:00,False,Fri,WN,ATL,MIA,594
2023-05-26 08:20:00,2023-05-26 08:25:00,0 days 00:05:00,False,Fri,WN,ATL,FLL,581
2023-03-26 17:05:00,2023-03-26 20:08:00,0 days 03:03:00,True,Sun,DL,ATL,IAD,534
2023-05-27 22:05:00,2023-05-27 21:57:00,-1 days +23:52:00,False,Sat,DL,ATL,MEM,332
2023-12-27 15:01:00,2023-12-27 16:59:00,0 days 01:58:00,True,Wed,DL,ATL,PBI,545
2023-08-25 07:20:00,2023-08-25 07:27:00,0 days 00:07:00,False,Fri,DL,ATL,ORD,606
2023-04-18 17:59:00,2023-04-18 17:51:00,-1 days +23:52:00,False,Tue,AA,ATL,PHX,1587
2023-12-04 18:41:00,2023-12-04 18:33:00,-1 days +23:52:00,False,Mon,AA,ATL,DFW,731
2023-01-22 20:49:00,2023-01-22 20:47:00,-1 days +23:58:00,False,Sun,DL,ATL,CHS,259
2023-01-08 19:51:00,2023-01-08 19:46:00,-1 days +23:55:00,False,Sun,DL,ATL,ECP,240
2023-12-26 12:38:00,2023-12-26 12:33:00,-1 days +23:55:00,False,Tue,DL,ATL,MCO,404
2023-07-24 10:36:00,2023-07-24 10:35:00,-1 days +23:59:00,False,Mon,DL,ATL,SLC,1590
2023-06-01 18:17:00,2023-06-01 18:17:00,0 days 00:00:00,False,Thu,DL,ATL,SEA,2182
2023-10-09 09:45:00,2023-10-09 09:52:00,0 days 00:07:00,False,Mon,DL,ATL,RIC,481
2023-03-08 18:30:00,2023-03-08 18:20:00,-1 days +23:50:00,False,Wed,DL,ATL,LIT,453
2023-12-21 17:22:00,2023-12-21 17:22:00,0 days 00:00:00,False,Thu,UA,ATL,EWR,746
2023-10-16 22:59:00,2023-10-16 22:59:00,0 days 00:00:00,False,Mon,DL,ATL,MOB,302
2023-08-25 21:08:00,2023-08-25 21:01:00,-1 days +23:53:00,False,Fri,OO,ATL,CRW,363
2023-12-18 21:05:00,2023-12-18 20:59:00,-1 days +23:54:00,False,Mon,DL,ATL,GRB,774
2023-02-09 13:08:00,2023-02-09 13:04:00,-1 days +23:56:00,False,Thu,DL,ATL,OKC,761
2023-05-05 20:13:00,2023-05-05 20:24:00,0 days 00:11:00,False,Fri,UA,ATL,EWR,746
2023-11-17 07:00:00,2023-11-17 06:57:00,-1 days +23:57:00,False,Fri,UA,ATL,ORD,606
2023-01-27 17:53:00,2023-01-27 17:52:00,-1 days +23:59:00,False,Fri,DL,ATL,SLC,1590
2023-08-24 17:44:00,2023-08-24 18:36:00,0 days 00:52:00,True,Thu,DL,ATL,AUS,813
2023-06-25 10:03:00,2023-06-25 10:01:00,-1 days +23:58:00,False,Sun,NK,ATL,DFW,731
2023-09-20 08:10:00,2023-09-20 08:05:00,-1 days +23:55:00,False,Wed,DL,ATL,PBI,545
2023-12-28 10:25:00,2023-12-28 10:21:00,-1 days +23:56:00,False,Thu,9E,ATL,JAN,341
2023-09-21 22:05:00,2023-09-21 22:01:00,-1 days +23:56:00,False,Thu,9E,ATL,MGM,147
2023-09-17 07:06:00,2023-09-17 07:06:00,0 days 00:00:00,False,Sun,DL,ATL,ORF,516
2023-09-13 19:40:00,2023-09-13 19:30:00,-1 days +23:50:00,False,Wed,F9,ATL,MCO,404
2023-04-01 08:25:00,2023-04-01 09:18:00,0 days 00:53:00,True,Sat,WN,ATL,MCI,692
2023-07-26 15:10:00,2023-07-26 15:06:00,-1 days +23:56:00,False,Wed,9E,ATL,EVV,350
2023-06-13 15:29:00,2023-06-13 15:27:00,-1 days +23:58:00,False,Tue,DL,ATL,ICT,782
2023-06-16 18:33:00,2023-06-16 18:35:00,0 days 00:02:00,False,Fri,OO,ATL,HPN,780
2023-09-30 18:15:00,2023-09-30 18:17:00,0 days 00:02:00,False,Sat,DL,ATL,IND,432
2023-10-22 15:20:00,2023-10-22 15:28:00,0 days 00:08:00,False,Sun,WN,ATL,MCI,692
2023-10-08 08:16:00,2023-10-08 08:11:00,-1 days +23:55:00,False,Sun,OO,ATL,AGS,143
2023-10-02 17:54:00,2023-10-02 17:51:00,-1 days +23:57:00,False,Mon,9E,ATL,AGS,143
2023-02-02 12:59:00,2023-02-02 12:55:00,-1 days +23:56:00,False,Thu,9E,ATL,MLU,448
2023-10-05 09:30:00,2023-10-05 09:27:00,-1 days +23:57:00,False,Thu,DL,ATL,LGA,762
2023-04-23 22:45:00,2023-04-23 22:58:00,0 days 00:13:00,False,Sun,WN,ATL,BWI,577
2023-10-04 09:00:00,2023-10-04 08:55:00,-1 days +23:55:00,False,Wed,9E,ATL,ILM,377
2023-05-09 09:50:00,2023-05-09 09:48:00,-1 days +23:58:00,False,Tue,OO,ATL,SBN,566
2023-04-09 16:55:00,2023-04-09 16:51:00,-1 days +23:56:00,False,Sun,DL,ATL,BOS,946
2023-05-23 06:50:00,2023-05-23 06:45:00,-1 days +23:55:00,False,Tue,AA,ATL,CLT,226
2023-07-08 20:40:00,2023-07-08 20:36:00,-1 days +23:56:00,False,Sat,DL,ATL,DCA,547
2023-11-21 22:35:00,2023-11-21 22:48:00,0 days 00:13:00,False,Tue,WN,ATL,RDU,356
2023-02-12 15:25:00,2023-02-12 15:20:00,-1 days +23:55:00,False,Sun,9E,ATL,MGM,147
2023-03-14 09:00:00,2023-03-14 09:32:00,0 days 00:32:00,True,Tue,UA,ATL,IAH,689
2023-05-17 07:29:00,2023-05-17 07:26:00,-1 days +23:57:00,False,Wed,DL,ATL,BNA,214
2023-11-17 13:20:00,2023-11-17 13:17:00,-1 days +23:57:00,False,Fri,WN,ATL,JAN,341
2023-01-14 16:59:00,2023-01-14 16:56:00,-1 days +23:57:00,False,Sat,DL,ATL,RSW,515
2023-07-06 13:10:00,2023-07-06 13:08:00,-1 days +23:58:00,False,Thu,DL,ATL,TYS,152
2023-08-18 07:32:00,2023-08-18 07:25:00,-1 days +23:53:00,False,Fri,AA,ATL,DFW,731
2023-12-11 17:10:00,2023-12-11 17:09:00,-1 days +23:59:00,False,Mon,WN,ATL,OKC,761
2023-09-13 16:32:00,2023-09-13 16:31:00,-1 days +23:59:00,False,Wed,UA,ATL,DEN,1199
2023-10-05 20:25:00,2023-10-05 20:46:00,0 days 00:21:00,True,Thu,WN,ATL,SDF,321
2023-02-19 22:15:00,2023-02-19 22:20:00,0 days 00:05:00,False,Sun,DL,ATL,DFW,731
2023-07-28 15:25:00,2023-07-28 16:45:00,0 days 01:20:00,True,Fri,DL,ATL,BUF,712
2023-07-29 20:05:00,2023-07-29 20:28:00,0 days 00:23:00,True,Sat,DL,ATL,PBI,545
2023-07-02 09:10:00,2023-07-02 09:08:00,-1 days +23:58:00,False,Sun,DL,ATL,CLE,554
2023-08-24 12:15:00,2023-08-24 12:13:00,-1 days +23:58:00,False,Thu,WN,ATL,DEN,1199
2023-04-11 07:19:00,2023-04-11 07:11:00,-1 days +23:52:00,False,Tue,YX,ATL,DCA,547
2023-08-16 08:15:00,2023-08-16 08:14:00,-1 days +23:59:00,False,Wed,DL,ATL,SLC,1590
2023-07-08 09:00:00,2023-07-08 08:54:00,-1 days +23:54:00,False,Sat,DL,ATL,EYW,646
2023-05-28 10:51:00,2023-05-28 10:44:00,-1 days +23:53:00,False,Sun,NK,ATL,LAX,1947
2023-03-27 12:20:00,2023-03-27 13:33:00,0 days 01:13:00,True,Mon,DL,ATL,RSW,515
2023-08-30 08:30:00,2023-08-30 08:24:00,-1 days +23:54:00,False,Wed,WN,ATL,CLE,554
2023-01-05 14:59:00,2023-01-05 15:52:00,0 days 00:53:00,True,Thu,DL,ATL,IAH,689
2023-01-02 22:25:00,2023-01-02 22:38:00,0 days 00:13:00,False,Mon,DL,ATL,MSP,907
2023-05-05 15:40:00,2023-05-05 15:55:00,0 days 00:15:00,False,Fri,OO,ATL,LFT,503
2023-06-02 09:07:00,2023-06-02 11:55:00,0 days 02:48:00,True,Fri,NK,ATL,FLL,581
2023-09-27 14:08:00,2023-09-27 14:06:00,-1 days +23:58:00,False,Wed,DL,ATL,MKE,669
2023-03-27 08:15:00,2023-03-27 08:35:00,0 days 00:20:00,True,Mon,DL,ATL,STL,484
2023-07-21 09:26:00,2023-07-21 10:37:00,0 days 01:11:00,True,Fri,DL,ATL,DAB,366
2023-09-10 14:05:00,2023-09-10 14:08:00,0 days 00:03:00,False,Sun,DL,ATL,AVL,164
2023-05-23 17:10:00,2023-05-23 17:07:00,-1 days +23:57:00,False,Tue,DL,ATL,PDX,2172
2023-02-26 11:10:00,2023-02-26 11:07:00,-1 days +23:57:00,False,Sun,DL,ATL,SAT,874
2023-12-06 18:15:00,2023-12-06 18:10:00,-1 days +23:55:00,False,Wed,DL,ATL,CMH,447
2023-07-03 19:20:00,2023-07-03 19:18:00,-1 days +23:58:00,False,Mon,DL,ATL,DCA,547
2023-01-26 11:39:00,2023-01-26 11:36:00,-1 days +23:57:00,False,Thu,YX,ATL,ORD,606
2023-02-24 19:37:00,2023-02-24 19:40:00,0 days 00:03:00,False,Fri,DL,ATL,MCO,404
2023-05-10 16:40:00,2023-05-10 16:35:00,-1 days +23:55:00,False,Wed,9E,ATL,GTR,241
2023-02-27 08:35:00,2023-02-27 08:38:00,0 days 00:03:00,False,Mon,DL,ATL,LIT,453
2023-03-31 11:55:00,2023-03-31 11:52:00,-1 days +23:57:00,False,Fri,9E,ATL,MLU,448
2023-05-12 15:35:00,2023-05-12 15:30:00,-1 days +23:55:00,False,Fri,9E,ATL,SHV,551
2023-04-02 08:55:00,2023-04-02 09:54:00,0 days 00:59:00,True,Sun,DL,ATL,ECP,240
2023-12-31 12:55:00,2023-12-31 12:52:00,-1 days +23:57:00,False,Sun,DL,ATL,MEM,332
2023-10-07 17:54:00,2023-10-07 18:35:00,0 days 00:41:00,True,Sat,DL,ATL,PHL,666
2023-01-03 15:10:00,2023-01-03 15:09:00,-1 days +23:59:00,False,Tue,DL,ATL,DTW,594
2023-12-08 20:10:00,2023-12-08 20:11:00,0 days 00:01:00,False,Fri,WN,ATL,DAL,721
2023-05-16 15:19:00,2023-05-16 15:15:00,-1 days +23:56:00,False,Tue,F9,ATL,SAT,874
2023-04-01 13:30:00,2023-04-01 13:40:00,0 days 00:10:00,False,Sat,WN,ATL,BWI,577
2023-04-02 23:35:00,2023-04-02 23:33:00,-1 days +23:58:00,False,Sun,DL,ATL,GSP,153
2023-03-27 10:38:00,2023-03-27 11:44:00,0 days 01:06:00,True,Mon,NK,ATL,PHL,666
2023-09-10 10:12:00,2023-09-10 10:15:00,0 days 00:03:00,False,Sun,DL,ATL,LAS,1747
2023-12-04 19:54:00,2023-12-04 19:52:00,-1 days +23:58:00,False,Mon,DL,ATL,SMF,2092
2023-01-23 09:35:00,2023-01-23 09:34:00,-1 days +23:59:00,False,Mon,DL,ATL,DSM,743
2023-11-19 17:24:00,2023-11-19 17:19:00,-1 days +23:55:00,False,Sun,DL,ATL,MCI,692
2023-01-12 11:05:00,2023-01-12 11:03:00,-1 days +23:58:00,False,Thu,9E,ATL,ABY,145
2023-01-29 07:05:00,2023-01-29 07:00:00,-1 days +23:55:00,False,Sun,WN,ATL,PHX,1587
2023-04-26 18:23:00,2023-04-26 18:21:00,-1 days +23:58:00,False,Wed,DL,ATL,TPA,406
2023-04-24 12:55:00,2023-04-24 12:59:00,0 days 00:04:00,False,Mon,WN,ATL,BNA,214
2023-09-21 18:07:00,2023-09-21 18:26:00,0 days 00:19:00,True,Thu,9E,ATL,CAE,192
2023-11-22 13:10:00,2023-11-22 13:07:00,-1 days +23:57:00,False,Wed,DL,ATL,SEA,2182
2023-05-12 09:50:00,2023-05-12 09:45:00,-1 days +23:55:00,False,Fri,OO,ATL,SBN,566
2023-10-26 08:14:00,2023-10-26 08:09:00,-1 days +23:55:00,False,Thu,9E,ATL,XNA,589
2023-05-31 22:30:00,2023-05-31 22:29:00,-1 days +23:59:00,False,Wed,DL,ATL,RDU,356
2023-05-21 08:31:00,2023-05-21 08:35:00,0 days 00:04:00,False,Sun,DL,ATL,JFK,760
2023-08-14 06:44:00,2023-08-14 06:42:00,-1 days +23:58:00,False,Mon,B6,ATL,LGA,762
2023-06-27 18:30:00,2023-06-27 18:30:00,0 days 00:00:00,False,Tue,DL,ATL,ORD,606
2023-01-23 08:26:00,2023-01-23 08:25:00,-1 days +23:59:00,False,Mon,DL,ATL,MCO,404
2023-11-12 08:40:00,2023-11-12 08:39:00,-1 days +23:59:00,False,Sun,DL,ATL,DTW,594
2023-02-08 21:45:00,2023-02-08 21:40:00,-1 days +23:55:00,False,Wed,9E,ATL,XNA,589
2023-11-22 15:38:00,2023-11-22 15:37:00,-1 days +23:59:00,False,Wed,DL,ATL,PVD,903
2023-11-15 17:32:00,2023-11-15 17:25:00,-1 days +23:53:00,False,Wed,DL,ATL,SFO,2139
2023-09-15 13:56:00,2023-09-15 13:52:00,-1 days +23:56:00,False,Fri,DL,ATL,MIA,594
2023-07-26 16:29:00,2023-07-26 16:28:00,-1 days +23:59:00,False,Wed,DL,ATL,TLH,223
2023-02-03 12:20:00,2023-02-03 12:34:00,0 days 00:14:00,False,Fri,WN,ATL,HOU,696
2023-06-02 15:27:00,2023-06-02 15:23:00,-1 days +23:56:00,False,Fri,DL,ATL,ROC,749
2023-11-05 06:25:00,2023-11-05 06:18:00,-1 days +23:53:00,False,Sun,WN,ATL,BNA,214
2023-08-06 19:31:00,2023-08-06 20:48:00,0 days 01:17:00,True,Sun,DL,ATL,GEG,1969
2023-10-26 17:10:00,2023-10-26 17:25:00,0 days 00:15:00,False,Thu,DL,ATL,BOS,946
2023-06-11 19:35:00,2023-06-11 19:55:00,0 days 00:20:00,True,Sun,DL,ATL,DAL,721
2023-10-14 09:15:00,2023-10-14 09:50:00,0 days 00:35:00,True,Sat,DL,ATL,MYR,317
2023-03-30 08:22:00,2023-03-30 08:47:00,0 days 00:25:00,True,Thu,F9,ATL,MCO,404
2023-06-05 14:14:00,2023-06-05 14:12:00,-1 days +23:58:00,False,Mon,DL,ATL,IAD,534
2023-07-15 05:45:00,2023-07-15 05:42:00,-1 days +23:57:00,False,Sat,NK,ATL,DTW,594
2023-07-16 08:15:00,2023-07-16 08:21:00,0 days 00:06:00,False,Sun,DL,ATL,SEA,2182
2023-10-17 11:20:00,2023-10-17 11:19:00,-1 days +23:59:00,False,Tue,DL,ATL,SEA,2182
2023-12-28 22:35:00,2023-12-28 22:34:00,-1 days +23:59:00,False,Thu,DL,ATL,JAN,341
2023-01-12 15:11:00,2023-01-12 15:12:00,0 days 00:01:00,False,Thu,DL,ATL,DTW,594
2023-07-02 07:44:00,2023-07-02 07:41:00,-1 days +23:57:00,False,Sun,DL,ATL,FLL,581
2023-08-21 09:58:00,2023-08-21 09:57:00,-1 days +23:59:00,False,Mon,DL,ATL,OKC,761
2023-10-21 15:58:00,2023-10-21 15:52:00,-1 days +23:54:00,False,Sat,DL,ATL,GSO,306
2023-10-24 12:35:00,2023-10-24 12:31:00,-1 days +23:56:00,False,Tue,DL,ATL,JFK,760
2023-08-16 10:20:00,2023-08-16 10:18:00,-1 days +23:58:00,False,Wed,DL,ATL,LAS,1747
2023-01-01 19:40:00,2023-01-01 20:13:00,0 days 00:33:00,True,Sun,WN,ATL,AUS,813
2023-06-19 18:14:00,2023-06-19 18:10:00,-1 days +23:56:00,False,Mon,AA,ATL,PHX,1587
2023-03-01 14:45:00,2023-03-01 14:41:00,-1 days +23:56:00,False,Wed,NK,ATL,DTW,594
2023-04-18 09:00:00,2023-04-18 08:58:00,-1 days +23:58:00,False,Tue,DL,ATL,JAX,270
2023-02-12 11:45:00,2023-02-12 11:44:00,-1 days +23:59:00,False,Sun,WN,ATL,JAX,270
2023-07-10 13:08:00,2023-07-10 15:22:00,0 days 02:14:00,True,Mon,B6,ATL,JFK,760
2023-01-31 12:28:00,2023-01-31 12:40:00,0 days 00:12:00,False,Tue,DL,ATL,DAY,432
2023-06-11 21:59:00,2023-06-11 21:56:00,-1 days +23:57:00,False,Sun,DL,ATL,MDT,620
2023-02-23 13:55:00,2023-02-23 13:53:00,-1 days +23:58:00,False,Thu,9E,ATL,FAY,331
2023-02-07 22:10:00,2023-02-07 22:09:00,-1 days +23:59:00,False,Tue,DL,ATL,RDU,356
2023-10-14 08:10:00,2023-10-14 08:06:00,-1 days +23:56:00,False,Sat,DL,ATL,HOU,696
2023-08-26 17:40:00,2023-08-26 20:23:00,0 days 02:43:00,True,Sat,WN,ATL,BWI,577
2023-03-11 20:24:00,2023-03-11 20:39:00,0 days 00:15:00,False,Sat,UA,ATL,EWR,746
2023-05-10 16:20:00,2023-05-10 16:41:00,0 days 00:21:00,True,Wed,DL,ATL,IAD,534
2023-06-13 16:20:00,2023-06-13 16:18:00,-1 days +23:58:00,False,Tue,DL,ATL,LGA,762
2023-08-10 22:23:00,2023-08-10 23:49:00,0 days 01:26:00,True,Thu,DL,ATL,FSD,954
2023-01-22 09:25:00,2023-01-22 09:22:00,-1 days +23:57:00,False,Sun,WN,ATL,JAN,341
2023-10-18 12:35:00,2023-10-18 12:33:00,-1 days +23:58:00,False,Wed,DL,ATL,SDF,321
2023-02-03 16:40:00,2023-02-03 17:07:00,0 days 00:27:00,True,Fri,DL,ATL,MCO,404
2023-08-13 11:17:00,2023-08-13 11:12:00,-1 days +23:55:00,False,Sun,AA,ATL,MIA,594
2023-02-05 16:45:00,2023-02-05 16:45:00,0 days 00:00:00,False,Sun,DL,ATL,EWR,746
2023-01-04 20:55:00,2023-01-04 23:00:00,0 days 02:05:00,True,Wed,DL,ATL,SDF,321
2023-05-05 21:20:00,2023-05-05 21:20:00,0 days 00:00:00,False,Fri,DL,ATL,GSP,153
2023-09-15 09:45:00,2023-09-15 09:52:00,0 days 00:07:00,False,Fri,DL,ATL,DTW,594
2023-03-31 16:13:00,2023-03-31 17:08:00,0 days 00:55:00,True,Fri,9E,ATL,ROA,357
2023-07-21 18:33:00,2023-07-21 18:25:00,-1 days +23:52:00,False,Fri,DL,ATL,HPN,780
2023-04-05 22:50:00,2023-04-05 22:59:00,0 days 00:09:00,False,Wed,DL,ATL,ROA,357
2023-07-28 17:57:00,2023-07-28 17:51:00,-1 days +23:54:00,False,Fri,DL,ATL,GNV,300
2023-01-26 22:49:00,2023-01-26 22:52:00,0 days 00:03:00,False,Thu,DL,ATL,LAX,1947
2023-03-07 18:13:00,2023-03-07 18:05:00,-1 days +23:52:00,False,Tue,UA,ATL,DEN,1199
2023-04-24 22:50:00,2023-04-24 23:17:00,0 days 00:27:00,True,Mon,DL,ATL,ECP,240
2023-05-03 10:05:00,2023-05-03 10:03:00,-1 days +23:58:00,False,Wed,DL,ATL,MSN,707
2023-07-18 18:05:00,2023-07-18 18:01:00,-1 days +23:56:00,False,Tue,9E,ATL,AGS,143
2023-01-11 18:03:00,2023-01-11 18:00:00,-1 days +23:57:00,False,Wed,DL,ATL,VPS,250
2023-10-09 11:55:00,2023-10-09 11:52:00,-1 days +23:57:00,False,Mon,DL,ATL,GNV,300
2023-07-26 09:41:00,2023-07-26 09:32:00,-1 days +23:51:00,False,Wed,B6,ATL,BOS,946
2023-11-04 22:40:00,2023-11-04 22:35:00,-1 days +23:55:00,False,Sat,DL,ATL,CLT,226
2023-07-31 11:11:00,2023-07-31 11:08:00,-1 days +23:57:00,False,Mon,DL,ATL,MDW,591
2023-10-30 11:00:00,2023-10-30 10:52:00,-1 days +23:52:00,False,Mon,DL,ATL,AVL,164
2023-11-27 17:46:00,2023-11-27 17:48:00,0 days 00:02:00,False,Mon,B6,ATL,LGA,762
2023-08-31 08:35:00,2023-08-31 08:33:00,-1 days +23:58:00,False,Thu,DL,ATL,DAL,721
2023-01-06 15:40:00,2023-01-06 15:36:00,-1 days +23:56:00,False,Fri,DL,ATL,DAL,721
2023-01-11 16:26:00,2023-01-11 17:43:00,0 days 01:17:00,True,Wed,DL,ATL,MEM,332
2023-10-19 16:20:00,2023-10-19 17:56:00,0 days 01:36:00,True,Thu,DL,ATL,IND,432
2023-08-15 13:51:00,2023-08-15 13:48:00,-1 days +23:57:00,False,Tue,DL,ATL,PNS,271
2023-01-28 12:00:00,2023-01-28 11:58:00,-1 days +23:58:00,False,Sat,DL,ATL,PBI,545
2023-10-06 20:55:00,2023-10-06 20:52:00,-1 days +23:57:00,False,Fri,DL,ATL,PHL,666
2023-11-19 20:45:00,2023-11-19 20:39:00,-1 days +23:54:00,False,Sun,DL,ATL,CID,694
2023-09-30 18:10:00,2023-09-30 18:15:00,0 days 00:05:00,False,Sat,DL,ATL,JFK,760
2023-02-01 14:50:00,2023-02-01 14:48:00,-1 days +23:58:00,False,Wed,DL,ATL,RSW,515
2023-12-14 14:25:00,2023-12-14 14:23:00,-1 days +23:58:00,False,Thu,WN,ATL,MCI,692
2023-04-09 08:45:00,2023-04-09 08:41:00,-1 days +23:56:00,False,Sun,DL,ATL,OMA,821
2023-04-08 09:52:00,2023-04-08 09:51:00,-1 days +23:59:00,False,Sat,DL,ATL,DEN,1199
2023-03-12 20:46:00,2023-03-12 21:24:00,0 days 00:38:00,True,Sun,DL,ATL,PHX,1587
2023-01-12 11:10:00,2023-01-12 11:24:00,0 days 00:14:00,False,Thu,WN,ATL,DCA,547
2023-12-09 14:50:00,2023-12-09 15:30:00,0 days 00:40:00,True,Sat,WN,ATL,MKE,669
2023-04-02 06:20:00,2023-04-02 06:27:00,0 days 00:07:00,False,Sun,F9,ATL,BWI,577
2023-12-30 19:25:00,2023-12-30 19:21:00,-1 days +23:56:00,False,Sat,9E,ATL,JAN,341
2023-11-02 09:12:00,2023-11-02 09:43:00,0 days 00:31:00,True,Thu,9E,ATL,MGM,147
2023-10-03 09:00:00,2023-10-03 08:57:00,-1 days +23:57:00,False,Tue,NK,ATL,LAX,1947
2023-03-26 19:49:00,2023-03-26 20:59:00,0 days 01:10:00,True,Sun,DL,ATL,TLH,223
2023-08-01 20:55:00,2023-08-01 20:46:00,-1 days +23:51:00,False,Tue,DL,ATL,PHX,1587
2023-10-31 07:05:00,2023-10-31 07:00:00,-1 days +23:55:00,False,Tue,WN,ATL,BWI,577
2023-08-31 09:24:00,2023-08-31 09:23:00,-1 days +23:59:00,False,Thu,DL,ATL,BUF,712
2023-11-17 16:07:00,2023-11-17 16:01:00,-1 days +23:54:00,False,Fri,DL,ATL,CAE,192
2023-10-18 08:35:00,2023-10-18 08:40:00,0 days 00:05:00,False,Wed,DL,ATL,TPA,406
2023-12-18 15:57:00,2023-12-18 15:53:00,-1 days +23:56:00,False,Mon,DL,ATL,MSN,707
2023-02-15 12:38:00,2023-02-15 12:36:00,-1 days +23:58:00,False,Wed,DL,ATL,PHX,1587
2023-05-08 16:52:00,2023-05-08 16:44:00,-1 days +23:52:00,False,Mon,DL,ATL,PBI,545
2023-01-07 15:53:00,2023-01-07 15:49:00,-1 days +23:56:00,False,Sat,9E,ATL,AGS,143
2023-06-13 09:05:00,2023-06-13 09:56:00,0 days 00:51:00,True,Tue,F9,ATL,DEN,1199
2023-12-07 10:39:00,2023-12-07 10:36:00,-1 days +23:57:00,False,Thu,DL,ATL,PNS,271
2023-07-11 12:30:00,2023-07-11 13:16:00,0 days 00:46:00,True,Tue,DL,ATL,LGA,762
2023-03-07 15:45:00,2023-03-07 15:42:00,-1 days +23:57:00,False,Tue,DL,ATL,DSM,743
2023-11-12 06:45:00,2023-11-12 06:38:00,-1 days +23:53:00,False,Sun,F9,ATL,LAS,1747
2023-07-31 12:02:00,2023-07-31 12:05:00,0 days 00:03:00,False,Mon,DL,ATL,SLC,1590
2023-12-29 11:04:00,2023-12-29 11:03:00,-1 days +23:59:00,False,Fri,DL,ATL,TPA,406
2023-05-15 20:45:00,2023-05-15 20:57:00,0 days 00:12:00,False,Mon,DL,ATL,CMH,447
2023-07-08 22:40:00,2023-07-08 22:35:00,-1 days +23:55:00,False,Sat,DL,ATL,STL,484
2023-11-04 06:55:00,2023-11-04 06:54:00,-1 days +23:59:00,False,Sat,WN,ATL,TPA,406
2023-10-12 11:55:00,2023-10-12 11:51:00,-1 days +23:56:00,False,Thu,DL,ATL,EWR,746
2023-07-22 11:25:00,2023-07-22 11:22:00,-1 days +23:57:00,False,Sat,DL,ATL,AUS,813
2023-07-13 14:01:00,2023-07-13 13:58:00,-1 days +23:57:00,False,Thu,DL,ATL,DAL,721
2023-05-26 10:05:00,2023-05-26 10:18:00,0 days 00:13:00,False,Fri,NK,ATL,DFW,731
2023-02-09 21:00:00,2023-02-09 21:08:00,0 days 00:08:00,False,Thu,DL,ATL,MIA,594
2023-05-18 08:37:00,2023-05-18 08:47:00,0 days 00:10:00,False,Thu,F9,ATL,MCO,404
2023-11-14 09:20:00,2023-11-14 09:14:00,-1 days +23:54:00,False,Tue,DL,ATL,BTR,448
2023-05-02 07:00:00,2023-05-02 06:56:00,-1 days +23:56:00,False,Tue,AA,ATL,MIA,594
2023-09-22 19:30:00,2023-09-22 19:57:00,0 days 00:27:00,True,Fri,WN,ATL,SDF,321
2023-04-08 10:07:00,2023-04-08 10:04:00,-1 days +23:57:00,False,Sat,DL,ATL,MCI,692
2023-11-24 19:30:00,2023-11-24 19:19:00,-1 days +23:49:00,False,Fri,DL,ATL,GNV,300
2023-09-14 20:45:00,2023-09-14 22:14:00,0 days 01:29:00,True,Thu,DL,ATL,LAX,1947
2023-07-12 14:50:00,2023-07-12 14:58:00,0 days 00:08:00,False,Wed,DL,ATL,LGA,762
2023-04-05 15:15:00,2023-04-05 15:11:00,-1 days +23:56:00,False,Wed,9E,ATL,BTR,448
2023-07-19 21:35:00,2023-07-19 21:31:00,-1 days +23:56:00,False,Wed,WN,ATL,BWI,577
2023-05-16 15:35:00,2023-05-16 15:30:00,-1 days +23:55:00,False,Tue,OO,ATL,HPN,780
2023-01-26 16:50:00,2023-01-26 17:01:00,0 days 00:11:00,False,Thu,DL,ATL,BHM,134
2023-06-14 22:10:00,2023-06-14 22:55:00,0 days 00:45:00,True,Wed,WN,ATL,RSW,515
2023-11-06 10:05:00,2023-11-06 10:03:00,-1 days +23:58:00,False,Mon,DL,ATL,DFW,731
2023-05-18 10:50:00,2023-05-18 10:49:00,-1 days +23:59:00,False,Thu,DL,ATL,MIA,594
2023-01-26 19:54:00,2023-01-26 19:51:00,-1 days +23:57:00,False,Thu,DL,ATL,MCI,692
2023-01-09 16:50:00,2023-01-09 16:40:00,-1 days +23:50:00,False,Mon,9E,ATL,MGM,147
2023-01-30 17:20:00,2023-01-30 17:21:00,0 days 00:01:00,False,Mon,DL,ATL,SRQ,444
2023-02-05 15:52:00,2023-02-05 15:52:00,0 days 00:00:00,False,Sun,DL,ATL,PDX,2172
2023-05-03 22:44:00,2023-05-03 22:50:00,0 days 00:06:00,False,Wed,DL,ATL,JAX,270
2023-05-16 07:15:00,2023-05-16 07:11:00,-1 days +23:56:00,False,Tue,DL,ATL,DEN,1199
2023-04-27 08:15:00,2023-04-27 08:16:00,0 days 00:01:00,False,Thu,DL,ATL,JAN,341
2023-02-23 10:55:00,2023-02-23 10:49:00,-1 days +23:54:00,False,Thu,WN,ATL,GSP,153
2023-02-16 14:12:00,2023-02-16 14:30:00,0 days 00:18:00,True,Thu,NK,ATL,DFW,731
2023-12-18 08:50:00,2023-12-18 08:45:00,-1 days +23:55:00,False,Mon,WN,ATL,SDF,321
2023-03-09 20:09:00,2023-03-09 20:05:00,-1 days +23:56:00,False,Thu,DL,ATL,SFO,2139
2023-08-12 12:25:00,2023-08-12 12:20:00,-1 days +23:55:00,False,Sat,9E,ATL,LFT,503
2023-08-02 21:30:00,2023-08-02 21:28:00,-1 days +23:58:00,False,Wed,DL,ATL,BDL,859
2023-06-25 20:55:00,2023-06-25 23:35:00,0 days 02:40:00,True,Sun,DL,ATL,CID,694
2023-06-12 18:51:00,2023-06-12 19:50:00,0 days 00:59:00,True,Mon,DL,ATL,LAS,1747
2023-06-20 09:19:00,2023-06-20 09:18:00,-1 days +23:59:00,False,Tue,DL,ATL,GPT,352
2023-09-30 19:45:00,2023-09-30 19:48:00,0 days 00:03:00,False,Sat,DL,ATL,DCA,547
2023-10-21 10:10:00,2023-10-21 10:08:00,-1 days +23:58:00,False,Sat,DL,ATL,LAS,1747
2023-11-30 10:05:00,2023-11-30 10:03:00,-1 days +23:58:00,False,Thu,DL,ATL,LAS,1747
2023-12-25 16:40:00,2023-12-25 16:39:00,-1 days +23:59:00,False,Mon,WN,ATL,BWI,577
2023-05-25 08:10:00,2023-05-25 08:18:00,0 days 00:08:00,False,Thu,DL,ATL,VPS,250
2023-07-30 21:58:00,2023-07-30 22:56:00,0 days 00:58:00,True,Sun,OO,ATL,MGM,147
2023-12-22 13:25:00,2023-12-22 16:10:00,0 days 02:45:00,True,Fri,WN,ATL,DAL,721
2023-10-05 16:10:00,2023-10-05 16:14:00,0 days 00:04:00,False,Thu,WN,ATL,MDW,591
2023-05-27 19:35:00,2023-05-27 19:43:00,0 days 00:08:00,False,Sat,AS,ATL,SEA,2182
2023-01-31 19:19:00,2023-01-31 19:51:00,0 days 00:32:00,True,Tue,B6,ATL,JFK,760
2023-06-29 12:28:00,2023-06-29 12:27:00,-1 days +23:59:00,False,Thu,DL,ATL,MCI,692
2023-02-01 12:35:00,2023-02-01 12:40:00,0 days 00:05:00,False,Wed,DL,ATL,BOS,946
2023-08-15 11:00:00,2023-08-15 11:32:00,0 days 00:32:00,True,Tue,DL,ATL,BNA,214
2023-05-26 08:50:00,2023-05-26 09:56:00,0 days 01:06:00,True,Fri,DL,ATL,FLL,581
2023-10-15 09:29:00,2023-10-15 09:23:00,-1 days +23:54:00,False,Sun,DL,ATL,ICT,782
2023-11-24 16:30:00,2023-11-24 16:23:00,-1 days +23:53:00,False,Fri,9E,ATL,BHM,134
2023-09-06 13:30:00,2023-09-06 13:27:00,-1 days +23:57:00,False,Wed,DL,ATL,DEN,1199
2023-12-08 14:15:00,2023-12-08 14:10:00,-1 days +23:55:00,False,Fri,DL,ATL,BOS,946
2023-03-22 22:00:00,2023-03-22 22:39:00,0 days 00:39:00,True,Wed,WN,ATL,RDU,356
2023-04-06 20:10:00,2023-04-06 20:06:00,-1 days +23:56:00,False,Thu,WN,ATL,SAT,874
2023-04-28 21:55:00,2023-04-28 21:49:00,-1 days +23:54:00,False,Fri,OO,ATL,MGM,147
2023-06-27 15:10:00,2023-06-27 15:20:00,0 days 00:10:00,False,Tue,9E,ATL,TLH,223
2023-09-24 10:15:00,2023-09-24 10:15:00,0 days 00:00:00,False,Sun,DL,ATL,DCA,547
2023-08-13 10:25:00,2023-08-13 10:24:00,-1 days +23:59:00,False,Sun,DL,ATL,HNL,4502
2023-10-30 09:00:00,2023-10-30 09:04:00,0 days 00:04:00,False,Mon,AS,ATL,SEA,2182
2023-09-09 18:52:00,2023-09-09 18:45:00,-1 days +23:53:00,False,Sat,UA,ATL,ORD,606
2023-04-12 21:55:00,2023-04-12 21:51:00,-1 days +23:56:00,False,Wed,DL,ATL,SFO,2139
2023-10-27 06:15:00,2023-10-27 06:14:00,-1 days +23:59:00,False,Fri,WN,ATL,DEN,1199
2023-02-10 20:36:00,2023-02-10 20:33:00,-1 days +23:57:00,False,Fri,DL,ATL,SNA,1919
2023-02-08 10:15:00,2023-02-08 10:11:00,-1 days +23:56:00,False,Wed,DL,ATL,LGA,762
2023-05-27 11:58:00,2023-05-27 12:03:00,0 days 00:05:00,False,Sat,UA,ATL,IAH,689
2023-11-17 21:56:00,2023-11-17 21:48:00,-1 days +23:52:00,False,Fri,DL,ATL,SGF,563
2023-10-11 10:13:00,2023-10-11 10:38:00,0 days 00:25:00,True,Wed,DL,ATL,PIT,526
2023-07-18 22:55:00,2023-07-18 23:47:00,0 days 00:52:00,True,Tue,F9,ATL,MDW,591
2023-01-04 19:50:00,2023-01-04 19:49:00,-1 days +23:59:00,False,Wed,OO,ATL,FWA,508
2023-11-05 08:20:00,2023-11-05 08:16:00,-1 days +23:56:00,False,Sun,9E,ATL,HSV,151
2023-03-04 19:40:00,2023-03-04 19:37:00,-1 days +23:57:00,False,Sat,DL,ATL,ATW,765
2023-01-12 15:20:00,2023-01-12 15:49:00,0 days 00:29:00,True,Thu,DL,ATL,LAS,1747
2023-04-13 17:17:00,2023-04-13 17:21:00,0 days 00:04:00,False,Thu,DL,ATL,IAD,534
2023-01-23 06:00:00,2023-01-23 06:16:00,0 days 00:16:00,True,Mon,NK,ATL,MSP,907
2023-08-31 08:15:00,2023-08-31 08:13:00,-1 days +23:58:00,False,Thu,DL,ATL,ECP,240
2023-11-17 20:59:00,2023-11-17 22:14:00,0 days 01:15:00,True,Fri,F9,ATL,PHX,1587
2023-04-27 14:15:00,2023-04-27 14:48:00,0 days 00:33:00,True,Thu,DL,ATL,SRQ,444
2023-02-13 19:25:00,2023-02-13 19:21:00,-1 days +23:56:00,False,Mon,WN,ATL,STL,484
2023-08-31 15:54:00,2023-08-31 15:51:00,-1 days +23:57:00,False,Thu,DL,ATL,MSP,907
2023-04-11 14:00:00,2023-04-11 13:58:00,-1 days +23:58:00,False,Tue,DL,ATL,MCO,404
2023-11-07 06:10:00,2023-11-07 06:07:00,-1 days +23:57:00,False,Tue,WN,ATL,DEN,1199
2023-05-21 22:37:00,2023-05-21 22:41:00,0 days 00:04:00,False,Sun,DL,ATL,CLT,226
2023-03-06 07:35:00,2023-03-06 07:49:00,0 days 00:14:00,False,Mon,DL,ATL,GNV,300
2023-07-20 07:05:00,2023-07-20 07:05:00,0 days 00:00:00,False,Thu,WN,ATL,LAS,1747
2023-01-29 18:33:00,2023-01-29 18:47:00,0 days 00:14:00,False,Sun,F9,ATL,LAS,1747
2023-05-13 13:45:00,2023-05-13 13:45:00,0 days 00:00:00,False,Sat,DL,ATL,OKC,761
2023-05-07 13:15:00,2023-05-07 13:15:00,0 days 00:00:00,False,Sun,WN,ATL,MCO,404
2023-02-12 16:59:00,2023-02-12 16:56:00,-1 days +23:57:00,False,Sun,DL,ATL,RSW,515
2023-09-15 13:00:00,2023-09-15 13:20:00,0 days 00:20:00,True,Fri,DL,ATL,ECP,240
2023-11-26 22:02:00,2023-11-26 22:07:00,0 days 00:05:00,False,Sun,UA,ATL,ORD,606
2023-09-28 22:00:00,2023-09-28 22:04:00,0 days 00:04:00,False,Thu,DL,ATL,ORF,516
2023-08-13 15:45:00,2023-08-13 15:44:00,-1 days +23:59:00,False,Sun,DL,ATL,SAT,874
2023-02-26 19:30:00,2023-02-26 19:34:00,0 days 00:04:00,False,Sun,WN,ATL,LAS,1747
2023-02-20 20:54:00,2023-02-20 20:53:00,-1 days +23:59:00,False,Mon,DL,ATL,PIT,526
2023-06-24 09:15:00,2023-06-24 09:29:00,0 days 00:14:00,False,Sat,NK,ATL,MSP,907
2023-08-25 08:10:00,2023-08-25 08:08:00,-1 days +23:58:00,False,Fri,DL,ATL,SFO,2139
2023-12-07 23:10:00,2023-12-07 23:28:00,0 days 00:18:00,True,Thu,DL,ATL,JAX,270
2023-02-18 19:50:00,2023-02-18 19:57:00,0 days 00:07:00,False,Sat,DL,ATL,SMF,2092
2023-05-24 16:20:00,2023-05-24 16:29:00,0 days 00:09:00,False,Wed,DL,ATL,IAD,534
2023-12-19 14:17:00,2023-12-19 14:15:00,-1 days +23:58:00,False,Tue,DL,ATL,CMH,447
2023-11-26 20:49:00,2023-11-26 21:26:00,0 days 00:37:00,True,Sun,DL,ATL,PHL,666
2023-07-17 18:26:00,2023-07-17 18:57:00,0 days 00:31:00,True,Mon,DL,ATL,PBI,545
2023-04-25 13:00:00,2023-04-25 12:57:00,-1 days +23:57:00,False,Tue,9E,ATL,CHA,106
2023-12-12 10:50:00,2023-12-12 10:45:00,-1 days +23:55:00,False,Tue,WN,ATL,RSW,515
2023-07-17 19:55:00,2023-07-17 19:58:00,0 days 00:03:00,False,Mon,WN,ATL,DCA,547
2023-10-27 19:35:00,2023-10-27 19:32:00,-1 days +23:57:00,False,Fri,DL,ATL,TLH,223
2023-10-07 22:05:00,2023-10-07 22:01:00,-1 days +23:56:00,False,Sat,DL,ATL,GRR,640
2023-06-28 15:08:00,2023-06-28 15:06:00,-1 days +23:58:00,False,Wed,DL,ATL,JAX,270
2023-07-17 14:00:00,2023-07-17 13:59:00,-1 days +23:59:00,False,Mon,DL,ATL,SJU,1547
2023-10-29 05:50:00,2023-10-29 05:52:00,0 days 00:02:00,False,Sun,NK,ATL,CLE,554
2023-06-26 09:06:00,2023-06-26 09:13:00,0 days 00:07:00,False,Mon,DL,ATL,DAY,432
2023-08-09 12:57:00,2023-08-09 12:54:00,-1 days +23:57:00,False,Wed,DL,ATL,SAV,214
2023-07-05 09:45:00,2023-07-05 09:47:00,0 days 00:02:00,False,Wed,WN,ATL,HOU,696
2023-02-04 12:55:00,2023-02-04 12:52:00,-1 days +23:57:00,False,Sat,DL,ATL,ORD,606
2023-06-07 11:00:00,2023-06-07 10:57:00,-1 days +23:57:00,False,Wed,DL,ATL,PIT,526
2023-04-01 10:30:00,2023-04-01 11:14:00,0 days 00:44:00,True,Sat,WN,ATL,MSY,425
2023-01-16 09:51:00,2023-01-16 09:59:00,0 days 00:08:00,False,Mon,DL,ATL,STT,1599
2023-08-13 07:13:00,2023-08-13 07:07:00,-1 days +23:54:00,False,Sun,UA,ATL,EWR,746
2023-01-06 10:35:00,2023-01-06 10:31:00,-1 days +23:56:00,False,Fri,NK,ATL,MIA,594
2023-05-09 22:54:00,2023-05-09 22:47:00,-1 days +23:53:00,False,Tue,DL,ATL,SAT,874
2023-01-22 15:57:00,2023-01-22 16:01:00,0 days 00:04:00,False,Sun,DL,ATL,TPA,406
2023-02-21 15:45:00,2023-02-21 15:41:00,-1 days +23:56:00,False,Tue,DL,ATL,MSN,707
2023-04-29 08:10:00,2023-04-29 08:07:00,-1 days +23:57:00,False,Sat,9E,ATL,XNA,589
2023-08-09 21:40:00,2023-08-09 22:39:00,0 days 00:59:00,True,Wed,NK,ATL,LAS,1747
2023-07-18 07:44:00,2023-07-18 07:41:00,-1 days +23:57:00,False,Tue,DL,ATL,FLL,581
2023-01-08 06:00:00,2023-01-08 05:56:00,-1 days +23:56:00,False,Sun,AA,ATL,DFW,731
2023-05-18 07:05:00,2023-05-18 07:03:00,-1 days +23:58:00,False,Thu,DL,ATL,CLT,226
2023-11-04 17:55:00,2023-11-04 18:03:00,0 days 00:08:00,False,Sat,DL,ATL,LAX,1947
2023-03-10 17:46:00,2023-03-10 17:45:00,-1 days +23:59:00,False,Fri,DL,ATL,CHS,259
2023-04-12 19:36:00,2023-04-12 19:40:00,0 days 00:04:00,False,Wed,UA,ATL,SFO,2139
2023-09-27 21:24:00,2023-09-27 21:23:00,-1 days +23:59:00,False,Wed,DL,ATL,JFK,760
2023-05-29 14:07:00,2023-05-29 14:05:00,-1 days +23:58:00,False,Mon,DL,ATL,MCO,404
2023-03-07 08:10:00,2023-03-07 08:22:00,0 days 00:12:00,False,Tue,DL,ATL,PBI,545
2023-02-28 17:20:00,2023-02-28 18:49:00,0 days 01:29:00,True,Tue,DL,ATL,PIT,526
2023-04-16 12:00:00,2023-04-16 11:59:00,-1 days +23:59:00,False,Sun,DL,ATL,GNV,300
2023-07-15 21:00:00,2023-07-15 21:34:00,0 days 00:34:00,True,Sat,DL,ATL,ORF,516
2023-11-14 18:25:00,2023-11-14 18:21:00,-1 days +23:56:00,False,Tue,DL,ATL,PBI,545
2023-04-01 11:59:00,2023-04-01 11:59:00,0 days 00:00:00,False,Sat,DL,ATL,BWI,577
2023-11-26 22:50:00,2023-11-26 22:47:00,-1 days +23:57:00,False,Sun,DL,ATL,TUL,674
2023-09-14 11:15:00,2023-09-14 11:13:00,-1 days +23:58:00,False,Thu,DL,ATL,TUS,1541
2023-08-14 13:54:00,2023-08-14 13:53:00,-1 days +23:59:00,False,Mon,DL,ATL,JFK,760
2023-11-06 14:00:00,2023-11-06 14:00:00,0 days 00:00:00,False,Mon,DL,ATL,SLC,1590
2023-09-29 07:08:00,2023-09-29 07:06:00,-1 days +23:58:00,False,Fri,DL,ATL,LAS,1747
2023-05-08 22:40:00,2023-05-08 22:38:00,-1 days +23:58:00,False,Mon,DL,ATL,SDF,321
2023-07-10 08:25:00,2023-07-10 08:55:00,0 days 00:30:00,True,Mon,DL,ATL,CHA,106
2023-03-17 11:05:00,2023-03-17 11:05:00,0 days 00:00:00,False,Fri,DL,ATL,LAX,1947
2023-01-25 11:52:00,2023-01-25 11:52:00,0 days 00:00:00,False,Wed,YX,ATL,LGA,762
2023-02-12 19:55:00,2023-02-12 19:55:00,0 days 00:00:00,False,Sun,DL,ATL,DCA,547
2023-09-11 22:36:00,2023-09-11 22:37:00,0 days 00:01:00,False,Mon,NK,ATL,IAH,689
2023-12-15 09:52:00,2023-12-15 09:49:00,-1 days +23:57:00,False,Fri,DL,ATL,SJU,1547
2023-12-01 08:30:00,2023-12-01 08:25:00,-1 days +23:55:00,False,Fri,DL,ATL,BHM,134
2023-11-29 19:30:00,2023-11-29 19:28:00,-1 days +23:58:00,False,Wed,DL,ATL,LGA,762
2023-05-09 07:10:00,2023-05-09 07:09:00,-1 days +23:59:00,False,Tue,DL,ATL,BDL,859
2023-02-02 20:35:00,2023-02-02 20:34:00,-1 days +23:59:00,False,Thu,DL,ATL,MCO,404
2023-03-03 20:50:00,2023-03-03 21:35:00,0 days 00:45:00,True,Fri,DL,ATL,CMH,447
2023-04-01 16:51:00,2023-04-01 17:39:00,0 days 00:48:00,True,Sat,DL,ATL,BNA,214
2023-04-20 15:30:00,2023-04-20 15:27:00,-1 days +23:57:00,False,Thu,DL,ATL,XNA,589
2023-04-14 20:25:00,2023-04-14 22:29:00,0 days 02:04:00,True,Fri,NK,ATL,MSY,425
2023-11-25 16:48:00,2023-11-25 16:46:00,-1 days +23:58:00,False,Sat,DL,ATL,JAX,270
2023-06-24 19:20:00,2023-06-24 19:19:00,-1 days +23:59:00,False,Sat,DL,ATL,CMH,447
2023-02-06 08:05:00,2023-02-06 08:04:00,-1 days +23:59:00,False,Mon,DL,ATL,SLC,1590
2023-10-20 17:50:00,2023-10-20 17:53:00,0 days 00:03:00,False,Fri,AA,ATL,PHL,666
2023-09-10 23:00:00,2023-09-10 23:00:00,0 days 00:00:00,False,Sun,DL,ATL,LIT,453
2023-01-16 12:26:00,2023-01-16 12:22:00,-1 days +23:56:00,False,Mon,DL,ATL,SDF,321
2023-08-13 20:25:00,2023-08-13 20:24:00,-1 days +23:59:00,False,Sun,WN,ATL,MCO,404
2023-07-20 09:50:00,2023-07-20 10:21:00,0 days 00:31:00,True,Thu,DL,ATL,IAH,689
2023-07-27 11:30:00,2023-07-27 11:33:00,0 days 00:03:00,False,Thu,WN,ATL,CMH,447
2023-07-15 19:30:00,2023-07-15 20:25:00,0 days 00:55:00,True,Sat,DL,ATL,MSY,425
2023-04-26 08:23:00,2023-04-26 08:23:00,0 days 00:00:00,False,Wed,DL,ATL,TPA,406
2023-02-15 20:45:00,2023-02-15 21:02:00,0 days 00:17:00,True,Wed,NK,ATL,DTW,594
2023-07-12 07:19:00,2023-07-12 07:12:00,-1 days +23:53:00,False,Wed,YX,ATL,DCA,547
2023-12-11 19:55:00,2023-12-11 19:50:00,-1 days +23:55:00,False,Mon,DL,ATL,JAX,270
2023-05-14 19:59:00,2023-05-14 19:56:00,-1 days +23:57:00,False,Sun,9E,ATL,ABY,145
2023-02-26 09:40:00,2023-02-26 09:54:00,0 days 00:14:00,False,Sun,DL,ATL,ORF,516
2023-01-28 23:10:00,2023-01-29 02:00:00,0 days 02:50:00,True,Sun,DL,ATL,MSY,425
2023-12-26 08:10:00,2023-12-26 08:08:00,-1 days +23:58:00,False,Tue,WN,ATL,MDW,591
2023-01-09 16:20:00,2023-01-09 16:31:00,0 days 00:11:00,False,Mon,DL,ATL,IAH,689
2023-07-29 08:35:00,2023-07-29 08:38:00,0 days 00:03:00,False,Sat,DL,ATL,PIT,526
2023-10-11 08:10:00,2023-10-11 08:02:00,-1 days +23:52:00,False,Wed,DL,ATL,CHS,259
2023-05-04 13:12:00,2023-05-04 14:03:00,0 days 00:51:00,True,Thu,DL,ATL,DEN,1199
2023-12-28 10:00:00,2023-12-28 10:00:00,0 days 00:00:00,False,Thu,WN,ATL,JAX,270
2023-12-26 10:58:00,2023-12-26 10:52:00,-1 days +23:54:00,False,Tue,DL,ATL,PSP,1840
2023-11-17 16:00:00,2023-11-17 15:58:00,-1 days +23:58:00,False,Fri,DL,ATL,RDU,356
2023-08-01 12:52:00,2023-08-01 12:49:00,-1 days +23:57:00,False,Tue,DL,ATL,LEX,304
2023-08-18 06:15:00,2023-08-18 06:16:00,0 days 00:01:00,False,Fri,WN,ATL,MDW,591
2023-04-04 22:49:00,2023-04-04 22:48:00,-1 days +23:59:00,False,Tue,DL,ATL,SAT,874
2023-09-12 11:05:00,2023-09-12 11:03:00,-1 days +23:58:00,False,Tue,DL,ATL,MSY,425
2023-09-25 22:57:00,2023-09-25 23:23:00,0 days 00:26:00,True,Mon,DL,ATL,IAH,689
2023-03-20 14:30:00,2023-03-20 14:26:00,-1 days +23:56:00,False,Mon,NK,ATL,IAH,689
2023-03-11 09:50:00,2023-03-11 10:15:00,0 days 00:25:00,True,Sat,DL,ATL,TPA,406
2023-11-03 09:09:00,2023-11-03 09:14:00,0 days 00:05:00,False,Fri,DL,ATL,MDW,591
2023-02-20 21:10:00,2023-02-20 21:04:00,-1 days +23:54:00,False,Mon,9E,ATL,MGM,147
2023-06-27 08:25:00,2023-06-27 08:41:00,0 days 00:16:00,True,Tue,DL,ATL,MCO,404
2023-07-29 08:00:00,2023-07-29 07:58:00,-1 days +23:58:00,False,Sat,DL,ATL,SAT,874
2023-04-05 09:00:00,2023-04-05 08:56:00,-1 days +23:56:00,False,Wed,DL,ATL,BUF,712
2023-06-26 10:25:00,2023-06-26 10:29:00,0 days 00:04:00,False,Mon,WN,ATL,PBI,545
2023-12-31 09:13:00,2023-12-31 09:11:00,-1 days +23:58:00,False,Sun,9E,ATL,ICT,782
2023-09-24 17:18:00,2023-09-24 17:20:00,0 days 00:02:00,False,Sun,DL,ATL,ONT,1900
2023-09-19 15:30:00,2023-09-19 15:25:00,-1 days +23:55:00,False,Tue,DL,ATL,ICT,782
2023-05-29 19:05:00,2023-05-29 19:02:00,-1 days +23:57:00,False,Mon,WN,ATL,DEN,1199
2023-09-08 16:09:00,2023-09-08 16:05:00,-1 days +23:56:00,False,Fri,OO,ATL,CAE,192
2023-12-21 13:13:00,2023-12-21 13:09:00,-1 days +23:56:00,False,Thu,DL,ATL,DEN,1199
2023-05-09 15:47:00,2023-05-09 15:48:00,0 days 00:01:00,False,Tue,DL,ATL,DEN,1199
2023-07-22 07:05:00,2023-07-22 07:06:00,0 days 00:01:00,False,Sat,DL,ATL,IAH,689
2023-12-03 18:14:00,2023-12-03 18:10:00,-1 days +23:56:00,False,Sun,DL,ATL,BNA,214
2023-10-02 17:41:00,2023-10-02 17:33:00,-1 days +23:52:00,False,Mon,NK,ATL,MSY,425
2023-06-29 10:50:00,2023-06-29 10:51:00,0 days 00:01:00,False,Thu,WN,ATL,IAD,534
2023-05-15 09:55:00,2023-05-15 10:05:00,0 days 00:10:00,False,Mon,DL,ATL,DEN,1199
2023-11-08 14:55:00,2023-11-08 14:55:00,0 days 00:00:00,False,Wed,WN,ATL,RIC,481
2023-01-29 19:00:00,2023-01-29 19:48:00,0 days 00:48:00,True,Sun,F9,ATL,SJU,1547
2023-07-09 13:52:00,2023-07-09 13:50:00,-1 days +23:58:00,False,Sun,DL,ATL,HOU,696
2023-11-27 20:50:00,2023-11-27 20:44:00,-1 days +23:54:00,False,Mon,DL,ATL,CLE,554
2023-08-10 11:27:00,2023-08-10 11:40:00,0 days 00:13:00,False,Thu,AA,ATL,ORD,606
2023-05-29 15:07:00,2023-05-29 15:08:00,0 days 00:01:00,False,Mon,DL,ATL,ALB,853
2023-08-17 20:45:00,2023-08-17 21:18:00,0 days 00:33:00,True,Thu,DL,ATL,RSW,515
2023-03-02 22:34:00,2023-03-02 22:50:00,0 days 00:16:00,True,Thu,DL,ATL,CHA,106
2023-06-17 19:54:00,2023-06-17 19:51:00,-1 days +23:57:00,False,Sat,9E,ATL,VLD,208
2023-03-18 08:10:00,2023-03-18 08:36:00,0 days 00:26:00,True,Sat,DL,ATL,DAL,721
2023-12-01 20:45:00,2023-12-01 20:45:00,0 days 00:00:00,False,Fri,DL,ATL,SFO,2139
2023-06-26 17:55:00,2023-06-26 17:52:00,-1 days +23:57:00,False,Mon,DL,ATL,SNA,1919
2023-04-16 09:00:00,2023-04-16 08:57:00,-1 days +23:57:00,False,Sun,WN,ATL,MEM,332
2023-07-22 08:45:00,2023-07-22 08:45:00,0 days 00:00:00,False,Sat,UA,ATL,DEN,1199
2023-05-21 09:05:00,2023-05-21 09:03:00,-1 days +23:58:00,False,Sun,DL,ATL,SJC,2116
2023-11-04 12:00:00,2023-11-04 11:54:00,-1 days +23:54:00,False,Sat,NK,ATL,FLL,581
2023-04-09 22:55:00,2023-04-09 23:21:00,0 days 00:26:00,True,Sun,DL,ATL,ORD,606
2023-11-01 11:17:00,2023-11-01 11:09:00,-1 days +23:52:00,False,Wed,AA,ATL,DFW,731
2023-12-10 13:54:00,2023-12-10 13:48:00,-1 days +23:54:00,False,Sun,DL,ATL,BTR,448
2023-07-30 10:36:00,2023-07-30 10:56:00,0 days 00:20:00,True,Sun,DL,ATL,SLC,1590
2023-03-04 22:00:00,2023-03-04 22:15:00,0 days 00:15:00,False,Sat,DL,ATL,MCI,692
2023-05-23 19:50:00,2023-05-23 19:47:00,-1 days +23:57:00,False,Tue,DL,ATL,EVV,350
2023-01-14 06:20:00,2023-01-14 06:18:00,-1 days +23:58:00,False,Sat,WN,ATL,MDW,591
2023-04-11 08:55:00,2023-04-11 09:07:00,0 days 00:12:00,False,Tue,DL,ATL,FLL,581
2023-11-25 05:45:00,2023-11-25 05:47:00,0 days 00:02:00,False,Sat,F9,ATL,PHL,666
2023-03-13 16:39:00,2023-03-13 16:42:00,0 days 00:03:00,False,Mon,DL,ATL,HOU,696
2023-04-02 12:59:00,2023-04-02 12:58:00,-1 days +23:59:00,False,Sun,DL,ATL,OMA,821
2023-11-30 12:39:00,2023-11-30 12:42:00,0 days 00:03:00,False,Thu,DL,ATL,CAE,192
2023-02-27 10:50:00,2023-02-27 10:48:00,-1 days +23:58:00,False,Mon,DL,ATL,EWR,746
2023-12-17 15:25:00,2023-12-17 15:33:00,0 days 00:08:00,False,Sun,OO,ATL,FWA,508
2023-07-13 16:45:00,2023-07-13 16:40:00,-1 days +23:55:00,False,Thu,9E,ATL,GTR,241
2023-06-03 15:07:00,2023-06-03 15:04:00,-1 days +23:57:00,False,Sat,DL,ATL,STL,484
2023-08-24 19:55:00,2023-08-24 21:35:00,0 days 01:40:00,True,Thu,DL,ATL,SLC,1590
2023-06-06 21:57:00,2023-06-06 22:15:00,0 days 00:18:00,True,Tue,NK,ATL,MIA,594
2023-12-02 20:45:00,2023-12-02 20:40:00,-1 days +23:55:00,False,Sat,9E,ATL,BHM,134
2023-07-11 08:35:00,2023-07-11 08:30:00,-1 days +23:55:00,False,Tue,DL,ATL,OMA,821
2023-05-26 21:45:00,2023-05-26 21:41:00,-1 days +23:56:00,False,Fri,DL,ATL,ATW,765
2023-05-19 22:45:00,2023-05-19 22:40:00,-1 days +23:55:00,False,Fri,DL,ATL,AVL,164
2023-02-21 22:10:00,2023-02-21 22:05:00,-1 days +23:55:00,False,Tue,DL,ATL,STL,484
2023-08-12 12:30:00,2023-08-12 13:59:00,0 days 01:29:00,True,Sat,DL,ATL,LGA,762
2023-02-25 06:00:00,2023-02-25 05:57:00,-1 days +23:57:00,False,Sat,B6,ATL,BOS,946
2023-02-18 20:27:00,2023-02-18 20:29:00,0 days 00:02:00,False,Sat,YX,ATL,EWR,746
2023-05-17 12:20:00,2023-05-17 12:21:00,0 days 00:01:00,False,Wed,DL,ATL,TLH,223
2023-02-05 17:50:00,2023-02-05 17:45:00,-1 days +23:55:00,False,Sun,WN,ATL,BNA,214
2023-10-26 12:29:00,2023-10-26 12:24:00,-1 days +23:55:00,False,Thu,DL,ATL,TLH,223
2023-10-10 14:13:00,2023-10-10 14:08:00,-1 days +23:55:00,False,Tue,DL,ATL,TUL,674
2023-08-25 18:09:00,2023-08-25 18:37:00,0 days 00:28:00,True,Fri,OH,ATL,CLT,226
2023-04-08 09:15:00,2023-04-08 09:11:00,-1 days +23:56:00,False,Sat,OO,ATL,MOB,302
2023-01-28 19:55:00,2023-01-28 19:53:00,-1 days +23:58:00,False,Sat,DL,ATL,RSW,515
2023-05-04 07:05:00,2023-05-04 07:39:00,0 days 00:34:00,True,Thu,NK,ATL,ORD,606
2023-11-01 10:00:00,2023-11-01 09:59:00,-1 days +23:59:00,False,Wed,DL,ATL,CMH,447
2023-07-14 05:20:00,2023-07-14 05:53:00,0 days 00:33:00,True,Fri,NK,ATL,FLL,581
2023-06-23 11:15:00,2023-06-23 11:31:00,0 days 00:16:00,True,Fri,DL,ATL,LAX,1947
2023-11-08 21:45:00,2023-11-08 21:46:00,0 days 00:01:00,False,Wed,WN,ATL,RIC,481
2023-06-23 15:40:00,2023-06-23 15:50:00,0 days 00:10:00,False,Fri,DL,ATL,PVD,903
2023-09-21 18:50:00,2023-09-21 19:18:00,0 days 00:28:00,True,Thu,DL,ATL,TPA,406
2023-06-11 20:30:00,2023-06-11 21:14:00,0 days 00:44:00,True,Sun,WN,ATL,IND,432
2023-07-08 17:50:00,2023-07-08 17:42:00,-1 days +23:52:00,False,Sat,DL,ATL,IAD,534
2023-11-05 19:50:00,2023-11-05 19:45:00,-1 days +23:55:00,False,Sun,DL,ATL,ORF,516
2023-11-07 09:40:00,2023-11-07 09:33:00,-1 days +23:53:00,False,Tue,WN,ATL,BWI,577
2023-02-22 15:46:00,2023-02-22 16:06:00,0 days 00:20:00,True,Wed,DL,ATL,ICT,782
2023-04-27 21:00:00,2023-04-27 20:55:00,-1 days +23:55:00,False,Thu,9E,ATL,EVV,350
2023-04-04 07:10:00,2023-04-04 07:13:00,0 days 00:03:00,False,Tue,DL,ATL,MIA,594
2023-02-10 09:34:00,2023-02-10 09:28:00,-1 days +23:54:00,False,Fri,UA,ATL,EWR,746
2023-08-30 21:30:00,2023-08-30 21:26:00,-1 days +23:56:00,False,Wed,DL,ATL,BDL,859
2023-06-24 06:15:00,2023-06-24 06:16:00,0 days 00:01:00,False,Sat,WN,ATL,MCO,404
2023-11-24 14:15:00,2023-11-24 14:10:00,-1 days +23:55:00,False,Fri,9E,ATL,CHA,106
2023-09-30 14:26:00,2023-09-30 14:43:00,0 days 00:17:00,True,Sat,DL,ATL,AUS,813
2023-02-19 22:22:00,2023-02-19 22:14:00,-1 days +23:52:00,False,Sun,DL,ATL,DEN,1199
2023-06-19 17:45:00,2023-06-19 18:53:00,0 days 01:08:00,True,Mon,DL,ATL,CHS,259
2023-06-16 16:40:00,2023-06-16 16:59:00,0 days 00:19:00,True,Fri,DL,ATL,MDW,591
2023-05-19 17:35:00,2023-05-19 17:43:00,0 days 00:08:00,False,Fri,WN,ATL,BWI,577
2023-07-13 14:50:00,2023-07-13 14:57:00,0 days 00:07:00,False,Thu,WN,ATL,RIC,481
2023-12-27 17:08:00,2023-12-27 18:05:00,0 days 00:57:00,True,Wed,9E,ATL,TYS,152
2023-09-15 23:35:00,2023-09-15 23:36:00,0 days 00:01:00,False,Fri,DL,ATL,TPA,406
2023-11-26 12:33:00,2023-11-26 12:28:00,-1 days +23:55:00,False,Sun,DL,ATL,DAY,432
2023-05-17 22:10:00,2023-05-17 22:34:00,0 days 00:24:00,True,Wed,DL,ATL,RIC,481
2023-08-21 09:55:00,2023-08-21 09:54:00,-1 days +23:59:00,False,Mon,DL,ATL,CLT,226
2023-11-07 21:56:00,2023-11-07 21:45:00,-1 days +23:49:00,False,Tue,DL,ATL,SGF,563
2023-04-19 20:45:00,2023-04-19 20:43:00,-1 days +23:58:00,False,Wed,B6,ATL,JFK,760
2023-11-06 16:01:00,2023-11-06 16:14:00,0 days 00:13:00,False,Mon,F9,ATL,MIA,594
2023-03-30 11:08:00,2023-03-30 11:04:00,-1 days +23:56:00,False,Thu,DL,ATL,PIT,526
2023-10-02 11:10:00,2023-10-02 11:09:00,-1 days +23:59:00,False,Mon,DL,ATL,LAX,1947
2023-01-15 18:51:00,2023-01-15 18:54:00,0 days 00:03:00,False,Sun,F9,ATL,IAH,689
2023-12-12 23:00:00,2023-12-12 22:58:00,-1 days +23:58:00,False,Tue,DL,ATL,PNS,271
2023-08-01 11:10:00,2023-08-01 11:04:00,-1 days +23:54:00,False,Tue,9E,ATL,CSG,83
2023-06-04 23:35:00,2023-06-04 23:40:00,0 days 00:05:00,False,Sun,DL,ATL,FLL,581
2023-02-26 10:05:00,2023-02-26 13:58:00,0 days 03:53:00,True,Sun,DL,ATL,TYS,152
2023-02-04 06:20:00,2023-02-04 06:14:00,-1 days +23:54:00,False,Sat,WN,ATL,MDW,591
2023-05-04 09:30:00,2023-05-04 09:24:00,-1 days +23:54:00,False,Thu,NK,ATL,MSP,907
2023-11-03 21:25:00,2023-11-03 21:19:00,-1 days +23:54:00,False,Fri,9E,ATL,LFT,503
2023-04-29 08:00:00,2023-04-29 07:59:00,-1 days +23:59:00,False,Sat,DL,ATL,LGA,762
2023-12-28 06:15:00,2023-12-28 06:11:00,-1 days +23:56:00,False,Thu,F9,ATL,ORD,606
2023-04-03 21:39:00,2023-04-03 21:37:00,-1 days +23:58:00,False,Mon,DL,ATL,ATW,765
2023-01-20 11:31:00,2023-01-20 11:29:00,-1 days +23:58:00,False,Fri,DL,ATL,SAN,1892
2023-03-04 18:45:00,2023-03-04 20:36:00,0 days 01:51:00,True,Sat,DL,ATL,JFK,760
2023-02-04 09:51:00,2023-02-04 10:16:00,0 days 00:25:00,True,Sat,DL,ATL,STT,1599
2023-12-08 16:45:00,2023-12-08 16:41:00,-1 days +23:56:00,False,Fri,WN,ATL,CLE,554
2023-04-19 09:20:00,2023-04-19 09:20:00,0 days 00:00:00,False,Wed,UA,ATL,IAD,534
2023-07-15 20:51:00,2023-07-15 20:44:00,-1 days +23:53:00,False,Sat,DL,ATL,GRB,774
2023-03-24 20:59:00,2023-03-24 20:56:00,-1 days +23:57:00,False,Fri,9E,ATL,EVV,350
2023-10-21 10:45:00,2023-10-21 10:40:00,-1 days +23:55:00,False,Sat,WN,ATL,RSW,515
2023-01-06 11:10:00,2023-01-06 11:06:00,-1 days +23:56:00,False,Fri,DL,ATL,STT,1599
2023-06-24 12:28:00,2023-06-24 12:43:00,0 days 00:15:00,False,Sat,DL,ATL,MCI,692
2023-07-14 05:31:00,2023-07-14 05:28:00,-1 days +23:57:00,False,Fri,F9,ATL,CLE,554
2023-11-17 09:50:00,2023-11-17 09:47:00,-1 days +23:57:00,False,Fri,9E,ATL,ABE,692
2023-03-08 15:20:00,2023-03-08 15:16:00,-1 days +23:56:00,False,Wed,DL,ATL,LGA,762
2023-12-07 22:25:00,2023-12-07 22:35:00,0 days 00:10:00,False,Thu,F9,ATL,BWI,577
2023-01-14 14:03:00,2023-01-14 13:59:00,-1 days +23:56:00,False,Sat,DL,ATL,TPA,406
2023-08-31 07:05:00,2023-08-31 07:04:00,-1 days +23:59:00,False,Thu,DL,ATL,CMH,447
2023-03-30 22:49:00,2023-03-30 22:43:00,-1 days +23:54:00,False,Thu,DL,ATL,RSW,515
2023-01-29 21:55:00,2023-01-29 22:58:00,0 days 01:03:00,True,Sun,WN,ATL,RIC,481
2023-05-22 10:10:00,2023-05-22 10:06:00,-1 days +23:56:00,False,Mon,9E,ATL,ILM,377
2023-08-21 15:00:00,2023-08-21 14:59:00,-1 days +23:59:00,False,Mon,9E,ATL,CSG,83
2023-05-08 07:05:00,2023-05-08 07:05:00,0 days 00:00:00,False,Mon,DL,ATL,BOS,946
2023-09-20 11:45:00,2023-09-20 11:40:00,-1 days +23:55:00,False,Wed,B6,ATL,LGA,762
2023-07-16 20:24:00,2023-07-16 20:21:00,-1 days +23:57:00,False,Sun,DL,ATL,AVL,164
2023-03-22 07:25:00,2023-03-22 07:50:00,0 days 00:25:00,True,Wed,DL,ATL,AUS,813
2023-02-20 16:50:00,2023-02-20 16:50:00,0 days 00:00:00,False,Mon,OO,ATL,TRI,227
2023-04-26 19:40:00,2023-04-26 19:42:00,0 days 00:02:00,False,Wed,WN,ATL,MEM,332
2023-11-28 20:49:00,2023-11-28 20:47:00,-1 days +23:58:00,False,Tue,DL,ATL,PHL,666
2023-04-05 07:15:00,2023-04-05 07:16:00,0 days 00:01:00,False,Wed,DL,ATL,CMH,447
2023-11-04 18:20:00,2023-11-04 18:12:00,-1 days +23:52:00,False,Sat,DL,ATL,AVL,164
2023-06-17 21:17:00,2023-06-17 22:34:00,0 days 01:17:00,True,Sat,F9,ATL,SJU,1547
2023-05-08 12:44:00,2023-05-08 12:56:00,0 days 00:12:00,False,Mon,UA,ATL,EWR,746
2023-10-01 22:16:00,2023-10-01 22:13:00,-1 days +23:57:00,False,Sun,DL,ATL,PVD,903
2023-06-30 13:59:00,2023-06-30 14:31:00,0 days 00:32:00,True,Fri,DL,ATL,SAT,874
2023-03-09 16:29:00,2023-03-09 16:28:00,-1 days +23:59:00,False,Thu,DL,ATL,DAL,721
2023-04-22 16:10:00,2023-04-22 18:14:00,0 days 02:04:00,True,Sat,B6,ATL,JFK,760
2023-04-02 10:11:00,2023-04-02 10:13:00,0 days 00:02:00,False,Sun,DL,ATL,FLL,581
2023-11-12 21:54:00,2023-11-12 22:42:00,0 days 00:48:00,True,Sun,F9,ATL,MDW,591
2023-12-09 21:05:00,2023-12-09 21:11:00,0 days 00:06:00,False,Sat,DL,ATL,CID,694
2023-01-17 18:55:00,2023-01-17 18:49:00,-1 days +23:54:00,False,Tue,DL,ATL,PIT,526
2023-05-19 11:00:00,2023-05-19 10:56:00,-1 days +23:56:00,False,Fri,OO,ATL,OAJ,399
2023-03-08 15:30:00,2023-03-08 15:26:00,-1 days +23:56:00,False,Wed,DL,ATL,PHX,1587
2023-10-01 13:40:00,2023-10-01 13:46:00,0 days 00:06:00,False,Sun,UA,ATL,DEN,1199
2023-04-16 23:48:00,2023-04-17 03:57:00,0 days 04:09:00,True,Mon,DL,ATL,BNA,214
2023-06-09 13:01:00,2023-06-09 12:52:00,-1 days +23:51:00,False,Fri,9E,ATL,TRI,227
2023-04-19 09:30:00,2023-04-19 09:50:00,0 days 00:20:00,True,Wed,DL,ATL,ORF,516
2023-07-28 17:40:00,2023-07-28 17:35:00,-1 days +23:55:00,False,Fri,DL,ATL,BTR,448
2023-12-21 22:30:00,2023-12-21 22:26:00,-1 days +23:56:00,False,Thu,DL,ATL,DSM,743
2023-05-29 11:55:00,2023-05-29 11:50:00,-1 days +23:55:00,False,Mon,9E,ATL,MLU,448
2023-09-27 12:47:00,2023-09-27 12:37:00,-1 days +23:50:00,False,Wed,AA,ATL,DFW,731
2023-05-03 09:19:00,2023-05-03 09:19:00,0 days 00:00:00,False,Wed,DL,ATL,EWR,746
2023-10-28 08:24:00,2023-10-28 08:22:00,-1 days +23:58:00,False,Sat,DL,ATL,CMH,447
2023-11-29 11:13:00,2023-11-29 11:09:00,-1 days +23:56:00,False,Wed,DL,ATL,AVL,164
2023-09-04 16:47:00,2023-09-04 16:43:00,-1 days +23:56:00,False,Mon,AA,ATL,PHL,666
2023-07-25 22:55:00,2023-07-25 22:58:00,0 days 00:03:00,False,Tue,DL,ATL,BHM,134
2023-12-15 08:55:00,2023-12-15 09:22:00,0 days 00:27:00,True,Fri,DL,ATL,ABQ,1269
2023-10-28 22:44:00,2023-10-28 22:57:00,0 days 00:13:00,False,Sat,DL,ATL,OKC,761
2023-02-18 20:45:00,2023-02-18 20:41:00,-1 days +23:56:00,False,Sat,DL,ATL,ILM,377
2023-11-04 18:55:00,2023-11-04 18:54:00,-1 days +23:59:00,False,Sat,DL,ATL,PHX,1587
2023-11-03 10:35:00,2023-11-03 10:37:00,0 days 00:02:00,False,Fri,WN,ATL,RSW,515
2023-06-19 10:30:00,2023-06-19 10:31:00,0 days 00:01:00,False,Mon,DL,ATL,MEM,332
2023-02-17 13:32:00,2023-02-17 14:12:00,0 days 00:40:00,True,Fri,DL,ATL,LAS,1747
2023-03-28 16:13:00,2023-03-28 16:06:00,-1 days +23:53:00,False,Tue,9E,ATL,ROA,357
2023-07-16 07:16:00,2023-07-16 07:16:00,0 days 00:00:00,False,Sun,DL,ATL,MSY,425
2023-03-21 13:45:00,2023-03-21 13:38:00,-1 days +23:53:00,False,Tue,DL,ATL,BOS,946
2023-12-03 21:54:00,2023-12-03 21:47:00,-1 days +23:53:00,False,Sun,DL,ATL,BTR,448
2023-06-15 19:45:00,2023-06-15 21:43:00,0 days 01:58:00,True,Thu,DL,ATL,LAX,1947
2023-10-31 08:00:00,2023-10-31 07:53:00,-1 days +23:53:00,False,Tue,NK,ATL,PHL,666
2023-09-29 10:15:00,2023-09-29 10:19:00,0 days 00:04:00,False,Fri,DL,ATL,GSO,306
2023-10-17 07:15:00,2023-10-17 07:12:00,-1 days +23:57:00,False,Tue,YX,ATL,DCA,547
2023-06-24 23:44:00,2023-06-25 02:27:00,0 days 02:43:00,True,Sun,DL,ATL,HSV,151
2023-03-12 22:20:00,2023-03-12 23:50:00,0 days 01:30:00,True,Sun,DL,ATL,DCA,547
2023-01-29 19:20:00,2023-01-29 19:16:00,-1 days +23:56:00,False,Sun,9E,ATL,ABY,145
2023-01-15 18:50:00,2023-01-15 18:59:00,0 days 00:09:00,False,Sun,DL,ATL,RIC,481
2023-12-26 05:45:00,2023-12-26 05:41:00,-1 days +23:56:00,False,Tue,F9,ATL,MCO,404
2023-02-27 21:45:00,2023-02-27 21:46:00,0 days 00:01:00,False,Mon,DL,ATL,MLB,442
2023-03-28 07:25:00,2023-03-28 08:06:00,0 days 00:41:00,True,Tue,DL,ATL,AUS,813
2023-11-11 18:15:00,2023-11-11 18:13:00,-1 days +23:58:00,False,Sat,DL,ATL,BWI,577
2023-07-14 06:05:00,2023-07-14 06:02:00,-1 days +23:57:00,False,Fri,WN,ATL,AUS,813
2023-12-31 18:05:00,2023-12-31 18:01:00,-1 days +23:56:00,False,Sun,DL,ATL,RIC,481
2023-03-20 09:40:00,2023-03-20 09:34:00,-1 days +23:54:00,False,Mon,DL,ATL,CLT,226
2023-05-06 12:57:00,2023-05-06 12:54:00,-1 days +23:57:00,False,Sat,DL,ATL,SAV,214
2023-08-26 23:12:00,2023-08-26 23:08:00,-1 days +23:56:00,False,Sat,DL,ATL,RIC,481
2023-12-27 23:00:00,2023-12-27 23:05:00,0 days 00:05:00,False,Wed,DL,ATL,MSY,425
2023-07-15 17:42:00,2023-07-15 17:40:00,-1 days +23:58:00,False,Sat,DL,ATL,DFW,731
2023-10-13 10:43:00,2023-10-13 10:51:00,0 days 00:08:00,False,Fri,DL,ATL,SRQ,444
2023-05-15 06:20:00,2023-05-15 06:24:00,0 days 00:04:00,False,Mon,WN,ATL,LAS,1747
2023-04-15 19:00:00,2023-04-15 20:55:00,0 days 01:55:00,True,Sat,F9,ATL,MIA,594
2023-06-28 19:54:00,2023-06-28 20:07:00,0 days 00:13:00,False,Wed,9E,ATL,AEX,500
2023-08-04 17:42:00,2023-08-04 18:03:00,0 days 00:21:00,True,Fri,DL,ATL,DFW,731
2023-06-12 09:52:00,2023-06-12 10:59:00,0 days 01:07:00,True,Mon,DL,ATL,ORD,606
2023-08-07 17:40:00,2023-08-07 19:38:00,0 days 01:58:00,True,Mon,DL,ATL,BNA,214
2023-08-30 10:34:00,2023-08-30 10:33:00,-1 days +23:59:00,False,Wed,OO,ATL,CRW,363
2023-07-08 16:42:00,2023-07-08 17:38:00,0 days 00:56:00,True,Sat,B6,ATL,LGA,762
2023-08-24 13:40:00,2023-08-24 13:38:00,-1 days +23:58:00,False,Thu,DL,ATL,MSP,907
2023-09-06 16:45:00,2023-09-06 16:39:00,-1 days +23:54:00,False,Wed,DL,ATL,CVG,373
2023-11-17 22:59:00,2023-11-17 22:59:00,0 days 00:00:00,False,Fri,DL,ATL,PHX,1587
2023-02-20 12:32:00,2023-02-20 12:28:00,-1 days +23:56:00,False,Mon,DL,ATL,BHM,134
2023-10-17 20:27:00,2023-10-17 20:58:00,0 days 00:31:00,True,Tue,NK,ATL,ORD,606
2023-10-10 11:40:00,2023-10-10 18:35:00,0 days 06:55:00,True,Tue,UA,ATL,EWR,746
2023-04-10 22:54:00,2023-04-10 22:53:00,-1 days +23:59:00,False,Mon,DL,ATL,SLC,1590
2023-03-19 11:23:00,2023-03-19 11:17:00,-1 days +23:54:00,False,Sun,DL,ATL,STL,484
2023-03-27 08:05:00,2023-03-27 08:07:00,0 days 00:02:00,False,Mon,DL,ATL,MCI,692
2023-04-27 22:59:00,2023-04-27 23:59:00,0 days 01:00:00,True,Thu,DL,ATL,CAE,192
2023-10-13 22:47:00,2023-10-13 23:05:00,0 days 00:18:00,True,Fri,DL,ATL,MSP,907
2023-12-08 18:20:00,2023-12-08 18:18:00,-1 days +23:58:00,False,Fri,WN,ATL,MCO,404
2023-03-12 21:05:00,2023-03-12 21:25:00,0 days 00:20:00,True,Sun,DL,ATL,MEM,332
2023-10-13 10:55:00,2023-10-13 11:51:00,0 days 00:56:00,True,Fri,DL,ATL,FLL,581
2023-12-10 19:39:00,2023-12-10 20:40:00,0 days 01:01:00,True,Sun,F9,ATL,SFO,2139
2023-07-25 09:50:00,2023-07-25 09:49:00,-1 days +23:59:00,False,Tue,DL,ATL,TPA,406
2023-06-22 16:28:00,2023-06-22 16:58:00,0 days 00:30:00,True,Thu,DL,ATL,HSV,151
2023-09-20 21:30:00,2023-09-20 21:25:00,-1 days +23:55:00,False,Wed,DL,ATL,LGA,762
2023-10-30 08:35:00,2023-10-30 08:59:00,0 days 00:24:00,True,Mon,WN,ATL,MEM,332
2023-03-28 11:05:00,2023-03-28 11:03:00,-1 days +23:58:00,False,Tue,DL,ATL,ELP,1282
2023-02-08 19:25:00,2023-02-08 19:26:00,0 days 00:01:00,False,Wed,WN,ATL,STL,484
2023-04-30 07:20:00,2023-04-30 07:42:00,0 days 00:22:00,True,Sun,OO,ATL,HPN,780
2023-06-02 15:22:00,2023-06-02 15:20:00,-1 days +23:58:00,False,Fri,DL,ATL,CLT,226
2023-10-19 17:45:00,2023-10-19 17:39:00,-1 days +23:54:00,False,Thu,DL,ATL,GSO,306
2023-04-26 07:00:00,2023-04-26 06:50:00,-1 days +23:50:00,False,Wed,AA,ATL,PHX,1587
2023-06-20 08:40:00,2023-06-20 08:48:00,0 days 00:08:00,False,Tue,DL,ATL,OMA,821
2023-07-11 22:30:00,2023-07-11 22:32:00,0 days 00:02:00,False,Tue,DL,ATL,FLL,581
2023-07-23 08:40:00,2023-07-23 08:37:00,-1 days +23:57:00,False,Sun,DL,ATL,DTW,594
2023-09-17 11:00:00,2023-09-17 10:57:00,-1 days +23:57:00,False,Sun,DL,ATL,HSV,151
2023-09-10 13:12:00,2023-09-10 13:07:00,-1 days +23:55:00,False,Sun,9E,ATL,HPN,780
2023-11-05 20:45:00,2023-11-05 20:50:00,0 days 00:05:00,False,Sun,DL,ATL,SFO,2139
2023-07-02 20:45:00,2023-07-02 20:41:00,-1 days +23:56:00,False,Sun,DL,ATL,SAT,874
2023-03-15 19:40:00,2023-03-15 19:37:00,-1 days +23:57:00,False,Wed,9E,ATL,CSG,83
2023-12-28 21:55:00,2023-12-28 22:00:00,0 days 00:05:00,False,Thu,WN,ATL,MEM,332
2023-05-27 06:40:00,2023-05-27 06:43:00,0 days 00:03:00,False,Sat,WN,ATL,LAS,1747
2023-06-16 14:11:00,2023-06-16 14:07:00,-1 days +23:56:00,False,Fri,DL,ATL,DEN,1199
2023-11-13 06:25:00,2023-11-13 06:24:00,-1 days +23:59:00,False,Mon,B6,ATL,FLL,581
2023-12-02 18:00:00,2023-12-02 18:00:00,0 days 00:00:00,False,Sat,DL,ATL,TPA,406
2023-10-14 22:34:00,2023-10-14 22:31:00,-1 days +23:57:00,False,Sat,DL,ATL,OMA,821
2023-07-04 09:44:00,2023-07-04 10:34:00,0 days 00:50:00,True,Tue,DL,ATL,BHM,134
2023-01-24 19:25:00,2023-01-24 19:31:00,0 days 00:06:00,False,Tue,WN,ATL,DEN,1199
2023-03-27 11:59:00,2023-03-27 11:57:00,-1 days +23:58:00,False,Mon,OO,ATL,FWA,508
2023-01-06 08:10:00,2023-01-06 08:09:00,-1 days +23:59:00,False,Fri,DL,ATL,JAN,341
2023-05-11 16:50:00,2023-05-11 18:32:00,0 days 01:42:00,True,Thu,DL,ATL,LAX,1947
2023-08-29 10:15:00,2023-08-29 10:12:00,-1 days +23:57:00,False,Tue,DL,ATL,SDF,321
2023-07-04 15:45:00,2023-07-04 15:39:00,-1 days +23:54:00,False,Tue,DL,ATL,AUS,813
2023-05-15 12:55:00,2023-05-15 13:05:00,0 days 00:10:00,False,Mon,DL,ATL,IND,432
2023-08-01 14:05:00,2023-08-01 14:02:00,-1 days +23:57:00,False,Tue,DL,ATL,PIT,526
2023-09-26 11:12:00,2023-09-26 11:06:00,-1 days +23:54:00,False,Tue,9E,ATL,BTR,448
2023-08-08 15:20:00,2023-08-08 15:24:00,0 days 00:04:00,False,Tue,DL,ATL,DEN,1199
2023-06-29 18:15:00,2023-06-29 21:32:00,0 days 03:17:00,True,Thu,DL,ATL,ECP,240
2023-08-04 15:15:00,2023-08-04 17:10:00,0 days 01:55:00,True,Fri,9E,ATL,CHA,106
2023-08-02 12:50:00,2023-08-02 12:47:00,-1 days +23:57:00,False,Wed,DL,ATL,CHS,259
2023-09-29 05:35:00,2023-09-29 05:31:00,-1 days +23:56:00,False,Fri,F9,ATL,PHL,666
2023-04-18 14:30:00,2023-04-18 14:44:00,0 days 00:14:00,False,Tue,DL,ATL,LGA,762
2023-11-17 16:22:00,2023-11-17 16:41:00,0 days 00:19:00,True,Fri,UA,ATL,DEN,1199
2023-02-10 08:10:00,2023-02-10 08:05:00,-1 days +23:55:00,False,Fri,DL,ATL,PNS,271
2023-04-18 07:15:00,2023-04-18 07:15:00,0 days 00:00:00,False,Tue,DL,ATL,DCA,547
2023-11-27 06:07:00,2023-11-27 06:01:00,-1 days +23:54:00,False,Mon,UA,ATL,EWR,746
2023-07-29 08:50:00,2023-07-29 09:21:00,0 days 00:31:00,True,Sat,DL,ATL,ABQ,1269
2023-01-01 12:55:00,2023-01-01 13:00:00,0 days 00:05:00,False,Sun,DL,ATL,DFW,731
2023-03-30 12:45:00,2023-03-30 12:37:00,-1 days +23:52:00,False,Thu,NK,ATL,EWR,746
2023-07-20 08:55:00,2023-07-20 08:54:00,-1 days +23:59:00,False,Thu,DL,ATL,IND,432
2023-06-26 20:29:00,2023-06-26 21:57:00,0 days 01:28:00,True,Mon,AA,ATL,CLT,226
2023-08-22 15:30:00,2023-08-22 15:27:00,-1 days +23:57:00,False,Tue,DL,ATL,SLC,1590
2023-10-28 09:07:00,2023-10-28 09:02:00,-1 days +23:55:00,False,Sat,9E,ATL,TRI,227
2023-07-18 11:30:00,2023-07-18 11:32:00,0 days 00:02:00,False,Tue,DL,ATL,LGA,762
2023-12-04 07:23:00,2023-12-04 07:17:00,-1 days +23:54:00,False,Mon,UA,ATL,SFO,2139
2023-08-28 17:55:00,2023-08-28 18:01:00,0 days 00:06:00,False,Mon,DL,ATL,LIT,453
2023-11-28 22:45:00,2023-11-28 22:42:00,-1 days +23:57:00,False,Tue,DL,ATL,MYR,317
2023-01-10 22:00:00,2023-01-10 21:56:00,-1 days +23:56:00,False,Tue,OO,ATL,SHV,551
2023-03-12 12:45:00,2023-03-12 12:58:00,0 days 00:13:00,False,Sun,DL,ATL,SDF,321
2023-02-28 18:00:00,2023-02-28 17:45:00,-1 days +23:45:00,False,Tue,DL,ATL,JAN,341
2023-04-03 14:11:00,2023-04-03 15:04:00,0 days 00:53:00,True,Mon,F9,ATL,PHL,666
2023-03-17 14:59:00,2023-03-17 14:55:00,-1 days +23:56:00,False,Fri,DL,ATL,ALB,853
2023-06-29 14:06:00,2023-06-29 14:02:00,-1 days +23:56:00,False,Thu,9E,ATL,AGS,143
2023-02-19 09:20:00,2023-02-19 09:23:00,0 days 00:03:00,False,Sun,WN,ATL,IND,432
2023-03-20 19:49:00,2023-03-20 19:44:00,-1 days +23:55:00,False,Mon,DL,ATL,MKE,669
2023-09-08 10:47:00,2023-09-08 10:41:00,-1 days +23:54:00,False,Fri,NK,ATL,LAX,1947
2023-11-03 08:55:00,2023-11-03 08:55:00,0 days 00:00:00,False,Fri,DL,ATL,AVL,164
2023-05-10 06:30:00,2023-05-10 06:29:00,-1 days +23:59:00,False,Wed,WN,ATL,DAL,721
2023-08-30 16:38:00,2023-08-30 16:36:00,-1 days +23:58:00,False,Wed,DL,ATL,RIC,481
2023-07-29 19:49:00,2023-07-29 20:05:00,0 days 00:16:00,True,Sat,DL,ATL,CLE,554
2023-07-07 10:03:00,2023-07-07 10:02:00,-1 days +23:59:00,False,Fri,NK,ATL,DFW,731
2023-10-24 19:45:00,2023-10-24 19:42:00,-1 days +23:57:00,False,Tue,UA,ATL,SFO,2139
2023-03-24 11:12:00,2023-03-24 11:09:00,-1 days +23:57:00,False,Fri,DL,ATL,MSY,425
2023-06-18 13:00:00,2023-06-18 13:09:00,0 days 00:09:00,False,Sun,WN,ATL,AUS,813
2023-05-03 10:55:00,2023-05-03 10:53:00,-1 days +23:58:00,False,Wed,DL,ATL,GSO,306
2023-10-03 15:45:00,2023-10-03 15:44:00,-1 days +23:59:00,False,Tue,DL,ATL,GSO,306
2023-12-15 21:40:00,2023-12-15 21:39:00,-1 days +23:59:00,False,Fri,DL,ATL,MEM,332
2023-01-04 16:50:00,2023-01-04 17:49:00,0 days 00:59:00,True,Wed,DL,ATL,DTW,594
2023-03-18 16:23:00,2023-03-18 16:21:00,-1 days +23:58:00,False,Sat,DL,ATL,ORF,516
2023-09-11 21:30:00,2023-09-11 21:26:00,-1 days +23:56:00,False,Mon,WN,ATL,MDW,591
2023-02-20 15:55:00,2023-02-20 16:57:00,0 days 01:02:00,True,Mon,F9,ATL,PBI,545
2023-11-13 11:20:00,2023-11-13 12:25:00,0 days 01:05:00,True,Mon,DL,ATL,SJU,1547
2023-11-19 15:25:00,2023-11-19 15:23:00,-1 days +23:58:00,False,Sun,DL,ATL,PIT,526
2023-05-30 21:00:00,2023-05-30 21:00:00,0 days 00:00:00,False,Tue,WN,ATL,HOU,696
2023-01-21 08:39:00,2023-01-21 08:38:00,-1 days +23:59:00,False,Sat,DL,ATL,MSP,907
2023-09-04 09:40:00,2023-09-04 09:37:00,-1 days +23:57:00,False,Mon,DL,ATL,MDT,620
2023-10-17 17:45:00,2023-10-17 17:38:00,-1 days +23:53:00,False,Tue,DL,ATL,GSO,306
2023-05-01 08:44:00,2023-05-01 08:44:00,0 days 00:00:00,False,Mon,UA,ATL,DEN,1199
2023-10-05 12:59:00,2023-10-05 13:13:00,0 days 00:14:00,False,Thu,DL,ATL,AUS,813
2023-12-15 09:13:00,2023-12-15 09:10:00,-1 days +23:57:00,False,Fri,OO,ATL,FWA,508
2023-10-16 11:00:00,2023-10-16 10:55:00,-1 days +23:55:00,False,Mon,DL,ATL,AVL,164
2023-04-21 12:59:00,2023-04-21 12:55:00,-1 days +23:56:00,False,Fri,DL,ATL,CHS,259
2023-10-11 18:40:00,2023-10-11 18:36:00,-1 days +23:56:00,False,Wed,DL,ATL,MSY,425
2023-03-20 17:14:00,2023-03-20 17:23:00,0 days 00:09:00,False,Mon,DL,ATL,HSV,151
2023-12-04 11:15:00,2023-12-04 11:40:00,0 days 00:25:00,True,Mon,DL,ATL,MIA,594
2023-05-30 10:00:00,2023-05-30 10:00:00,0 days 00:00:00,False,Tue,DL,ATL,LGA,762
2023-11-12 16:33:00,2023-11-12 17:07:00,0 days 00:34:00,True,Sun,DL,ATL,DAY,432
2023-04-04 15:14:00,2023-04-04 15:14:00,0 days 00:00:00,False,Tue,DL,ATL,MCO,404
2023-04-08 10:00:00,2023-04-08 10:09:00,0 days 00:09:00,False,Sat,DL,ATL,ONT,1900
2023-10-10 11:59:00,2023-10-10 11:55:00,-1 days +23:56:00,False,Tue,9E,ATL,CHA,106
2023-01-13 20:01:00,2023-01-13 19:54:00,-1 days +23:53:00,False,Fri,DL,ATL,JAX,270
2023-11-26 14:38:00,2023-11-26 15:32:00,0 days 00:54:00,True,Sun,DL,ATL,CHA,106
2023-10-14 06:40:00,2023-10-14 06:37:00,-1 days +23:57:00,False,Sat,WN,ATL,HOU,696
2023-12-19 18:20:00,2023-12-19 18:53:00,0 days 00:33:00,True,Tue,WN,ATL,MCO,404
2023-09-22 09:20:00,2023-09-22 09:21:00,0 days 00:01:00,False,Fri,DL,ATL,BNA,214
2023-10-26 13:50:00,2023-10-26 14:13:00,0 days 00:23:00,True,Thu,WN,ATL,AUS,813
2023-09-23 09:59:00,2023-09-23 09:57:00,-1 days +23:58:00,False,Sat,DL,ATL,MDW,591
2023-03-27 08:55:00,2023-03-27 09:24:00,0 days 00:29:00,True,Mon,DL,ATL,BOI,1838
2023-03-22 21:45:00,2023-03-22 21:40:00,-1 days +23:55:00,False,Wed,DL,ATL,JAN,341
2023-04-18 11:20:00,2023-04-18 11:16:00,-1 days +23:56:00,False,Tue,DL,ATL,DFW,731
2023-05-23 07:05:00,2023-05-23 07:04:00,-1 days +23:59:00,False,Tue,DL,ATL,MSP,907
2023-04-03 13:55:00,2023-04-03 13:50:00,-1 days +23:55:00,False,Mon,9E,ATL,EVV,350
2023-10-20 20:45:00,2023-10-20 20:42:00,-1 days +23:57:00,False,Fri,DL,ATL,CLE,554
2023-12-21 09:24:00,2023-12-21 09:52:00,0 days 00:28:00,True,Thu,DL,ATL,MDW,591
2023-02-26 09:55:00,2023-02-26 09:53:00,-1 days +23:58:00,False,Sun,DL,ATL,MSN,707
2023-11-22 11:10:00,2023-11-22 11:10:00,0 days 00:00:00,False,Wed,DL,ATL,STL,484
2023-09-23 14:51:00,2023-09-23 15:13:00,0 days 00:22:00,True,Sat,B6,ATL,JFK,760
2023-10-15 15:45:00,2023-10-15 15:44:00,-1 days +23:59:00,False,Sun,DL,ATL,DEN,1199
2023-07-17 06:05:00,2023-07-17 05:58:00,-1 days +23:53:00,False,Mon,F9,ATL,ORD,606
2023-09-25 16:25:00,2023-09-25 16:23:00,-1 days +23:58:00,False,Mon,DL,ATL,DAB,366
2023-06-11 22:20:00,2023-06-11 22:40:00,0 days 00:20:00,True,Sun,WN,ATL,BWI,577
2023-08-18 15:00:00,2023-08-18 15:04:00,0 days 00:04:00,False,Fri,WN,ATL,LGA,762
2023-10-14 19:55:00,2023-10-14 19:58:00,0 days 00:03:00,False,Sat,DL,ATL,SMF,2092
2023-08-20 14:58:00,2023-08-20 15:03:00,0 days 00:05:00,False,Sun,DL,ATL,VPS,250
2023-09-15 10:00:00,2023-09-15 09:57:00,-1 days +23:57:00,False,Fri,DL,ATL,PHL,666
2023-07-25 13:48:00,2023-07-25 13:44:00,-1 days +23:56:00,False,Tue,DL,ATL,SEA,2182
2023-04-04 22:35:00,2023-04-04 22:30:00,-1 days +23:55:00,False,Tue,DL,ATL,DAB,366
2023-11-01 09:01:00,2023-11-01 09:00:00,-1 days +23:59:00,False,Wed,DL,ATL,DAB,366
2023-04-09 11:23:00,2023-04-09 11:19:00,-1 days +23:56:00,False,Sun,DL,ATL,STL,484
2023-10-21 22:43:00,2023-10-21 22:41:00,-1 days +23:58:00,False,Sat,DL,ATL,DAL,721
2023-06-06 06:05:00,2023-06-06 06:04:00,-1 days +23:59:00,False,Tue,WN,ATL,DEN,1199
2023-11-14 12:35:00,2023-11-14 12:34:00,-1 days +23:59:00,False,Tue,DL,ATL,FLL,581
2023-05-18 19:15:00,2023-05-18 19:12:00,-1 days +23:57:00,False,Thu,DL,ATL,DCA,547
2023-04-25 10:05:00,2023-04-25 10:04:00,-1 days +23:59:00,False,Tue,DL,ATL,MSN,707
2023-12-21 09:30:00,2023-12-21 10:06:00,0 days 00:36:00,True,Thu,NK,ATL,FLL,581
2023-10-02 20:55:00,2023-10-02 20:53:00,-1 days +23:58:00,False,Mon,DL,ATL,PHL,666
2023-11-24 19:59:00,2023-11-25 08:49:00,0 days 12:50:00,True,Sat,OO,ATL,ABY,145
2023-07-12 09:50:00,2023-07-12 09:45:00,-1 days +23:55:00,False,Wed,DL,ATL,IAH,689
2023-01-01 09:50:00,2023-01-01 09:49:00,-1 days +23:59:00,False,Sun,DL,ATL,BNA,214
2023-08-20 15:11:00,2023-08-20 15:10:00,-1 days +23:59:00,False,Sun,DL,ATL,RSW,515
2023-05-03 08:57:00,2023-05-03 08:52:00,-1 days +23:55:00,False,Wed,9E,ATL,DAY,432
2023-10-19 08:25:00,2023-10-19 08:22:00,-1 days +23:57:00,False,Thu,WN,ATL,JAN,341
2023-12-03 16:40:00,2023-12-03 16:55:00,0 days 00:15:00,False,Sun,9E,ATL,MGM,147
2023-08-30 18:09:00,2023-08-30 18:09:00,0 days 00:00:00,False,Wed,OH,ATL,CLT,226
2023-06-03 18:25:00,2023-06-03 20:32:00,0 days 02:07:00,True,Sat,WN,ATL,MCO,404
2023-06-21 14:57:00,2023-06-21 14:56:00,-1 days +23:59:00,False,Wed,DL,ATL,SFO,2139
2023-07-20 06:35:00,2023-07-20 06:30:00,-1 days +23:55:00,False,Thu,NK,ATL,MSP,907
2023-07-25 14:50:00,2023-07-25 14:47:00,-1 days +23:57:00,False,Tue,DL,ATL,MCO,404
2023-03-28 21:45:00,2023-03-28 21:41:00,-1 days +23:56:00,False,Tue,DL,ATL,GRR,640
2023-06-10 12:55:00,2023-06-10 12:51:00,-1 days +23:56:00,False,Sat,DL,ATL,ILM,377
2023-12-12 16:40:00,2023-12-12 16:38:00,-1 days +23:58:00,False,Tue,DL,ATL,MDW,591
2023-09-23 16:44:00,2023-09-23 16:44:00,0 days 00:00:00,False,Sat,DL,ATL,RDU,356
2023-08-15 15:38:00,2023-08-15 16:21:00,0 days 00:43:00,True,Tue,DL,ATL,AUS,813
2023-08-26 15:00:00,2023-08-26 15:00:00,0 days 00:00:00,False,Sat,DL,ATL,ANC,3417
2023-10-11 15:20:00,2023-10-11 15:16:00,-1 days +23:56:00,False,Wed,OO,ATL,SGF,563
2023-06-08 16:20:00,2023-06-08 17:06:00,0 days 00:46:00,True,Thu,DL,ATL,MCO,404
2023-11-30 12:20:00,2023-11-30 12:36:00,0 days 00:16:00,True,Thu,DL,ATL,RSW,515
2023-06-05 12:37:00,2023-06-05 12:56:00,0 days 00:19:00,True,Mon,DL,ATL,CHS,259
2023-09-28 22:25:00,2023-09-28 22:27:00,0 days 00:02:00,False,Thu,DL,ATL,FLL,581
2023-01-20 09:55:00,2023-01-20 09:51:00,-1 days +23:56:00,False,Fri,NK,ATL,ORD,606
2023-04-14 17:40:00,2023-04-14 17:42:00,0 days 00:02:00,False,Fri,DL,ATL,ORD,606
2023-05-30 14:00:00,2023-05-30 13:57:00,-1 days +23:57:00,False,Tue,DL,ATL,HSV,151
2023-11-27 05:44:00,2023-11-27 05:39:00,-1 days +23:55:00,False,Mon,AA,ATL,DFW,731
2023-05-01 11:45:00,2023-05-01 11:42:00,-1 days +23:57:00,False,Mon,DL,ATL,DEN,1199
2023-01-23 16:55:00,2023-01-23 17:11:00,0 days 00:16:00,True,Mon,DL,ATL,OKC,761
2023-10-19 14:50:00,2023-10-19 14:50:00,0 days 00:00:00,False,Thu,DL,ATL,LAX,1947
2023-03-11 21:58:00,2023-03-11 21:54:00,-1 days +23:56:00,False,Sat,DL,ATL,MDT,620
2023-12-08 17:09:00,2023-12-08 16:58:00,-1 days +23:49:00,False,Fri,DL,ATL,HOU,696
2023-05-18 07:18:00,2023-05-18 07:16:00,-1 days +23:58:00,False,Thu,DL,ATL,MEM,332
2023-01-20 10:15:00,2023-01-20 10:22:00,0 days 00:07:00,False,Fri,DL,ATL,HDN,1340
2023-09-23 15:45:00,2023-09-23 15:41:00,-1 days +23:56:00,False,Sat,DL,ATL,LAS,1747
2023-05-02 10:36:00,2023-05-02 10:45:00,0 days 00:09:00,False,Tue,NK,ATL,LAS,1747
2023-03-22 05:35:00,2023-03-22 05:43:00,0 days 00:08:00,False,Wed,NK,ATL,TPA,406
2023-07-04 12:13:00,2023-07-04 12:07:00,-1 days +23:54:00,False,Tue,UA,ATL,EWR,746
2023-07-25 21:05:00,2023-07-25 21:10:00,0 days 00:05:00,False,Tue,DL,ATL,MKE,669
2023-12-17 17:44:00,2023-12-17 18:07:00,0 days 00:23:00,True,Sun,DL,ATL,AVL,164
2023-06-29 22:35:00,2023-06-30 00:07:00,0 days 01:32:00,True,Fri,DL,ATL,AVL,164
2023-05-14 14:15:00,2023-05-14 14:06:00,-1 days +23:51:00,False,Sun,9E,ATL,ILM,377
2023-04-19 08:36:00,2023-04-19 08:34:00,-1 days +23:58:00,False,Wed,DL,ATL,MKE,669
2023-08-10 21:25:00,2023-08-10 21:24:00,-1 days +23:59:00,False,Thu,DL,ATL,BWI,577
2023-06-05 09:06:00,2023-06-05 09:03:00,-1 days +23:57:00,False,Mon,NK,ATL,MCO,404
2023-11-19 19:35:00,2023-11-19 19:56:00,0 days 00:21:00,True,Sun,WN,ATL,HOU,696
2023-01-13 15:54:00,2023-01-13 15:52:00,-1 days +23:58:00,False,Fri,DL,ATL,MEM,332
2023-07-10 08:20:00,2023-07-10 08:50:00,0 days 00:30:00,True,Mon,WN,ATL,MSY,425
2023-04-20 19:45:00,2023-04-20 20:28:00,0 days 00:43:00,True,Thu,DL,ATL,SAT,874
2023-04-06 22:15:00,2023-04-06 23:36:00,0 days 01:21:00,True,Thu,WN,ATL,JAX,270
2023-02-10 16:49:00,2023-02-10 16:47:00,-1 days +23:58:00,False,Fri,DL,ATL,EWR,746
2023-08-14 17:16:00,2023-08-14 18:40:00,0 days 01:24:00,True,Mon,DL,ATL,SAN,1892
2023-09-15 11:15:00,2023-09-15 11:13:00,-1 days +23:58:00,False,Fri,DL,ATL,PDX,2172
2023-06-05 19:30:00,2023-06-05 19:37:00,0 days 00:07:00,False,Mon,DL,ATL,OKC,761
2023-01-05 21:50:00,2023-01-05 21:48:00,-1 days +23:58:00,False,Thu,DL,ATL,ROC,749
2023-08-14 13:00:00,2023-08-14 12:57:00,-1 days +23:57:00,False,Mon,WN,ATL,BWI,577
2023-01-08 15:50:00,2023-01-08 15:49:00,-1 days +23:59:00,False,Sun,9E,ATL,GPT,352
2023-05-18 17:45:00,2023-05-18 17:42:00,-1 days +23:57:00,False,Thu,DL,ATL,SDF,321
2023-11-02 13:50:00,2023-11-02 13:47:00,-1 days +23:57:00,False,Thu,DL,ATL,ILM,377
2023-03-05 09:05:00,2023-03-05 09:01:00,-1 days +23:56:00,False,Sun,DL,ATL,EWR,746
2023-04-03 19:54:00,2023-04-03 20:41:00,0 days 00:47:00,True,Mon,DL,ATL,DAB,366
2023-11-25 20:48:00,2023-11-25 21:27:00,0 days 00:39:00,True,Sat,DL,ATL,MKE,669
2023-12-19 17:59:00,2023-12-19 17:53:00,-1 days +23:54:00,False,Tue,DL,ATL,CVG,373
2023-01-09 19:30:00,2023-01-09 19:40:00,0 days 00:10:00,False,Mon,DL,ATL,SJC,2116
2023-09-17 17:55:00,2023-09-17 17:53:00,-1 days +23:58:00,False,Sun,DL,ATL,AUS,813
2023-01-27 20:49:00,2023-01-27 20:49:00,0 days 00:00:00,False,Fri,DL,ATL,CHS,259
2023-09-14 11:05:00,2023-09-14 11:01:00,-1 days +23:56:00,False,Thu,DL,ATL,SNA,1919
2023-05-15 14:21:00,2023-05-15 14:15:00,-1 days +23:54:00,False,Mon,AA,ATL,DCA,547
2023-08-25 21:25:00,2023-08-25 21:42:00,0 days 00:17:00,True,Fri,DL,ATL,JFK,760
2023-03-13 23:07:00,2023-03-13 23:02:00,-1 days +23:55:00,False,Mon,DL,ATL,TYS,152
2023-07-20 16:40:00,2023-07-20 16:40:00,0 days 00:00:00,False,Thu,DL,ATL,CLT,226
2023-01-16 14:10:00,2023-01-16 14:07:00,-1 days +23:57:00,False,Mon,DL,ATL,RDU,356
2023-08-28 13:43:00,2023-08-28 13:42:00,-1 days +23:59:00,False,Mon,DL,ATL,BWI,577
2023-02-21 16:55:00,2023-02-21 16:47:00,-1 days +23:52:00,False,Tue,AA,ATL,MIA,594
2023-08-31 11:25:00,2023-08-31 11:24:00,-1 days +23:59:00,False,Thu,DL,ATL,HSV,151
2023-12-26 14:38:00,2023-12-26 14:37:00,-1 days +23:59:00,False,Tue,DL,ATL,PHX,1587
2023-08-24 18:16:00,2023-08-24 18:07:00,-1 days +23:51:00,False,Thu,UA,ATL,DEN,1199
2023-11-14 15:21:00,2023-11-14 15:34:00,0 days 00:13:00,False,Tue,DL,ATL,JAX,270
2023-04-10 22:59:00,2023-04-10 22:56:00,-1 days +23:57:00,False,Mon,DL,ATL,CAE,192
2023-05-06 08:55:00,2023-05-06 08:53:00,-1 days +23:58:00,False,Sat,DL,ATL,BOI,1838
2023-10-13 13:50:00,2023-10-13 13:49:00,-1 days +23:59:00,False,Fri,WN,ATL,AUS,813
2023-05-05 11:31:00,2023-05-05 11:29:00,-1 days +23:58:00,False,Fri,DL,ATL,MEM,332
2023-03-25 06:40:00,2023-03-25 06:39:00,-1 days +23:59:00,False,Sat,WN,ATL,DCA,547
2023-02-04 17:45:00,2023-02-04 17:58:00,0 days 00:13:00,False,Sat,DL,ATL,BDL,859
2023-10-25 15:46:00,2023-10-25 15:40:00,-1 days +23:54:00,False,Wed,DL,ATL,ICT,782
2023-12-20 12:40:00,2023-12-20 12:37:00,-1 days +23:57:00,False,Wed,DL,ATL,ECP,240
2023-01-29 21:15:00,2023-01-29 21:24:00,0 days 00:09:00,False,Sun,DL,ATL,DCA,547
2023-10-16 12:38:00,2023-10-16 12:35:00,-1 days +23:57:00,False,Mon,DL,ATL,SLC,1590
2023-05-24 14:27:00,2023-05-24 15:35:00,0 days 01:08:00,True,Wed,DL,ATL,BWI,577
2023-07-28 06:20:00,2023-07-28 07:17:00,0 days 00:57:00,True,Fri,WN,ATL,MDW,591
2023-02-23 17:15:00,2023-02-23 17:07:00,-1 days +23:52:00,False,Thu,DL,ATL,SAN,1892
2023-05-14 12:55:00,2023-05-14 12:50:00,-1 days +23:55:00,False,Sun,9E,ATL,TRI,227
2023-09-06 16:44:00,2023-09-06 16:39:00,-1 days +23:55:00,False,Wed,DL,ATL,PBI,545
2023-02-21 12:15:00,2023-02-21 12:10:00,-1 days +23:55:00,False,Tue,9E,ATL,CSG,83
2023-10-04 22:30:00,2023-10-04 22:28:00,-1 days +23:58:00,False,Wed,DL,ATL,SRQ,444
2023-04-28 10:55:00,2023-04-28 10:49:00,-1 days +23:54:00,False,Fri,DL,ATL,GSO,306
2023-09-03 08:25:00,2023-09-03 08:30:00,0 days 00:05:00,False,Sun,WN,ATL,FLL,581
2023-10-17 21:32:00,2023-10-17 22:34:00,0 days 01:02:00,True,Tue,NK,ATL,LAS,1747
2023-10-25 19:20:00,2023-10-25 19:45:00,0 days 00:25:00,True,Wed,DL,ATL,BNA,214
2023-01-26 11:31:00,2023-01-26 11:31:00,0 days 00:00:00,False,Thu,DL,ATL,DEN,1199
2023-10-17 16:20:00,2023-10-17 16:16:00,-1 days +23:56:00,False,Tue,DL,ATL,PHL,666
2023-01-25 16:29:00,2023-01-25 16:29:00,0 days 00:00:00,False,Wed,DL,ATL,JAX,270
2023-09-28 13:44:00,2023-09-28 16:58:00,0 days 03:14:00,True,Thu,DL,ATL,STL,484
2023-02-18 11:15:00,2023-02-18 11:11:00,-1 days +23:56:00,False,Sat,DL,ATL,MTJ,1352
2023-10-25 09:49:00,2023-10-25 10:04:00,0 days 00:15:00,False,Wed,DL,ATL,BOI,1838
2023-06-19 22:04:00,2023-06-19 23:14:00,0 days 01:10:00,True,Mon,F9,ATL,DEN,1199
2023-08-25 20:04:00,2023-08-25 20:37:00,0 days 00:33:00,True,Fri,F9,ATL,DFW,731
2023-06-10 08:00:00,2023-06-10 07:57:00,-1 days +23:57:00,False,Sat,DL,ATL,RIC,481
2023-01-28 11:51:00,2023-01-28 11:43:00,-1 days +23:52:00,False,Sat,UA,ATL,IAH,689
2023-10-27 18:59:00,2023-10-27 18:57:00,-1 days +23:58:00,False,Fri,DL,ATL,PHL,666
2023-11-09 14:05:00,2023-11-09 14:00:00,-1 days +23:55:00,False,Thu,DL,ATL,LIT,453
2023-08-11 08:55:00,2023-08-11 08:48:00,-1 days +23:53:00,False,Fri,DL,ATL,CLE,554
2023-12-20 09:59:00,2023-12-20 09:55:00,-1 days +23:56:00,False,Wed,DL,ATL,RIC,481
2023-10-28 11:06:00,2023-10-28 11:05:00,-1 days +23:59:00,False,Sat,DL,ATL,PHX,1587
2023-05-04 20:14:00,2023-05-04 20:19:00,0 days 00:05:00,False,Thu,F9,ATL,LAS,1747
2023-10-27 08:15:00,2023-10-27 08:11:00,-1 days +23:56:00,False,Fri,DL,ATL,DAL,721
2023-03-07 22:10:00,2023-03-07 22:07:00,-1 days +23:57:00,False,Tue,DL,ATL,STL,484
2023-10-27 13:05:00,2023-10-27 13:05:00,0 days 00:00:00,False,Fri,WN,ATL,MCI,692
2023-09-13 09:05:00,2023-09-13 09:02:00,-1 days +23:57:00,False,Wed,DL,ATL,MLB,442
2023-08-18 15:00:00,2023-08-18 14:57:00,-1 days +23:57:00,False,Fri,DL,ATL,ANC,3417
2023-05-13 13:55:00,2023-05-13 13:49:00,-1 days +23:54:00,False,Sat,YX,ATL,HHH,238
2023-06-05 22:35:00,2023-06-05 22:33:00,-1 days +23:58:00,False,Mon,DL,ATL,ILM,377
2023-01-01 16:50:00,2023-01-01 16:50:00,0 days 00:00:00,False,Sun,WN,ATL,BNA,214
2023-07-04 11:00:00,2023-07-04 11:00:00,0 days 00:00:00,False,Tue,DL,ATL,TPA,406
2023-09-21 08:57:00,2023-09-21 08:52:00,-1 days +23:55:00,False,Thu,9E,ATL,ROA,357
2023-04-11 10:05:00,2023-04-11 10:04:00,-1 days +23:59:00,False,Tue,DL,ATL,BHM,134
2023-02-01 15:28:00,2023-02-01 15:28:00,0 days 00:00:00,False,Wed,DL,ATL,SRQ,444
2023-12-23 12:59:00,2023-12-23 12:56:00,-1 days +23:57:00,False,Sat,DL,ATL,MKE,669
2023-03-15 22:30:00,2023-03-15 22:28:00,-1 days +23:58:00,False,Wed,DL,ATL,HSV,151
2023-02-13 09:40:00,2023-02-13 09:40:00,0 days 00:00:00,False,Mon,DL,ATL,STX,1638
2023-11-16 22:40:00,2023-11-16 22:39:00,-1 days +23:59:00,False,Thu,DL,ATL,FAY,331
2023-03-08 11:19:00,2023-03-08 11:14:00,-1 days +23:55:00,False,Wed,DL,ATL,LAS,1747
2023-05-12 08:50:00,2023-05-12 08:49:00,-1 days +23:59:00,False,Fri,9E,ATL,GTR,241
2023-12-28 16:24:00,2023-12-28 16:24:00,0 days 00:00:00,False,Thu,AA,ATL,DFW,731
2023-08-19 13:40:00,2023-08-19 13:51:00,0 days 00:11:00,False,Sat,DL,ATL,FLL,581
2023-01-06 08:05:00,2023-01-06 08:04:00,-1 days +23:59:00,False,Fri,DL,ATL,SLC,1590
2023-05-12 21:16:00,2023-05-12 22:05:00,0 days 00:49:00,True,Fri,DL,ATL,JAX,270
2023-05-30 22:55:00,2023-05-31 01:10:00,0 days 02:15:00,True,Wed,DL,ATL,IAD,534
2023-07-15 10:36:00,2023-07-15 10:36:00,0 days 00:00:00,False,Sat,DL,ATL,SLC,1590
2023-04-17 15:59:00,2023-04-17 16:11:00,0 days 00:12:00,False,Mon,9E,ATL,CHO,457
2023-06-11 21:06:00,2023-06-11 21:21:00,0 days 00:15:00,False,Sun,DL,ATL,PWM,1027
2023-04-17 18:24:00,2023-04-17 18:23:00,-1 days +23:59:00,False,Mon,DL,ATL,BNA,214
2023-10-19 20:45:00,2023-10-19 20:44:00,-1 days +23:59:00,False,Thu,OO,ATL,SBN,566
2023-05-24 18:40:00,2023-05-24 18:37:00,-1 days +23:57:00,False,Wed,DL,ATL,SFO,2139
2023-02-05 18:06:00,2023-02-05 18:09:00,0 days 00:03:00,False,Sun,DL,ATL,MEM,332
2023-08-24 08:33:00,2023-08-24 08:32:00,-1 days +23:59:00,False,Thu,DL,ATL,SRQ,444
2023-06-13 08:50:00,2023-06-13 08:48:00,-1 days +23:58:00,False,Tue,WN,ATL,PHL,666
2023-06-24 09:05:00,2023-06-24 09:03:00,-1 days +23:58:00,False,Sat,WN,ATL,BWI,577
2023-12-11 11:25:00,2023-12-11 11:20:00,-1 days +23:55:00,False,Mon,DL,ATL,JAX,270
2023-03-25 08:55:00,2023-03-25 10:14:00,0 days 01:19:00,True,Sat,WN,ATL,HOU,696
2023-07-20 16:38:00,2023-07-20 16:37:00,-1 days +23:59:00,False,Thu,DL,ATL,RIC,481
2023-06-30 07:15:00,2023-06-30 07:12:00,-1 days +23:57:00,False,Fri,DL,ATL,RDU,356
2023-03-05 06:00:00,2023-03-05 05:51:00,-1 days +23:51:00,False,Sun,AA,ATL,DFW,731
2023-11-30 13:53:00,2023-11-30 13:53:00,0 days 00:00:00,False,Thu,9E,ATL,DHN,170
2023-12-17 13:55:00,2023-12-17 13:53:00,-1 days +23:58:00,False,Sun,9E,ATL,MLU,448
2023-02-26 16:06:00,2023-02-26 16:14:00,0 days 00:08:00,False,Sun,9E,ATL,ROA,357
2023-05-31 08:30:00,2023-05-31 08:26:00,-1 days +23:56:00,False,Wed,WN,ATL,JAN,341
2023-08-25 14:32:00,2023-08-25 14:25:00,-1 days +23:53:00,False,Fri,9E,ATL,ABE,692
2023-08-19 21:12:00,2023-08-19 21:10:00,-1 days +23:58:00,False,Sat,NK,ATL,MSY,425
2023-10-24 15:50:00,2023-10-24 15:48:00,-1 days +23:58:00,False,Tue,DL,ATL,MYR,317
2023-11-13 09:00:00,2023-11-13 09:06:00,0 days 00:06:00,False,Mon,F9,ATL,DTW,594
2023-07-27 08:15:00,2023-07-27 08:13:00,-1 days +23:58:00,False,Thu,DL,ATL,GNV,300
2023-05-06 13:59:00,2023-05-06 14:07:00,0 days 00:08:00,False,Sat,DL,ATL,BDL,859
2023-10-04 21:55:00,2023-10-04 21:48:00,-1 days +23:53:00,False,Wed,F9,ATL,FLL,581
2023-09-18 11:25:00,2023-09-18 11:23:00,-1 days +23:58:00,False,Mon,UA,ATL,EWR,746
2023-09-12 16:37:00,2023-09-12 16:36:00,-1 days +23:59:00,False,Tue,DL,ATL,LAX,1947
2023-07-11 08:00:00,2023-07-11 08:01:00,0 days 00:01:00,False,Tue,DL,ATL,SAT,874
2023-02-23 10:15:00,2023-02-23 11:13:00,0 days 00:58:00,True,Thu,OO,ATL,HSV,151
2023-01-20 21:15:00,2023-01-20 21:13:00,-1 days +23:58:00,False,Fri,DL,ATL,RSW,515
2023-04-27 08:30:00,2023-04-27 08:46:00,0 days 00:16:00,True,Thu,DL,ATL,MCO,404
2023-06-28 16:43:00,2023-06-28 16:43:00,0 days 00:00:00,False,Wed,NK,ATL,MIA,594
2023-05-18 10:15:00,2023-05-18 10:11:00,-1 days +23:56:00,False,Thu,NK,ATL,FLL,581
2023-12-15 10:34:00,2023-12-15 10:23:00,-1 days +23:49:00,False,Fri,B6,ATL,BOS,946
2023-03-24 10:48:00,2023-03-24 13:58:00,0 days 03:10:00,True,Fri,AA,ATL,CLT,226
2023-01-12 21:16:00,2023-01-12 22:03:00,0 days 00:47:00,True,Thu,DL,ATL,PHX,1587
2023-04-11 10:04:00,2023-04-11 10:04:00,0 days 00:00:00,False,Tue,DL,ATL,PVD,903
2023-11-19 21:15:00,2023-11-19 21:14:00,-1 days +23:59:00,False,Sun,DL,ATL,BOS,946
2023-04-17 15:17:00,2023-04-17 15:13:00,-1 days +23:56:00,False,Mon,DL,ATL,SAV,214
2023-05-05 23:35:00,2023-05-05 23:40:00,0 days 00:05:00,False,Fri,OO,ATL,AGS,143
2023-07-17 09:50:00,2023-07-17 09:47:00,-1 days +23:57:00,False,Mon,DL,ATL,SAV,214
2023-10-10 09:40:00,2023-10-10 09:38:00,-1 days +23:58:00,False,Tue,DL,ATL,DTW,594
2023-09-12 18:28:00,2023-09-12 19:50:00,0 days 01:22:00,True,Tue,AA,ATL,DFW,731
2023-10-10 09:00:00,2023-10-10 09:08:00,0 days 00:08:00,False,Tue,DL,ATL,DAY,432
2023-04-02 22:43:00,2023-04-02 22:59:00,0 days 00:16:00,True,Sun,DL,ATL,LEX,304
2023-07-30 12:25:00,2023-07-30 12:19:00,-1 days +23:54:00,False,Sun,DL,ATL,RIC,481
2023-06-20 15:24:00,2023-06-20 15:57:00,0 days 00:33:00,True,Tue,DL,ATL,EWR,746
2023-01-20 22:57:00,2023-01-20 22:55:00,-1 days +23:58:00,False,Fri,DL,ATL,ORD,606
2023-08-11 08:42:00,2023-08-11 09:06:00,0 days 00:24:00,True,Fri,NK,ATL,LAX,1947
2023-04-28 21:19:00,2023-04-28 21:13:00,-1 days +23:54:00,False,Fri,DL,ATL,PBI,545
2023-05-03 19:59:00,2023-05-03 19:54:00,-1 days +23:55:00,False,Wed,DL,ATL,DAB,366
2023-11-29 10:25:00,2023-11-29 10:18:00,-1 days +23:53:00,False,Wed,B6,ATL,LGA,762
2023-04-14 16:05:00,2023-04-14 16:17:00,0 days 00:12:00,False,Fri,WN,ATL,DCA,547
2023-12-11 15:10:00,2023-12-11 15:07:00,-1 days +23:57:00,False,Mon,OO,ATL,FWA,508
2023-09-10 15:15:00,2023-09-10 15:09:00,-1 days +23:54:00,False,Sun,DL,ATL,FLL,581
2023-01-19 14:11:00,2023-01-19 14:16:00,0 days 00:05:00,False,Thu,DL,ATL,PBI,545
2023-08-05 10:05:00,2023-08-05 10:07:00,0 days 00:02:00,False,Sat,DL,ATL,ONT,1900
2023-12-10 20:05:00,2023-12-10 20:02:00,-1 days +23:57:00,False,Sun,DL,ATL,MSN,707
2023-09-23 11:11:00,2023-09-23 12:24:00,0 days 01:13:00,True,Sat,F9,ATL,TTN,701
2023-10-15 09:16:00,2023-10-15 09:14:00,-1 days +23:58:00,False,Sun,DL,ATL,DCA,547
2023-03-17 18:11:00,2023-03-17 18:37:00,0 days 00:26:00,True,Fri,NK,ATL,ORD,606
2023-11-03 16:32:00,2023-11-03 16:32:00,0 days 00:00:00,False,Fri,DL,ATL,DAL,721
2023-10-31 09:50:00,2023-10-31 09:39:00,-1 days +23:49:00,False,Tue,B6,ATL,BOS,946
2023-09-08 08:35:00,2023-09-08 08:32:00,-1 days +23:57:00,False,Fri,WN,ATL,SDF,321
2023-09-21 07:06:00,2023-09-21 07:05:00,-1 days +23:59:00,False,Thu,DL,ATL,ORF,516
2023-07-12 09:10:00,2023-07-12 09:08:00,-1 days +23:58:00,False,Wed,DL,ATL,MIA,594
2023-05-06 08:55:00,2023-05-06 08:55:00,0 days 00:00:00,False,Sat,DL,ATL,EWR,746
2023-07-12 16:39:00,2023-07-12 16:39:00,0 days 00:00:00,False,Wed,DL,ATL,DTW,594
2023-04-20 14:16:00,2023-04-20 14:23:00,0 days 00:07:00,False,Thu,AA,ATL,DFW,731
2023-02-23 06:30:00,2023-02-23 06:25:00,-1 days +23:55:00,False,Thu,WN,ATL,MCO,404
2023-09-04 12:40:00,2023-09-04 12:35:00,-1 days +23:55:00,False,Mon,9E,ATL,VLD,208
2023-10-17 15:25:00,2023-10-17 15:18:00,-1 days +23:53:00,False,Tue,DL,ATL,TLH,223
2023-02-20 16:43:00,2023-02-20 16:40:00,-1 days +23:57:00,False,Mon,DL,ATL,GRR,640
2023-07-05 09:30:00,2023-07-05 09:29:00,-1 days +23:59:00,False,Wed,DL,ATL,MCO,404
2023-05-17 08:30:00,2023-05-17 08:30:00,0 days 00:00:00,False,Wed,WN,ATL,JAN,341
2023-05-17 17:09:00,2023-05-17 17:03:00,-1 days +23:54:00,False,Wed,DL,ATL,DCA,547
2023-10-25 16:48:00,2023-10-25 16:47:00,-1 days +23:59:00,False,Wed,F9,ATL,BWI,577
2023-01-02 10:07:00,2023-01-02 10:21:00,0 days 00:14:00,False,Mon,DL,ATL,BOI,1838
2023-03-25 12:12:00,2023-03-25 12:13:00,0 days 00:01:00,False,Sat,DL,ATL,AVL,164
2023-05-02 13:24:00,2023-05-02 13:21:00,-1 days +23:57:00,False,Tue,DL,ATL,BOS,946
2023-07-13 08:33:00,2023-07-13 08:30:00,-1 days +23:57:00,False,Thu,DL,ATL,DEN,1199
2023-09-17 13:52:00,2023-09-17 13:50:00,-1 days +23:58:00,False,Sun,DL,ATL,BNA,214
2023-06-26 20:20:00,2023-06-26 20:49:00,0 days 00:29:00,True,Mon,DL,ATL,LIT,453
2023-08-25 10:05:00,2023-08-25 10:01:00,-1 days +23:56:00,False,Fri,9E,ATL,MLU,448
2023-08-29 07:05:00,2023-08-29 07:02:00,-1 days +23:57:00,False,Tue,WN,ATL,DEN,1199
2023-02-16 21:00:00,2023-02-16 20:59:00,-1 days +23:59:00,False,Thu,OO,ATL,SBN,566
2023-08-01 22:10:00,2023-08-01 22:37:00,0 days 00:27:00,True,Tue,WN,ATL,TPA,406
2023-08-04 11:59:00,2023-08-04 12:05:00,0 days 00:06:00,False,Fri,DL,ATL,BOS,946
2023-10-10 12:30:00,2023-10-10 12:26:00,-1 days +23:56:00,False,Tue,DL,ATL,ORD,606
2023-07-13 07:00:00,2023-07-13 06:55:00,-1 days +23:55:00,False,Thu,B6,ATL,FLL,581
2023-04-12 06:45:00,2023-04-12 06:40:00,-1 days +23:55:00,False,Wed,WN,ATL,HOU,696
2023-10-20 22:21:00,2023-10-20 22:16:00,-1 days +23:55:00,False,Fri,DL,ATL,OAJ,399
2023-04-14 09:10:00,2023-04-14 09:08:00,-1 days +23:58:00,False,Fri,9E,ATL,ROA,357
2023-01-18 11:05:00,2023-01-18 11:58:00,0 days 00:53:00,True,Wed,OO,ATL,ASE,1304
2023-08-10 13:55:00,2023-08-10 14:11:00,0 days 00:16:00,True,Thu,WN,ATL,DEN,1199
2023-03-07 10:50:00,2023-03-07 10:55:00,0 days 00:05:00,False,Tue,DL,ATL,EWR,746
2023-11-22 08:05:00,2023-11-22 08:01:00,-1 days +23:56:00,False,Wed,DL,ATL,JFK,760
2023-05-16 17:04:00,2023-05-16 17:06:00,0 days 00:02:00,False,Tue,DL,ATL,HSV,151
2023-11-30 16:45:00,2023-11-30 16:53:00,0 days 00:08:00,False,Thu,WN,ATL,CLE,554
2023-05-04 10:19:00,2023-05-04 10:23:00,0 days 00:04:00,False,Thu,DL,ATL,AUS,813
2023-09-01 10:20:00,2023-09-01 11:31:00,0 days 01:11:00,True,Fri,DL,ATL,RSW,515
2023-08-12 10:00:00,2023-08-12 09:59:00,-1 days +23:59:00,False,Sat,DL,ATL,STL,484
2023-02-14 06:55:00,2023-02-14 07:26:00,0 days 00:31:00,True,Tue,WN,ATL,MDW,591
2023-09-26 09:55:00,2023-09-26 09:51:00,-1 days +23:56:00,False,Tue,WN,ATL,PHX,1587
2023-02-20 13:57:00,2023-02-20 13:54:00,-1 days +23:57:00,False,Mon,DL,ATL,HSV,151
2023-06-17 11:22:00,2023-06-17 11:14:00,-1 days +23:52:00,False,Sat,AA,ATL,DFW,731
2023-07-30 19:51:00,2023-07-30 19:47:00,-1 days +23:56:00,False,Sun,DL,ATL,BTR,448
2023-05-11 17:45:00,2023-05-11 17:46:00,0 days 00:01:00,False,Thu,DL,ATL,SDF,321
2023-09-10 21:20:00,2023-09-10 21:26:00,0 days 00:06:00,False,Sun,DL,ATL,DAB,366
2023-04-21 07:40:00,2023-04-21 07:34:00,-1 days +23:54:00,False,Fri,DL,ATL,BNA,214
2023-08-05 21:45:00,2023-08-05 21:43:00,-1 days +23:58:00,False,Sat,DL,ATL,BTR,448
2023-12-26 10:35:00,2023-12-26 10:34:00,-1 days +23:59:00,False,Tue,B6,ATL,BOS,946
2023-03-27 06:00:00,2023-03-27 06:36:00,0 days 00:36:00,True,Mon,DL,ATL,LGA,762
2023-05-08 18:30:00,2023-05-08 18:41:00,0 days 00:11:00,False,Mon,DL,ATL,ONT,1900
2023-12-22 22:55:00,2023-12-22 22:51:00,-1 days +23:56:00,False,Fri,DL,ATL,RDU,356
2023-07-27 14:30:00,2023-07-27 14:47:00,0 days 00:17:00,True,Thu,DL,ATL,PHX,1587
2023-11-15 12:35:00,2023-11-15 12:33:00,-1 days +23:58:00,False,Wed,DL,ATL,MCO,404
2023-04-04 07:26:00,2023-04-04 07:25:00,-1 days +23:59:00,False,Tue,OO,ATL,HPN,780
2023-06-05 10:44:00,2023-06-05 10:42:00,-1 days +23:58:00,False,Mon,DL,ATL,EWR,746
2023-08-22 10:10:00,2023-08-22 10:05:00,-1 days +23:55:00,False,Tue,DL,ATL,GEG,1969
2023-08-30 19:30:00,2023-08-30 19:31:00,0 days 00:01:00,False,Wed,WN,ATL,BWI,577
2023-10-28 19:55:00,2023-10-28 20:12:00,0 days 00:17:00,True,Sat,DL,ATL,COS,1184
2023-03-06 12:38:00,2023-03-06 12:33:00,-1 days +23:55:00,False,Mon,DL,ATL,PHX,1587
2023-05-11 10:15:00,2023-05-11 10:21:00,0 days 00:06:00,False,Thu,DL,ATL,SLC,1590
2023-05-04 07:00:00,2023-05-04 06:56:00,-1 days +23:56:00,False,Thu,AA,ATL,MIA,594
2023-12-16 19:49:00,2023-12-16 19:47:00,-1 days +23:58:00,False,Sat,DL,ATL,LAS,1747
2023-03-16 07:15:00,2023-03-16 07:10:00,-1 days +23:55:00,False,Thu,UA,ATL,IAH,689
2023-09-23 12:32:00,2023-09-23 12:30:00,-1 days +23:58:00,False,Sat,DL,ATL,IND,432
2023-02-14 11:00:00,2023-02-14 10:56:00,-1 days +23:56:00,False,Tue,DL,ATL,LIT,453
2023-05-24 20:37:00,2023-05-24 20:30:00,-1 days +23:53:00,False,Wed,YX,ATL,DCA,547
2023-02-22 12:38:00,2023-02-22 12:36:00,-1 days +23:58:00,False,Wed,DL,ATL,PHX,1587
2023-10-13 07:05:00,2023-10-13 07:18:00,0 days 00:13:00,False,Fri,DL,ATL,IAH,689
2023-09-07 11:50:00,2023-09-07 11:48:00,-1 days +23:58:00,False,Thu,NK,ATL,SJU,1547
2023-11-12 17:20:00,2023-11-12 18:16:00,0 days 00:56:00,True,Sun,WN,ATL,MDW,591
2023-03-16 08:45:00,2023-03-16 08:58:00,0 days 00:13:00,False,Thu,DL,ATL,DAB,366
2023-10-17 06:09:00,2023-10-17 06:05:00,-1 days +23:56:00,False,Tue,F9,ATL,ORD,606
2023-11-01 09:15:00,2023-11-01 09:14:00,-1 days +23:59:00,False,Wed,DL,ATL,MLB,442
2023-03-20 09:15:00,2023-03-20 09:15:00,0 days 00:00:00,False,Mon,OO,ATL,SHV,551
2023-06-21 08:20:00,2023-06-21 08:32:00,0 days 00:12:00,False,Wed,WN,ATL,IND,432
2023-04-28 07:40:00,2023-04-28 07:36:00,-1 days +23:56:00,False,Fri,DL,ATL,BNA,214
2023-04-12 10:35:00,2023-04-12 10:50:00,0 days 00:15:00,False,Wed,WN,ATL,AUS,813
2023-04-01 19:45:00,2023-04-01 19:43:00,-1 days +23:58:00,False,Sat,DL,ATL,MYR,317
2023-12-26 13:38:00,2023-12-26 13:35:00,-1 days +23:57:00,False,Tue,DL,ATL,MCO,404
2023-11-02 10:25:00,2023-11-02 10:48:00,0 days 00:23:00,True,Thu,WN,ATL,RIC,481
2023-07-15 10:35:00,2023-07-15 10:36:00,0 days 00:01:00,False,Sat,WN,ATL,FLL,581
2023-01-21 23:35:00,2023-01-22 06:58:00,0 days 07:23:00,True,Sun,DL,ATL,JAX,270
2023-07-25 19:50:00,2023-07-25 19:52:00,0 days 00:02:00,False,Tue,WN,ATL,HOU,696
2023-04-17 16:43:00,2023-04-17 17:34:00,0 days 00:51:00,True,Mon,DL,ATL,MLB,442
2023-08-28 12:22:00,2023-08-28 12:20:00,-1 days +23:58:00,False,Mon,DL,ATL,ORF,516
2023-09-15 12:15:00,2023-09-15 12:10:00,-1 days +23:55:00,False,Fri,DL,ATL,RSW,515
2023-11-11 21:53:00,2023-11-11 21:49:00,-1 days +23:56:00,False,Sat,DL,ATL,MDT,620
2023-08-14 13:01:00,2023-08-14 13:00:00,-1 days +23:59:00,False,Mon,9E,ATL,TRI,227
2023-02-08 10:54:00,2023-02-08 10:49:00,-1 days +23:55:00,False,Wed,DL,ATL,PSP,1840
2023-12-08 12:50:00,2023-12-08 12:50:00,0 days 00:00:00,False,Fri,DL,ATL,DTW,594
2023-03-14 15:18:00,2023-03-14 15:15:00,-1 days +23:57:00,False,Tue,9E,ATL,SGF,563
2023-02-15 07:05:00,2023-02-15 07:00:00,-1 days +23:55:00,False,Wed,WN,ATL,PHX,1587
2023-04-12 10:10:00,2023-04-12 10:08:00,-1 days +23:58:00,False,Wed,OO,ATL,CRW,363
2023-12-13 21:45:00,2023-12-13 21:40:00,-1 days +23:55:00,False,Wed,WN,ATL,BWI,577
2023-08-15 08:50:00,2023-08-15 08:57:00,0 days 00:07:00,False,Tue,WN,ATL,MKE,669
2023-01-10 16:42:00,2023-01-10 16:38:00,-1 days +23:56:00,False,Tue,DL,ATL,DEN,1199
2023-02-13 20:00:00,2023-02-13 19:58:00,-1 days +23:58:00,False,Mon,DL,ATL,HPN,780
2023-04-23 22:45:00,2023-04-23 23:07:00,0 days 00:22:00,True,Sun,DL,ATL,SAT,874
2023-03-20 18:14:00,2023-03-20 18:12:00,-1 days +23:58:00,False,Mon,DL,ATL,VPS,250
2023-04-08 12:25:00,2023-04-08 12:49:00,0 days 00:24:00,True,Sat,B6,ATL,JFK,760
2023-07-03 16:57:00,2023-07-03 16:53:00,-1 days +23:56:00,False,Mon,DL,ATL,SJC,2116
2023-07-29 15:00:00,2023-07-29 15:48:00,0 days 00:48:00,True,Sat,DL,ATL,ANC,3417
2023-08-13 22:45:00,2023-08-13 23:09:00,0 days 00:24:00,True,Sun,DL,ATL,AVL,164
2023-09-10 11:30:00,2023-09-10 11:26:00,-1 days +23:56:00,False,Sun,9E,ATL,AGS,143
2023-06-20 20:30:00,2023-06-20 20:25:00,-1 days +23:55:00,False,Tue,DL,ATL,AVL,164
2023-06-13 19:35:00,2023-06-13 19:31:00,-1 days +23:56:00,False,Tue,DL,ATL,DAL,721
2023-10-07 07:05:00,2023-10-07 07:00:00,-1 days +23:55:00,False,Sat,WN,ATL,AUS,813
2023-05-01 20:15:00,2023-05-01 20:37:00,0 days 00:22:00,True,Mon,DL,ATL,SNA,1919
2023-05-01 06:15:00,2023-05-01 06:14:00,-1 days +23:59:00,False,Mon,F9,ATL,ORD,606
2023-11-26 19:40:00,2023-11-26 20:29:00,0 days 00:49:00,True,Sun,WN,ATL,STL,484
2023-12-22 08:35:00,2023-12-22 08:31:00,-1 days +23:56:00,False,Fri,DL,ATL,MEM,332
2023-07-09 11:34:00,2023-07-09 11:32:00,-1 days +23:58:00,False,Sun,OO,ATL,AGS,143
2023-10-13 18:25:00,2023-10-13 18:25:00,0 days 00:00:00,False,Fri,DL,ATL,CVG,373
2023-05-22 21:57:00,2023-05-22 23:09:00,0 days 01:12:00,True,Mon,NK,ATL,MIA,594
2023-06-23 07:00:00,2023-06-23 06:57:00,-1 days +23:57:00,False,Fri,UA,ATL,IAH,689
2023-06-19 16:15:00,2023-06-19 20:43:00,0 days 04:28:00,True,Mon,F9,ATL,MIA,594
2023-07-05 22:53:00,2023-07-05 23:36:00,0 days 00:43:00,True,Wed,DL,ATL,BWI,577
2023-07-26 21:25:00,2023-07-26 22:21:00,0 days 00:56:00,True,Wed,DL,ATL,MCO,404
2023-02-08 07:15:00,2023-02-08 07:09:00,-1 days +23:54:00,False,Wed,DL,ATL,LGA,762
2023-12-26 19:25:00,2023-12-26 20:03:00,0 days 00:38:00,True,Tue,WN,ATL,LAS,1747
2023-04-02 20:30:00,2023-04-02 20:36:00,0 days 00:06:00,False,Sun,DL,ATL,LGA,762
2023-12-23 22:33:00,2023-12-23 22:28:00,-1 days +23:55:00,False,Sat,DL,ATL,CVG,373
2023-07-22 22:59:00,2023-07-22 22:59:00,0 days 00:00:00,False,Sat,DL,ATL,PBI,545
2023-06-02 20:55:00,2023-06-02 20:51:00,-1 days +23:56:00,False,Fri,9E,ATL,AGS,143
2023-06-06 15:13:00,2023-06-06 15:11:00,-1 days +23:58:00,False,Tue,DL,ATL,DEN,1199
2023-11-08 22:05:00,2023-11-08 22:40:00,0 days 00:35:00,True,Wed,WN,ATL,MCO,404
2023-01-20 15:51:00,2023-01-20 16:27:00,0 days 00:36:00,True,Fri,DL,ATL,SDF,321
2023-12-20 06:12:00,2023-12-20 06:03:00,-1 days +23:51:00,False,Wed,AA,ATL,ORD,606
2023-05-19 19:55:00,2023-05-19 20:20:00,0 days 00:25:00,True,Fri,WN,ATL,DCA,547
2023-03-14 19:30:00,2023-03-14 19:25:00,-1 days +23:55:00,False,Tue,DL,ATL,ECP,240
2023-08-05 08:55:00,2023-08-05 08:55:00,0 days 00:00:00,False,Sat,DL,ATL,SJC,2116
2023-09-19 17:26:00,2023-09-19 17:24:00,-1 days +23:58:00,False,Tue,AA,ATL,PHL,666
2023-05-26 10:00:00,2023-05-26 09:58:00,-1 days +23:58:00,False,Fri,OO,ATL,LFT,503
2023-02-05 10:57:00,2023-02-05 11:00:00,0 days 00:03:00,False,Sun,NK,ATL,BOS,946
2023-05-11 08:10:00,2023-05-11 08:07:00,-1 days +23:57:00,False,Thu,DL,ATL,GSP,153
2023-01-01 13:45:00,2023-01-01 13:44:00,-1 days +23:59:00,False,Sun,DL,ATL,LGA,762
2023-06-23 20:59:00,2023-06-23 21:50:00,0 days 00:51:00,True,Fri,DL,ATL,MSY,425
2023-01-01 15:59:00,2023-01-01 15:55:00,-1 days +23:56:00,False,Sun,DL,ATL,HSV,151
2023-03-06 18:47:00,2023-03-06 18:36:00,-1 days +23:49:00,False,Mon,AS,ATL,SEA,2182
2023-07-03 18:37:00,2023-07-03 18:34:00,-1 days +23:57:00,False,Mon,DL,ATL,PIT,526
2023-02-18 22:26:00,2023-02-18 22:23:00,-1 days +23:57:00,False,Sat,DL,ATL,SYR,794
2023-11-01 09:27:00,2023-11-01 09:25:00,-1 days +23:58:00,False,Wed,DL,ATL,GPT,352
2023-04-08 08:00:00,2023-04-08 07:56:00,-1 days +23:56:00,False,Sat,DL,ATL,LGA,762
2023-03-13 14:28:00,2023-03-13 14:28:00,0 days 00:00:00,False,Mon,OO,ATL,BMI,533
2023-09-19 09:40:00,2023-09-19 09:38:00,-1 days +23:58:00,False,Tue,DL,ATL,BDL,859
2023-12-28 09:15:00,2023-12-28 09:10:00,-1 days +23:55:00,False,Thu,DL,ATL,BUF,712
2023-12-17 09:15:00,2023-12-17 09:24:00,0 days 00:09:00,False,Sun,DL,ATL,DCA,547
2023-06-04 20:00:00,2023-06-04 20:28:00,0 days 00:28:00,True,Sun,DL,ATL,JAN,341
2023-12-21 13:47:00,2023-12-21 13:45:00,-1 days +23:58:00,False,Thu,DL,ATL,SAT,874
2023-11-16 07:15:00,2023-11-16 07:12:00,-1 days +23:57:00,False,Thu,DL,ATL,PHL,666
2023-07-11 20:00:00,2023-07-11 19:56:00,-1 days +23:56:00,False,Tue,OO,ATL,HPN,780
2023-01-25 22:40:00,2023-01-25 23:01:00,0 days 00:21:00,True,Wed,DL,ATL,BUF,712
2023-09-23 15:10:00,2023-09-23 15:07:00,-1 days +23:57:00,False,Sat,DL,ATL,DCA,547
2023-09-19 08:20:00,2023-09-19 08:16:00,-1 days +23:56:00,False,Tue,DL,ATL,SEA,2182
2023-04-14 16:44:00,2023-04-14 16:42:00,-1 days +23:58:00,False,Fri,9E,ATL,DHN,170
2023-02-03 09:51:00,2023-02-03 09:49:00,-1 days +23:58:00,False,Fri,DL,ATL,LAX,1947
2023-03-17 12:05:00,2023-03-17 12:03:00,-1 days +23:58:00,False,Fri,DL,ATL,LEX,304
2023-04-01 10:51:00,2023-04-01 13:39:00,0 days 02:48:00,True,Sat,DL,ATL,JAC,1572
2023-07-02 12:01:00,2023-07-02 11:56:00,-1 days +23:55:00,False,Sun,DL,ATL,GNV,300
2023-11-11 18:00:00,2023-11-11 17:55:00,-1 days +23:55:00,False,Sat,9E,ATL,DAY,432
2023-01-09 12:31:00,2023-01-09 12:23:00,-1 days +23:52:00,False,Mon,DL,ATL,TYS,152
2023-11-07 06:07:00,2023-11-07 06:02:00,-1 days +23:55:00,False,Tue,UA,ATL,EWR,746
2023-12-27 14:02:00,2023-12-27 13:58:00,-1 days +23:56:00,False,Wed,DL,ATL,PIT,526
2023-12-01 13:40:00,2023-12-01 13:37:00,-1 days +23:57:00,False,Fri,DL,ATL,CMH,447
2023-02-16 11:46:00,2023-02-16 12:31:00,0 days 00:45:00,True,Thu,DL,ATL,JAN,341
2023-10-29 17:10:00,2023-10-29 19:51:00,0 days 02:41:00,True,Sun,WN,ATL,DEN,1199
2023-12-27 10:40:00,2023-12-27 11:28:00,0 days 00:48:00,True,Wed,DL,ATL,DFW,731
2023-10-23 12:25:00,2023-10-23 12:23:00,-1 days +23:58:00,False,Mon,WN,ATL,LIT,453
2023-07-09 14:25:00,2023-07-09 15:02:00,0 days 00:37:00,True,Sun,DL,ATL,TYS,152
2023-07-14 09:18:00,2023-07-14 09:15:00,-1 days +23:57:00,False,Fri,OO,ATL,GTR,241
2023-10-12 11:20:00,2023-10-12 11:29:00,0 days 00:09:00,False,Thu,NK,ATL,MSP,907
2023-03-10 08:20:00,2023-03-10 08:16:00,-1 days +23:56:00,False,Fri,DL,ATL,LAS,1747
2023-11-21 12:24:00,2023-11-21 12:21:00,-1 days +23:57:00,False,Tue,DL,ATL,GSP,153
2023-08-19 18:40:00,2023-08-19 18:35:00,-1 days +23:55:00,False,Sat,9E,ATL,TYS,152
2023-11-14 06:40:00,2023-11-14 06:38:00,-1 days +23:58:00,False,Tue,WN,ATL,DAL,721
2023-09-02 21:15:00,2023-09-02 21:10:00,-1 days +23:55:00,False,Sat,DL,ATL,SEA,2182
2023-09-23 12:20:00,2023-09-23 12:12:00,-1 days +23:52:00,False,Sat,OH,ATL,CLT,226
2023-06-01 07:15:00,2023-06-01 07:12:00,-1 days +23:57:00,False,Thu,DL,ATL,TPA,406
2023-07-07 13:45:00,2023-07-07 13:45:00,0 days 00:00:00,False,Fri,NK,ATL,BWI,577
2023-12-29 08:55:00,2023-12-29 08:53:00,-1 days +23:58:00,False,Fri,9E,ATL,AVL,164
2023-09-15 15:50:00,2023-09-15 15:48:00,-1 days +23:58:00,False,Fri,YX,ATL,HHH,238
2023-04-01 20:00:00,2023-04-01 19:55:00,-1 days +23:55:00,False,Sat,DL,ATL,MLB,442
2023-04-30 16:57:00,2023-04-30 17:39:00,0 days 00:42:00,True,Sun,DL,ATL,RIC,481
2023-01-14 23:15:00,2023-01-14 23:23:00,0 days 00:08:00,False,Sat,DL,ATL,MKE,669
2023-08-31 13:58:00,2023-08-31 14:08:00,0 days 00:10:00,False,Thu,DL,ATL,OKC,761
2023-12-11 10:05:00,2023-12-11 10:01:00,-1 days +23:56:00,False,Mon,WN,ATL,MSY,425
2023-05-27 14:38:00,2023-05-27 14:38:00,0 days 00:00:00,False,Sat,NK,ATL,DFW,731
2023-10-10 12:38:00,2023-10-10 12:34:00,-1 days +23:56:00,False,Tue,DL,ATL,SAT,874
2023-05-03 09:00:00,2023-05-03 08:59:00,-1 days +23:59:00,False,Wed,DL,ATL,OKC,761
2023-01-24 14:20:00,2023-01-24 14:14:00,-1 days +23:54:00,False,Tue,DL,ATL,DAY,432
2023-04-21 09:55:00,2023-04-21 09:51:00,-1 days +23:56:00,False,Fri,DL,ATL,ALB,853
2023-11-18 09:40:00,2023-11-18 09:35:00,-1 days +23:55:00,False,Sat,DL,ATL,DTW,594
2023-03-13 10:06:00,2023-03-13 10:05:00,-1 days +23:59:00,False,Mon,DL,ATL,PNS,271
2023-07-08 22:03:00,2023-07-09 00:08:00,0 days 02:05:00,True,Sun,DL,ATL,ORF,516
2023-11-22 19:59:00,2023-11-22 19:56:00,-1 days +23:57:00,False,Wed,DL,ATL,BWI,577
2023-06-05 22:25:00,2023-06-05 23:56:00,0 days 01:31:00,True,Mon,DL,ATL,MCO,404
2023-05-08 17:48:00,2023-05-08 17:47:00,-1 days +23:59:00,False,Mon,DL,ATL,STL,484
2023-08-09 15:56:00,2023-08-09 15:52:00,-1 days +23:56:00,False,Wed,9E,ATL,MLU,448
2023-03-27 07:04:00,2023-03-27 07:22:00,0 days 00:18:00,True,Mon,UA,ATL,IAH,689
2023-09-26 08:50:00,2023-09-26 08:48:00,-1 days +23:58:00,False,Tue,WN,ATL,SAT,874
2023-06-22 07:05:00,2023-06-22 07:21:00,0 days 00:16:00,True,Thu,DL,ATL,TPA,406
2023-01-12 07:33:00,2023-01-12 07:31:00,-1 days +23:58:00,False,Thu,DL,ATL,BWI,577
2023-09-18 07:10:00,2023-09-18 07:09:00,-1 days +23:59:00,False,Mon,DL,ATL,AUS,813
2023-08-23 05:40:00,2023-08-23 05:37:00,-1 days +23:57:00,False,Wed,NK,ATL,ORD,606
2023-02-23 22:35:00,2023-02-23 22:30:00,-1 days +23:55:00,False,Thu,DL,ATL,DAB,366
2023-05-13 07:01:00,2023-05-15 12:42:00,2 days 05:41:00,True,Mon,AA,ATL,MIA,594
2023-02-05 15:36:00,2023-02-05 15:33:00,-1 days +23:57:00,False,Sun,NK,ATL,BOS,946
2023-07-18 21:56:00,2023-07-18 21:47:00,-1 days +23:51:00,False,Tue,DL,ATL,MSN,707
2023-05-12 06:45:00,2023-05-12 06:43:00,-1 days +23:58:00,False,Fri,WN,ATL,HOU,696
2023-10-28 17:55:00,2023-10-28 17:52:00,-1 days +23:57:00,False,Sat,DL,ATL,ORF,516
2023-08-25 21:30:00,2023-08-25 21:22:00,-1 days +23:52:00,False,Fri,9E,ATL,LFT,503
2023-10-14 22:21:00,2023-10-14 22:19:00,-1 days +23:58:00,False,Sat,F9,ATL,LAS,1747
2023-01-06 10:07:00,2023-01-06 10:28:00,0 days 00:21:00,True,Fri,DL,ATL,BOS,946
2023-09-25 08:19:00,2023-09-25 08:17:00,-1 days +23:58:00,False,Mon,DL,ATL,DFW,731
2023-05-15 16:08:00,2023-05-15 16:07:00,-1 days +23:59:00,False,Mon,DL,ATL,DAB,366
2023-01-22 17:00:00,2023-01-22 17:15:00,0 days 00:15:00,False,Sun,DL,ATL,TUL,674
2023-03-27 07:20:00,2023-03-27 07:38:00,0 days 00:18:00,True,Mon,DL,ATL,RIC,481
2023-02-03 08:32:00,2023-02-03 08:29:00,-1 days +23:57:00,False,Fri,DL,ATL,CVG,373
2023-01-26 17:28:00,2023-01-26 17:27:00,-1 days +23:59:00,False,Thu,DL,ATL,IND,432
2023-02-17 22:25:00,2023-02-17 22:22:00,-1 days +23:57:00,False,Fri,DL,ATL,PIT,526
2023-01-14 15:51:00,2023-01-14 15:49:00,-1 days +23:58:00,False,Sat,DL,ATL,SDF,321
2023-02-07 13:50:00,2023-02-07 13:45:00,-1 days +23:55:00,False,Tue,DL,ATL,PBI,545
2023-10-03 21:20:00,2023-10-03 21:27:00,0 days 00:07:00,False,Tue,WN,ATL,FLL,581
2023-06-22 17:40:00,2023-06-22 17:52:00,0 days 00:12:00,False,Thu,DL,ATL,LIT,453
2023-07-13 14:15:00,2023-07-13 14:25:00,0 days 00:10:00,False,Thu,WN,ATL,LIT,453
2023-01-17 15:41:00,2023-01-17 15:35:00,-1 days +23:54:00,False,Tue,DL,ATL,DSM,743
2023-09-19 15:10:00,2023-09-19 15:41:00,0 days 00:31:00,True,Tue,DL,ATL,DCA,547
2023-05-04 17:00:00,2023-05-04 16:54:00,-1 days +23:54:00,False,Thu,DL,ATL,TYS,152
2023-10-02 07:33:00,2023-10-02 07:30:00,-1 days +23:57:00,False,Mon,DL,ATL,FLL,581
2023-09-12 07:55:00,2023-09-12 07:47:00,-1 days +23:52:00,False,Tue,F9,ATL,DTW,594
2023-01-06 12:15:00,2023-01-06 12:15:00,0 days 00:00:00,False,Fri,DL,ATL,MSP,907
2023-06-18 17:55:00,2023-06-18 17:47:00,-1 days +23:52:00,False,Sun,9E,ATL,BQK,238
2023-12-04 15:31:00,2023-12-04 15:30:00,-1 days +23:59:00,False,Mon,F9,ATL,IAH,689
2023-05-05 20:50:00,2023-05-05 21:35:00,0 days 00:45:00,True,Fri,DL,ATL,CMH,447
2023-04-09 15:46:00,2023-04-09 16:03:00,0 days 00:17:00,True,Sun,DL,ATL,GSP,153
2023-07-02 17:45:00,2023-07-02 17:41:00,-1 days +23:56:00,False,Sun,DL,ATL,TPA,406
2023-10-11 14:15:00,2023-10-11 14:15:00,0 days 00:00:00,False,Wed,DL,ATL,MKE,669
2023-03-10 08:36:00,2023-03-10 08:31:00,-1 days +23:55:00,False,Fri,DL,ATL,LIT,453
2023-07-27 10:25:00,2023-07-27 10:31:00,0 days 00:06:00,False,Thu,WN,ATL,MIA,594
2023-07-28 19:55:00,2023-07-28 22:27:00,0 days 02:32:00,True,Fri,WN,ATL,DCA,547
2023-04-28 08:01:00,2023-04-28 07:59:00,-1 days +23:58:00,False,Fri,DL,ATL,PIT,526
2023-11-25 19:59:00,2023-11-25 19:55:00,-1 days +23:56:00,False,Sat,DL,ATL,BWI,577
2023-10-20 14:59:00,2023-10-20 14:58:00,-1 days +23:59:00,False,Fri,DL,ATL,RSW,515
2023-10-10 22:52:00,2023-10-10 22:53:00,0 days 00:01:00,False,Tue,DL,ATL,LAX,1947
2023-08-20 16:59:00,2023-08-20 16:45:00,-1 days +23:46:00,False,Sun,OH,ATL,DCA,547
2023-01-30 16:06:00,2023-01-30 16:07:00,0 days 00:01:00,False,Mon,9E,ATL,ROA,357
2023-08-21 07:45:00,2023-08-21 07:43:00,-1 days +23:58:00,False,Mon,DL,ATL,PBI,545
2023-06-14 14:40:00,2023-06-14 15:01:00,0 days 00:21:00,True,Wed,DL,ATL,HOU,696
2023-08-05 16:38:00,2023-08-05 16:36:00,-1 days +23:58:00,False,Sat,DL,ATL,SLC,1590
2023-06-30 08:49:00,2023-06-30 09:09:00,0 days 00:20:00,True,Fri,DL,ATL,FLL,581
2023-06-05 13:50:00,2023-06-05 13:47:00,-1 days +23:57:00,False,Mon,DL,ATL,JFK,760
2023-08-11 21:34:00,2023-08-11 21:33:00,-1 days +23:59:00,False,Fri,DL,ATL,GSO,306
2023-09-11 17:50:00,2023-09-11 17:54:00,0 days 00:04:00,False,Mon,WN,ATL,MDW,591
2023-03-24 11:38:00,2023-03-24 11:48:00,0 days 00:10:00,False,Fri,UA,ATL,IAH,689
2023-06-01 21:15:00,2023-06-01 21:15:00,0 days 00:00:00,False,Thu,DL,ATL,SMF,2092
2023-01-29 10:00:00,2023-01-29 10:14:00,0 days 00:14:00,False,Sun,DL,ATL,SAN,1892
2023-12-22 15:10:00,2023-12-22 15:06:00,-1 days +23:56:00,False,Fri,9E,ATL,MLI,633
2023-10-10 15:41:00,2023-10-10 15:37:00,-1 days +23:56:00,False,Tue,9E,ATL,HPN,780
2023-07-18 07:00:00,2023-07-18 06:57:00,-1 days +23:57:00,False,Tue,UA,ATL,EWR,746
2023-01-27 21:20:00,2023-01-27 21:17:00,-1 days +23:57:00,False,Fri,DL,ATL,MLB,442
2023-06-02 10:15:00,2023-06-02 10:12:00,-1 days +23:57:00,False,Fri,DL,ATL,RIC,481
2023-12-22 19:31:00,2023-12-22 19:27:00,-1 days +23:56:00,False,Fri,AA,ATL,MIA,594
2023-07-25 18:26:00,2023-07-25 18:19:00,-1 days +23:53:00,False,Tue,DL,ATL,PBI,545
2023-12-25 14:55:00,2023-12-25 14:55:00,0 days 00:00:00,False,Mon,WN,ATL,RIC,481
2023-02-03 22:59:00,2023-02-03 22:59:00,0 days 00:00:00,False,Fri,DL,ATL,MIA,594
2023-12-03 19:35:00,2023-12-03 20:11:00,0 days 00:36:00,True,Sun,WN,ATL,HOU,696
2023-02-09 13:24:00,2023-02-09 13:21:00,-1 days +23:57:00,False,Thu,DL,ATL,DTW,594
2023-11-05 12:15:00,2023-11-05 12:59:00,0 days 00:44:00,True,Sun,DL,ATL,JFK,760
2023-08-19 22:35:00,2023-08-19 22:31:00,-1 days +23:56:00,False,Sat,DL,ATL,ILM,377
2023-10-11 13:05:00,2023-10-11 13:00:00,-1 days +23:55:00,False,Wed,DL,ATL,CHA,106
2023-05-11 10:30:00,2023-05-11 10:27:00,-1 days +23:57:00,False,Thu,DL,ATL,SFO,2139
2023-10-13 09:07:00,2023-10-13 09:07:00,0 days 00:00:00,False,Fri,9E,ATL,TRI,227
2023-12-17 07:10:00,2023-12-17 07:07:00,-1 days +23:57:00,False,Sun,DL,ATL,EWR,746
2023-05-21 15:22:00,2023-05-21 15:21:00,-1 days +23:59:00,False,Sun,DL,ATL,CLT,226
2023-04-12 15:59:00,2023-04-12 16:14:00,0 days 00:15:00,False,Wed,DL,ATL,JAN,341
2023-04-19 11:59:00,2023-04-19 11:56:00,-1 days +23:57:00,False,Wed,NK,ATL,BWI,577
2023-10-05 13:03:00,2023-10-05 13:03:00,0 days 00:00:00,False,Thu,DL,ATL,DFW,731
2023-06-25 20:54:00,2023-06-25 22:05:00,0 days 01:11:00,True,Sun,DL,ATL,DEN,1199
2023-04-21 07:05:00,2023-04-21 07:04:00,-1 days +23:59:00,False,Fri,DL,ATL,CLT,226
2023-06-12 22:45:00,2023-06-12 22:44:00,-1 days +23:59:00,False,Mon,DL,ATL,IAH,689
2023-10-15 22:40:00,2023-10-15 22:47:00,0 days 00:07:00,False,Sun,WN,ATL,MCO,404
2023-06-23 20:02:00,2023-06-23 20:01:00,-1 days +23:59:00,False,Fri,DL,ATL,IND,432
2023-12-15 08:10:00,2023-12-15 08:07:00,-1 days +23:57:00,False,Fri,DL,ATL,SAN,1892
2023-01-31 08:10:00,2023-01-31 08:25:00,0 days 00:15:00,False,Tue,DL,ATL,VPS,250
2023-06-09 10:05:00,2023-06-09 09:59:00,-1 days +23:54:00,False,Fri,DL,ATL,DAL,721
2023-09-13 22:45:00,2023-09-13 22:44:00,-1 days +23:59:00,False,Wed,DL,ATL,DAL,721
2023-07-04 10:11:00,2023-07-04 10:02:00,-1 days +23:51:00,False,Tue,AA,ATL,CLT,226
2023-06-04 20:50:00,2023-06-04 21:16:00,0 days 00:26:00,True,Sun,DL,ATL,BNA,214
2023-07-12 16:20:00,2023-07-12 16:20:00,0 days 00:00:00,False,Wed,NK,ATL,MIA,594
2023-08-04 09:12:00,2023-08-04 09:37:00,0 days 00:25:00,True,Fri,DL,ATL,DCA,547
2023-08-28 12:34:00,2023-08-28 12:40:00,0 days 00:06:00,False,Mon,DL,ATL,BDL,859
2023-01-05 22:35:00,2023-01-05 22:30:00,-1 days +23:55:00,False,Thu,DL,ATL,SDF,321
2023-03-04 18:15:00,2023-03-04 18:14:00,-1 days +23:59:00,False,Sat,DL,ATL,LAS,1747
2023-10-16 13:50:00,2023-10-16 13:52:00,0 days 00:02:00,False,Mon,DL,ATL,MCO,404
2023-07-13 09:40:00,2023-07-13 09:40:00,0 days 00:00:00,False,Thu,DL,ATL,MSN,707
2023-11-17 21:45:00,2023-11-17 21:54:00,0 days 00:09:00,False,Fri,WN,ATL,RSW,515
2023-05-22 22:35:00,2023-05-22 22:35:00,0 days 00:00:00,False,Mon,DL,ATL,MSY,425
2023-04-09 22:51:00,2023-04-09 22:50:00,-1 days +23:59:00,False,Sun,DL,ATL,TLH,223
2023-06-20 11:03:00,2023-06-20 13:47:00,0 days 02:44:00,True,Tue,DL,ATL,RDU,356
2023-03-18 22:05:00,2023-03-18 22:04:00,-1 days +23:59:00,False,Sat,DL,ATL,PHX,1587
2023-11-26 19:29:00,2023-11-26 19:28:00,-1 days +23:59:00,False,Sun,UA,ATL,EWR,746
2023-02-23 08:28:00,2023-02-23 08:47:00,0 days 00:19:00,True,Thu,DL,ATL,BOS,946
2023-03-14 18:33:00,2023-03-14 18:28:00,-1 days +23:55:00,False,Tue,UA,ATL,EWR,746
2023-11-22 20:02:00,2023-11-22 20:01:00,-1 days +23:59:00,False,Wed,DL,ATL,HSV,151
2023-02-05 18:48:00,2023-02-05 18:45:00,-1 days +23:57:00,False,Sun,OO,ATL,HPN,780
2023-09-12 14:08:00,2023-09-12 14:06:00,-1 days +23:58:00,False,Tue,DL,ATL,LAS,1747
2023-03-08 21:55:00,2023-03-08 22:28:00,0 days 00:33:00,True,Wed,DL,ATL,LAX,1947
2023-08-07 13:20:00,2023-08-07 13:51:00,0 days 00:31:00,True,Mon,DL,ATL,CVG,373
2023-08-03 16:55:00,2023-08-03 17:59:00,0 days 01:04:00,True,Thu,WN,ATL,FLL,581
2023-03-17 19:20:00,2023-03-17 19:18:00,-1 days +23:58:00,False,Fri,DL,ATL,EWR,746
2023-01-23 09:55:00,2023-01-23 09:51:00,-1 days +23:56:00,False,Mon,9E,ATL,SGF,563
2023-10-20 21:10:00,2023-10-20 21:10:00,0 days 00:00:00,False,Fri,DL,ATL,ORF,516
2023-05-09 07:02:00,2023-05-09 06:59:00,-1 days +23:57:00,False,Tue,DL,ATL,IAD,534
2023-05-18 12:54:00,2023-05-18 16:19:00,0 days 03:25:00,True,Thu,OO,ATL,MGM,147
2023-02-02 06:30:00,2023-02-02 06:35:00,0 days 00:05:00,False,Thu,DL,ATL,MCO,404
2023-07-31 09:55:00,2023-07-31 09:51:00,-1 days +23:56:00,False,Mon,9E,ATL,ABE,692
2023-10-11 09:15:00,2023-10-11 09:12:00,-1 days +23:57:00,False,Wed,DL,ATL,MYR,317
2023-07-21 21:35:00,2023-07-21 23:35:00,0 days 02:00:00,True,Fri,WN,ATL,BWI,577
2023-01-20 22:41:00,2023-01-20 22:34:00,-1 days +23:53:00,False,Fri,DL,ATL,GSO,306
2023-02-16 16:35:00,2023-02-16 16:35:00,0 days 00:00:00,False,Thu,DL,ATL,JFK,760
2023-03-01 16:28:00,2023-03-01 16:37:00,0 days 00:09:00,False,Wed,DL,ATL,PHL,666
2023-05-17 08:40:00,2023-05-17 08:34:00,-1 days +23:54:00,False,Wed,DL,ATL,SRQ,444
2023-01-23 20:36:00,2023-01-23 20:32:00,-1 days +23:56:00,False,Mon,DL,ATL,SNA,1919
2023-01-08 10:00:00,2023-01-08 09:56:00,-1 days +23:56:00,False,Sun,DL,ATL,BDL,859
2023-08-29 20:29:00,2023-08-29 23:36:00,0 days 03:07:00,True,Tue,B6,ATL,LGA,762
2023-10-22 22:45:00,2023-10-22 22:44:00,-1 days +23:59:00,False,Sun,WN,ATL,RIC,481
2023-12-22 13:41:00,2023-12-22 13:40:00,-1 days +23:59:00,False,Fri,9E,ATL,MLU,448
2023-02-17 19:37:00,2023-02-17 19:33:00,-1 days +23:56:00,False,Fri,DL,ATL,MCO,404
2023-12-12 17:10:00,2023-12-12 17:12:00,0 days 00:02:00,False,Tue,WN,ATL,DEN,1199
2023-07-09 08:21:00,2023-07-09 08:19:00,-1 days +23:58:00,False,Sun,DL,ATL,SAT,874
2023-11-28 19:55:00,2023-11-28 19:53:00,-1 days +23:58:00,False,Tue,DL,ATL,JAX,270
2023-06-29 09:00:00,2023-06-29 08:58:00,-1 days +23:58:00,False,Thu,AA,ATL,MIA,594
2023-03-24 20:45:00,2023-03-24 21:04:00,0 days 00:19:00,True,Fri,DL,ATL,LAS,1747
2023-07-01 15:08:00,2023-07-01 15:18:00,0 days 00:10:00,False,Sat,UA,ATL,IAH,689
2023-04-21 08:30:00,2023-04-21 08:28:00,-1 days +23:58:00,False,Fri,WN,ATL,IND,432
2023-05-03 08:15:00,2023-05-03 08:11:00,-1 days +23:56:00,False,Wed,DL,ATL,TYS,152
2023-02-28 12:50:00,2023-02-28 12:47:00,-1 days +23:57:00,False,Tue,9E,ATL,MGM,147
2023-04-27 07:05:00,2023-04-27 07:06:00,0 days 00:01:00,False,Thu,NK,ATL,ORD,606
2023-10-01 09:10:00,2023-10-01 09:10:00,0 days 00:00:00,False,Sun,WN,ATL,SAN,1892
2023-11-25 14:34:00,2023-11-25 14:33:00,-1 days +23:59:00,False,Sat,DL,ATL,CVG,373
2023-08-14 23:08:00,2023-08-14 23:47:00,0 days 00:39:00,True,Mon,DL,ATL,MSY,425
2023-10-15 13:17:00,2023-10-15 13:16:00,-1 days +23:59:00,False,Sun,DL,ATL,MEM,332
2023-11-01 11:00:00,2023-11-01 10:57:00,-1 days +23:57:00,False,Wed,DL,ATL,AVL,164
2023-02-24 07:20:00,2023-02-24 07:20:00,0 days 00:00:00,False,Fri,DL,ATL,CLE,554
2023-07-11 20:10:00,2023-07-11 20:16:00,0 days 00:06:00,False,Tue,DL,ATL,BWI,577
2023-02-19 16:20:00,2023-02-19 16:17:00,-1 days +23:57:00,False,Sun,DL,ATL,LGA,762
2023-12-30 07:20:00,2023-12-30 07:18:00,-1 days +23:58:00,False,Sat,DL,ATL,FLL,581
2023-02-02 08:00:00,2023-02-02 07:55:00,-1 days +23:55:00,False,Thu,UA,ATL,DEN,1199
2023-03-02 16:39:00,2023-03-02 16:36:00,-1 days +23:57:00,False,Thu,DL,ATL,DEN,1199
2023-09-17 11:15:00,2023-09-17 11:11:00,-1 days +23:56:00,False,Sun,9E,ATL,BTR,448
2023-02-11 19:30:00,2023-02-11 19:26:00,-1 days +23:56:00,False,Sat,9E,ATL,CHO,457
2023-10-30 22:25:00,2023-10-30 22:12:00,-1 days +23:47:00,False,Mon,DL,ATL,DAY,432
2023-07-09 09:55:00,2023-07-09 09:53:00,-1 days +23:58:00,False,Sun,DL,ATL,SJU,1547
2023-01-30 08:50:00,2023-01-30 09:06:00,0 days 00:16:00,True,Mon,WN,ATL,DCA,547
2023-10-22 18:11:00,2023-10-22 18:33:00,0 days 00:22:00,True,Sun,DL,ATL,PNS,271
2023-10-26 15:16:00,2023-10-26 15:16:00,0 days 00:00:00,False,Thu,DL,ATL,SAV,214
2023-09-03 20:40:00,2023-09-03 20:39:00,-1 days +23:59:00,False,Sun,DL,ATL,DTW,594
2023-07-29 14:54:00,2023-07-29 15:13:00,0 days 00:19:00,True,Sat,DL,ATL,BOS,946
2023-11-09 07:15:00,2023-11-09 07:31:00,0 days 00:16:00,True,Thu,DL,ATL,CMH,447
2023-10-16 20:18:00,2023-10-16 20:51:00,0 days 00:33:00,True,Mon,DL,ATL,OMA,821
2023-06-19 10:35:00,2023-06-19 11:46:00,0 days 01:11:00,True,Mon,DL,ATL,FLL,581
2023-10-15 08:10:00,2023-10-15 08:09:00,-1 days +23:59:00,False,Sun,DL,ATL,LAS,1747
2023-06-04 22:49:00,2023-06-04 22:49:00,0 days 00:00:00,False,Sun,DL,ATL,RIC,481
2023-01-29 23:35:00,2023-01-29 23:37:00,0 days 00:02:00,False,Sun,DL,ATL,TPA,406
2023-11-08 22:44:00,2023-11-08 22:41:00,-1 days +23:57:00,False,Wed,DL,ATL,AVL,164
2023-07-07 10:10:00,2023-07-07 10:07:00,-1 days +23:57:00,False,Fri,9E,ATL,MLU,448
2023-09-10 09:55:00,2023-09-10 10:04:00,0 days 00:09:00,False,Sun,DL,ATL,SEA,2182
2023-02-07 11:20:00,2023-02-07 11:15:00,-1 days +23:55:00,False,Tue,9E,ATL,CRW,363
2023-11-18 17:40:00,2023-11-18 17:37:00,-1 days +23:57:00,False,Sat,DL,ATL,IND,432
2023-04-21 09:40:00,2023-04-21 09:46:00,0 days 00:06:00,False,Fri,DL,ATL,CLT,226
2023-08-29 20:50:00,2023-08-29 20:49:00,-1 days +23:59:00,False,Tue,DL,ATL,GPT,352
2023-03-28 18:23:00,2023-03-28 19:25:00,0 days 01:02:00,True,Tue,DL,ATL,TPA,406
2023-11-18 14:35:00,2023-11-18 14:29:00,-1 days +23:54:00,False,Sat,9E,ATL,AEX,500
2023-11-23 13:40:00,2023-11-23 13:40:00,0 days 00:00:00,False,Thu,DL,ATL,BNA,214
2023-01-27 17:33:00,2023-01-27 17:28:00,-1 days +23:55:00,False,Fri,YX,ATL,LGA,762
2023-06-07 15:02:00,2023-06-07 15:27:00,0 days 00:25:00,True,Wed,DL,ATL,SAV,214
2023-10-01 09:10:00,2023-10-01 09:06:00,-1 days +23:56:00,False,Sun,DL,ATL,SMF,2092
2023-04-22 19:20:00,2023-04-22 19:28:00,0 days 00:08:00,False,Sat,9E,ATL,ABY,145
2023-06-30 22:19:00,2023-06-30 22:54:00,0 days 00:35:00,True,Fri,9E,ATL,SHV,551
2023-01-07 18:19:00,2023-01-07 18:15:00,-1 days +23:56:00,False,Sat,DL,ATL,ECP,240
2023-07-08 16:12:00,2023-07-08 16:18:00,0 days 00:06:00,False,Sat,NK,ATL,BWI,577
2023-04-02 13:41:00,2023-04-02 13:37:00,-1 days +23:56:00,False,Sun,DL,ATL,SFO,2139
2023-05-08 08:15:00,2023-05-08 08:13:00,-1 days +23:58:00,False,Mon,DL,ATL,XNA,589
2023-05-01 06:40:00,2023-05-01 07:51:00,0 days 01:11:00,True,Mon,B6,ATL,JFK,760
2023-11-09 10:05:00,2023-11-09 10:00:00,-1 days +23:55:00,False,Thu,DL,ATL,LAS,1747
2023-08-14 20:09:00,2023-08-14 20:24:00,0 days 00:15:00,False,Mon,DL,ATL,SFO,2139
2023-08-04 07:16:00,2023-08-04 07:14:00,-1 days +23:58:00,False,Fri,DL,ATL,MSY,425
2023-08-19 10:40:00,2023-08-19 10:40:00,0 days 00:00:00,False,Sat,WN,ATL,STL,484
2023-10-29 17:45:00,2023-10-29 17:50:00,0 days 00:05:00,False,Sun,DL,ATL,SRQ,444
2023-07-17 19:54:00,2023-07-17 20:10:00,0 days 00:16:00,True,Mon,DL,ATL,CHS,259
2023-11-15 19:35:00,2023-11-15 19:48:00,0 days 00:13:00,False,Wed,WN,ATL,SAT,874
2023-07-24 11:40:00,2023-07-24 12:17:00,0 days 00:37:00,True,Mon,DL,ATL,MCO,404
2023-09-07 15:28:00,2023-09-07 15:41:00,0 days 00:13:00,False,Thu,NK,ATL,ORD,606
2023-05-28 09:15:00,2023-05-28 09:11:00,-1 days +23:56:00,False,Sun,9E,ATL,BQK,238
2023-03-13 21:45:00,2023-03-13 21:48:00,0 days 00:03:00,False,Mon,OO,ATL,BMI,533
2023-07-21 12:33:00,2023-07-21 12:31:00,-1 days +23:58:00,False,Fri,DL,ATL,RDU,356
2023-03-11 10:48:00,2023-03-11 10:40:00,-1 days +23:52:00,False,Sat,AA,ATL,CLT,226
2023-03-22 18:22:00,2023-03-22 18:41:00,0 days 00:19:00,True,Wed,AA,ATL,DFW,731
2023-04-05 15:33:00,2023-04-05 15:34:00,0 days 00:01:00,False,Wed,DL,ATL,DEN,1199
2023-04-26 09:46:00,2023-04-26 09:43:00,-1 days +23:57:00,False,Wed,DL,ATL,SAT,874
2023-03-03 12:04:00,2023-03-03 12:43:00,0 days 00:39:00,True,Fri,B6,ATL,BOS,946
2023-05-28 16:12:00,2023-05-28 16:18:00,0 days 00:06:00,False,Sun,DL,ATL,DSM,743
2023-02-26 18:59:00,2023-02-26 18:53:00,-1 days +23:54:00,False,Sun,DL,ATL,SJU,1547
2023-07-20 09:20:00,2023-07-20 09:57:00,0 days 00:37:00,True,Thu,DL,ATL,SDF,321
2023-12-15 06:00:00,2023-12-15 06:28:00,0 days 00:28:00,True,Fri,DL,ATL,DTW,594
2023-02-21 09:47:00,2023-02-21 09:46:00,-1 days +23:59:00,False,Tue,YX,ATL,EWR,746
2023-04-05 08:50:00,2023-04-05 08:50:00,0 days 00:00:00,False,Wed,WN,ATL,IND,432
2023-11-21 09:44:00,2023-11-21 09:42:00,-1 days +23:58:00,False,Tue,DL,ATL,ALB,853
2023-09-27 10:26:00,2023-09-27 10:22:00,-1 days +23:56:00,False,Wed,DL,ATL,LEX,304
2023-01-04 15:26:00,2023-01-04 16:33:00,0 days 01:07:00,True,Wed,DL,ATL,PVD,903
2023-08-09 11:10:00,2023-08-09 11:05:00,-1 days +23:55:00,False,Wed,DL,ATL,ECP,240
2023-05-03 14:49:00,2023-05-03 14:45:00,-1 days +23:56:00,False,Wed,DL,ATL,CVG,373
2023-09-05 22:15:00,2023-09-05 22:09:00,-1 days +23:54:00,False,Tue,9E,ATL,GTR,241
2023-06-25 16:40:00,2023-06-25 16:39:00,-1 days +23:59:00,False,Sun,DL,ATL,DAY,432
2023-08-01 12:58:00,2023-08-01 13:24:00,0 days 00:26:00,True,Tue,DL,ATL,DFW,731
2023-12-16 07:11:00,2023-12-16 07:09:00,-1 days +23:58:00,False,Sat,DL,ATL,MSY,425
2023-11-30 12:15:00,2023-11-30 12:13:00,-1 days +23:58:00,False,Thu,DL,ATL,JFK,760
2023-11-12 22:40:00,2023-11-12 22:37:00,-1 days +23:57:00,False,Sun,NK,ATL,ORD,606
2023-05-26 20:37:00,2023-05-26 21:13:00,0 days 00:36:00,True,Fri,YX,ATL,DCA,547
2023-01-22 18:55:00,2023-01-22 20:27:00,0 days 01:32:00,True,Sun,WN,ATL,TPA,406
2023-03-11 20:10:00,2023-03-11 20:30:00,0 days 00:20:00,True,Sat,DL,ATL,DTW,594
2023-06-04 10:31:00,2023-06-04 10:28:00,-1 days +23:57:00,False,Sun,DL,ATL,EYW,646
2023-08-25 10:05:00,2023-08-25 10:00:00,-1 days +23:55:00,False,Fri,9E,ATL,CAE,192
2023-02-26 17:20:00,2023-02-26 17:27:00,0 days 00:07:00,False,Sun,AA,ATL,ORD,606
2023-01-16 07:00:00,2023-01-16 07:00:00,0 days 00:00:00,False,Mon,DL,ATL,MSP,907
2023-08-04 08:46:00,2023-08-04 08:47:00,0 days 00:01:00,False,Fri,UA,ATL,DEN,1199
2023-01-24 16:10:00,2023-01-24 16:21:00,0 days 00:11:00,False,Tue,NK,ATL,LAX,1947
2023-08-12 10:10:00,2023-08-12 10:07:00,-1 days +23:57:00,False,Sat,DL,ATL,TYS,152
2023-12-06 22:44:00,2023-12-06 22:38:00,-1 days +23:54:00,False,Wed,DL,ATL,XNA,589
2023-09-26 06:00:00,2023-09-26 06:04:00,0 days 00:04:00,False,Tue,AA,ATL,DFW,731
2023-04-03 17:00:00,2023-04-03 16:54:00,-1 days +23:54:00,False,Mon,AA,ATL,LAX,1947
2023-01-26 15:28:00,2023-01-26 16:15:00,0 days 00:47:00,True,Thu,DL,ATL,ALB,853
2023-02-25 21:59:00,2023-02-25 22:14:00,0 days 00:15:00,False,Sat,DL,ATL,FSD,954
2023-09-06 14:05:00,2023-09-06 14:03:00,-1 days +23:58:00,False,Wed,DL,ATL,PDX,2172
2023-09-24 15:15:00,2023-09-24 15:15:00,0 days 00:00:00,False,Sun,DL,ATL,ECP,240
2023-06-13 09:04:00,2023-06-13 09:03:00,-1 days +23:59:00,False,Tue,DL,ATL,MYR,317
2023-04-01 15:14:00,2023-04-01 17:09:00,0 days 01:55:00,True,Sat,DL,ATL,MCO,404
2023-10-22 20:03:00,2023-10-22 19:59:00,-1 days +23:56:00,False,Sun,DL,ATL,HPN,780
2023-05-26 16:50:00,2023-05-26 16:57:00,0 days 00:07:00,False,Fri,DL,ATL,MSY,425
2023-04-26 09:55:00,2023-04-26 09:53:00,-1 days +23:58:00,False,Wed,DL,ATL,DSM,743
2023-05-19 10:15:00,2023-05-19 10:11:00,-1 days +23:56:00,False,Fri,DL,ATL,MCI,692
2023-08-04 12:16:00,2023-08-04 13:01:00,0 days 00:45:00,True,Fri,9E,ATL,MOB,302
2023-09-23 15:13:00,2023-09-23 15:13:00,0 days 00:00:00,False,Sat,DL,ATL,STL,484
2023-03-19 14:00:00,2023-03-19 14:08:00,0 days 00:08:00,False,Sun,DL,ATL,SEA,2182
2023-08-17 15:00:00,2023-08-17 14:57:00,-1 days +23:57:00,False,Thu,9E,ATL,CHO,457
2023-02-11 19:37:00,2023-02-11 19:48:00,0 days 00:11:00,False,Sat,DL,ATL,MCO,404
2023-10-06 06:45:00,2023-10-06 08:24:00,0 days 01:39:00,True,Fri,AA,ATL,LAX,1947
2023-01-03 10:05:00,2023-01-03 10:05:00,0 days 00:00:00,False,Tue,DL,ATL,SLC,1590
2023-11-25 13:43:00,2023-11-25 13:35:00,-1 days +23:52:00,False,Sat,DL,ATL,OKC,761
2023-10-02 08:55:00,2023-10-02 08:54:00,-1 days +23:59:00,False,Mon,DL,ATL,FLL,581
2023-12-10 16:05:00,2023-12-10 16:14:00,0 days 00:09:00,False,Sun,WN,ATL,GSP,153
2023-01-25 12:25:00,2023-01-25 12:27:00,0 days 00:02:00,False,Wed,WN,ATL,RIC,481
2023-01-30 07:20:00,2023-01-30 07:14:00,-1 days +23:54:00,False,Mon,DL,ATL,JAX,270
2023-02-10 05:35:00,2023-02-10 05:35:00,0 days 00:00:00,False,Fri,NK,ATL,TPA,406
2023-08-26 21:00:00,2023-08-26 20:56:00,-1 days +23:56:00,False,Sat,DL,ATL,IAH,689
2023-05-01 12:49:00,2023-05-01 13:01:00,0 days 00:12:00,False,Mon,F9,ATL,MDW,591
2023-10-13 22:35:00,2023-10-13 23:04:00,0 days 00:29:00,True,Fri,DL,ATL,PIT,526
2023-09-14 21:20:00,2023-09-14 21:12:00,-1 days +23:52:00,False,Thu,F9,ATL,TTN,701
2023-03-17 21:05:00,2023-03-17 22:00:00,0 days 00:55:00,True,Fri,OO,ATL,LFT,503
2023-09-02 11:40:00,2023-09-02 11:36:00,-1 days +23:56:00,False,Sat,DL,ATL,MCO,404
2023-11-30 08:48:00,2023-11-30 08:55:00,0 days 00:07:00,False,Thu,DL,ATL,PNS,271
2023-01-08 11:25:00,2023-01-08 11:19:00,-1 days +23:54:00,False,Sun,NK,ATL,MCO,404
2023-12-01 21:53:00,2023-12-01 21:51:00,-1 days +23:58:00,False,Fri,DL,ATL,MDT,620
2023-04-23 16:38:00,2023-04-23 16:39:00,0 days 00:01:00,False,Sun,DL,ATL,HOU,696
2023-01-02 22:35:00,2023-01-02 22:37:00,0 days 00:02:00,False,Mon,DL,ATL,SDF,321
2023-04-03 14:30:00,2023-04-03 15:04:00,0 days 00:34:00,True,Mon,WN,ATL,STL,484
2023-03-04 13:00:00,2023-03-04 12:55:00,-1 days +23:55:00,False,Sat,NK,ATL,ORD,606
2023-10-01 15:36:00,2023-10-01 15:34:00,-1 days +23:58:00,False,Sun,DL,ATL,SDF,321
2023-11-12 20:10:00,2023-11-12 20:23:00,0 days 00:13:00,False,Sun,WN,ATL,MDW,591
2023-09-06 19:39:00,2023-09-06 19:34:00,-1 days +23:55:00,False,Wed,NK,ATL,MCO,404
2023-08-25 21:45:00,2023-08-25 22:56:00,0 days 01:11:00,True,Fri,WN,ATL,MIA,594
2023-10-15 20:36:00,2023-10-15 20:26:00,-1 days +23:50:00,False,Sun,YX,ATL,DCA,547
2023-11-04 17:40:00,2023-11-04 17:36:00,-1 days +23:56:00,False,Sat,DL,ATL,IAD,534
2023-07-07 20:55:00,2023-07-07 20:53:00,-1 days +23:58:00,False,Fri,OO,ATL,MGM,147
2023-12-12 10:35:00,2023-12-12 10:37:00,0 days 00:02:00,False,Tue,WN,ATL,OMA,821
2023-05-09 12:40:00,2023-05-09 12:39:00,-1 days +23:59:00,False,Tue,DL,ATL,MCO,404
2023-11-14 19:59:00,2023-11-14 19:51:00,-1 days +23:52:00,False,Tue,OO,ATL,BQK,238
2023-10-25 11:27:00,2023-10-25 11:17:00,-1 days +23:50:00,False,Wed,AA,ATL,ORD,606
2023-04-01 07:30:00,2023-04-01 07:38:00,0 days 00:08:00,False,Sat,AA,ATL,PHL,666
2023-03-31 11:34:00,2023-03-31 11:28:00,-1 days +23:54:00,False,Fri,YX,ATL,LGA,762
2023-03-30 19:10:00,2023-03-30 19:08:00,-1 days +23:58:00,False,Thu,DL,ATL,DEN,1199
2023-02-06 11:15:00,2023-02-06 11:07:00,-1 days +23:52:00,False,Mon,DL,ATL,MTJ,1352
2023-10-15 19:49:00,2023-10-15 20:10:00,0 days 00:21:00,True,Sun,DL,ATL,SLC,1590
2023-01-10 15:30:00,2023-01-10 15:27:00,-1 days +23:57:00,False,Tue,DL,ATL,LAX,1947
2023-01-06 13:28:00,2023-01-06 13:24:00,-1 days +23:56:00,False,Fri,DL,ATL,SAV,214
2023-02-14 09:05:00,2023-02-14 09:07:00,0 days 00:02:00,False,Tue,DL,ATL,EWR,746
2023-09-12 12:24:00,2023-09-12 12:22:00,-1 days +23:58:00,False,Tue,DL,ATL,GSP,153
2023-09-18 12:20:00,2023-09-18 12:18:00,-1 days +23:58:00,False,Mon,DL,ATL,SEA,2182
2023-11-27 09:50:00,2023-11-27 09:50:00,0 days 00:00:00,False,Mon,DL,ATL,GEG,1969
2023-09-12 09:55:00,2023-09-12 10:08:00,0 days 00:13:00,False,Tue,DL,ATL,OKC,761
2023-04-07 07:15:00,2023-04-07 07:14:00,-1 days +23:59:00,False,Fri,DL,ATL,EWR,746
2023-05-14 08:18:00,2023-05-14 08:14:00,-1 days +23:56:00,False,Sun,DL,ATL,TYS,152
2023-07-11 08:15:00,2023-07-11 08:31:00,0 days 00:16:00,True,Tue,DL,ATL,MCI,692
2023-05-26 09:06:00,2023-05-26 08:58:00,-1 days +23:52:00,False,Fri,AA,ATL,CLT,226
2023-05-04 12:30:00,2023-05-04 12:21:00,-1 days +23:51:00,False,Thu,YX,ATL,PHL,666
2023-06-24 09:42:00,2023-06-24 12:48:00,0 days 03:06:00,True,Sat,DL,ATL,LAS,1747
2023-07-12 11:10:00,2023-07-12 11:40:00,0 days 00:30:00,True,Wed,9E,ATL,CSG,83
2023-10-21 22:25:00,2023-10-21 22:20:00,-1 days +23:55:00,False,Sat,DL,ATL,IND,432
2023-02-05 22:25:00,2023-02-05 22:28:00,0 days 00:03:00,False,Sun,WN,ATL,BWI,577
2023-01-02 08:20:00,2023-01-02 09:38:00,0 days 01:18:00,True,Mon,DL,ATL,AUS,813
2023-11-05 15:25:00,2023-11-05 15:21:00,-1 days +23:56:00,False,Sun,DL,ATL,STL,484
2023-03-29 08:30:00,2023-03-29 08:53:00,0 days 00:23:00,True,Wed,DL,ATL,JFK,760
2023-11-13 08:55:00,2023-11-13 08:51:00,-1 days +23:56:00,False,Mon,DL,ATL,AVL,164
2023-04-11 17:55:00,2023-04-11 17:52:00,-1 days +23:57:00,False,Tue,DL,ATL,OKC,761
2023-04-30 05:30:00,2023-04-30 05:41:00,0 days 00:11:00,False,Sun,NK,ATL,FLL,581
2023-01-31 09:04:00,2023-01-31 09:45:00,0 days 00:41:00,True,Tue,DL,ATL,SYR,794
2023-08-07 08:30:00,2023-08-07 08:33:00,0 days 00:03:00,False,Mon,DL,ATL,LGA,762
2023-02-05 15:28:00,2023-02-05 15:27:00,-1 days +23:59:00,False,Sun,DL,ATL,DFW,731
2023-02-26 22:50:00,2023-02-26 22:49:00,-1 days +23:59:00,False,Sun,DL,ATL,MYR,317
2023-10-09 20:56:00,2023-10-09 21:27:00,0 days 00:31:00,True,Mon,F9,ATL,LAS,1747
2023-10-30 16:46:00,2023-10-30 16:35:00,-1 days +23:49:00,False,Mon,MQ,ATL,ORD,606
2023-05-29 22:44:00,2023-05-29 22:43:00,-1 days +23:59:00,False,Mon,DL,ATL,MYR,317
2023-04-29 12:51:00,2023-04-29 13:33:00,0 days 00:42:00,True,Sat,DL,ATL,MCO,404
2023-12-09 22:10:00,2023-12-09 21:51:00,-1 days +23:41:00,False,Sat,9E,ATL,LFT,503
2023-07-09 13:26:00,2023-07-09 13:39:00,0 days 00:13:00,False,Sun,9E,ATL,CHA,106
2023-04-24 08:10:00,2023-04-24 08:07:00,-1 days +23:57:00,False,Mon,DL,ATL,RSW,515
2023-08-28 20:44:00,2023-08-28 21:24:00,0 days 00:40:00,True,Mon,DL,ATL,LAX,1947
2023-12-03 19:55:00,2023-12-03 19:53:00,-1 days +23:58:00,False,Sun,DL,ATL,JAX,270
2023-05-15 12:43:00,2023-05-15 12:42:00,-1 days +23:59:00,False,Mon,DL,ATL,BHM,134
2023-08-03 12:40:00,2023-08-03 12:37:00,-1 days +23:57:00,False,Thu,9E,ATL,VLD,208
2023-02-23 11:00:00,2023-02-23 10:57:00,-1 days +23:57:00,False,Thu,DL,ATL,EYW,646
2023-08-21 12:25:00,2023-08-21 12:23:00,-1 days +23:58:00,False,Mon,DL,ATL,CMH,447
2023-12-27 13:25:00,2023-12-27 13:51:00,0 days 00:26:00,True,Wed,WN,ATL,MCI,692
2023-12-29 13:40:00,2023-12-29 13:39:00,-1 days +23:59:00,False,Fri,DL,ATL,SLC,1590
2023-11-01 09:45:00,2023-11-01 09:41:00,-1 days +23:56:00,False,Wed,WN,ATL,DEN,1199
2023-08-10 15:25:00,2023-08-10 16:29:00,0 days 01:04:00,True,Thu,DL,ATL,PVD,903
2023-05-18 15:20:00,2023-05-18 15:18:00,-1 days +23:58:00,False,Thu,OO,ATL,SBN,566
2023-03-29 16:30:00,2023-03-29 16:32:00,0 days 00:02:00,False,Wed,DL,ATL,SNA,1919
2023-11-16 17:45:00,2023-11-16 17:45:00,0 days 00:00:00,False,Thu,DL,ATL,FLL,581
2023-10-26 17:45:00,2023-10-26 17:39:00,-1 days +23:54:00,False,Thu,DL,ATL,GSO,306
2023-12-20 08:34:00,2023-12-20 08:43:00,0 days 00:09:00,False,Wed,DL,ATL,TPA,406
2023-04-28 17:55:00,2023-04-28 18:12:00,0 days 00:17:00,True,Fri,DL,ATL,GNV,300
2023-10-02 22:45:00,2023-10-02 22:44:00,-1 days +23:59:00,False,Mon,DL,ATL,DAL,721
2023-06-08 15:50:00,2023-06-08 15:51:00,0 days 00:01:00,False,Thu,WN,ATL,DEN,1199
2023-02-23 10:20:00,2023-02-23 10:16:00,-1 days +23:56:00,False,Thu,OO,ATL,SBN,566
2023-09-30 18:05:00,2023-09-30 18:11:00,0 days 00:06:00,False,Sat,WN,ATL,DEN,1199
2023-12-27 22:30:00,2023-12-27 22:26:00,-1 days +23:56:00,False,Wed,DL,ATL,FLL,581
2023-02-27 18:49:00,2023-02-27 18:49:00,0 days 00:00:00,False,Mon,DL,ATL,BNA,214
2023-12-16 18:15:00,2023-12-16 18:14:00,-1 days +23:59:00,False,Sat,DL,ATL,LAS,1747
2023-03-07 10:10:00,2023-03-07 10:06:00,-1 days +23:56:00,False,Tue,DL,ATL,STL,484
2023-02-04 14:50:00,2023-02-04 15:55:00,0 days 01:05:00,True,Sat,DL,ATL,CVG,373
2023-05-28 08:40:00,2023-05-28 08:39:00,-1 days +23:59:00,False,Sun,DL,ATL,IND,432
2023-09-08 19:40:00,2023-09-08 21:05:00,0 days 01:25:00,True,Fri,WN,ATL,HOU,696
2023-10-12 15:27:00,2023-10-12 15:24:00,-1 days +23:57:00,False,Thu,9E,ATL,MLI,633
2023-03-02 21:05:00,2023-03-02 21:01:00,-1 days +23:56:00,False,Thu,OO,ATL,SBN,566
2023-09-06 22:54:00,2023-09-06 22:49:00,-1 days +23:55:00,False,Wed,9E,ATL,TUL,674
2023-07-19 06:20:00,2023-07-19 06:18:00,-1 days +23:58:00,False,Wed,DL,ATL,MCO,404
2023-01-13 18:16:00,2023-01-13 18:08:00,-1 days +23:52:00,False,Fri,AA,ATL,PHX,1587
2023-01-29 13:15:00,2023-01-29 13:14:00,-1 days +23:59:00,False,Sun,WN,ATL,AUS,813
2023-08-03 10:20:00,2023-08-03 10:16:00,-1 days +23:56:00,False,Thu,DL,ATL,BZN,1640
2023-09-03 12:59:00,2023-09-03 12:53:00,-1 days +23:54:00,False,Sun,DL,ATL,DTW,594
2023-03-16 16:36:00,2023-03-16 16:50:00,0 days 00:14:00,False,Thu,DL,ATL,SAV,214
2023-05-10 19:59:00,2023-05-10 19:49:00,-1 days +23:50:00,False,Wed,DL,ATL,LIT,453
2023-08-19 21:00:00,2023-08-19 21:09:00,0 days 00:09:00,False,Sat,WN,ATL,BWI,577
2023-06-23 10:00:00,2023-06-23 10:42:00,0 days 00:42:00,True,Fri,DL,ATL,JFK,760
2023-06-18 21:20:00,2023-06-18 21:24:00,0 days 00:04:00,False,Sun,DL,ATL,LGA,762
2023-12-30 09:25:00,2023-12-30 09:21:00,-1 days +23:56:00,False,Sat,OO,ATL,FWA,508
2023-03-02 15:38:00,2023-03-02 15:32:00,-1 days +23:54:00,False,Thu,B6,ATL,JFK,760
2023-04-13 22:55:00,2023-04-13 22:47:00,-1 days +23:52:00,False,Thu,DL,ATL,ORD,606
2023-01-15 21:35:00,2023-01-15 22:25:00,0 days 00:50:00,True,Sun,NK,ATL,BWI,577
2023-07-29 11:00:00,2023-07-29 11:40:00,0 days 00:40:00,True,Sat,DL,ATL,RDU,356
2023-03-20 20:45:00,2023-03-20 20:42:00,-1 days +23:57:00,False,Mon,DL,ATL,VPS,250
2023-08-03 11:05:00,2023-08-03 11:00:00,-1 days +23:55:00,False,Thu,DL,ATL,JAN,341
2023-11-24 11:20:00,2023-11-24 11:21:00,0 days 00:01:00,False,Fri,9E,ATL,LFT,503
2023-11-25 11:05:00,2023-11-25 10:57:00,-1 days +23:52:00,False,Sat,AA,ATL,DCA,547
2023-10-05 15:25:00,2023-10-05 15:21:00,-1 days +23:56:00,False,Thu,DL,ATL,TLH,223
2023-10-13 06:00:00,2023-10-13 06:08:00,0 days 00:08:00,False,Fri,WN,ATL,LGA,762
2023-04-03 18:56:00,2023-04-03 19:31:00,0 days 00:35:00,True,Mon,F9,ATL,MIA,594
2023-02-08 08:24:00,2023-02-08 08:20:00,-1 days +23:56:00,False,Wed,DL,ATL,JAN,341
2023-09-21 07:15:00,2023-09-21 07:42:00,0 days 00:27:00,True,Thu,AA,ATL,DFW,731
2023-05-29 11:10:00,2023-05-29 11:04:00,-1 days +23:54:00,False,Mon,DL,ATL,BNA,214
2023-11-07 14:18:00,2023-11-07 14:14:00,-1 days +23:56:00,False,Tue,DL,ATL,HSV,151
2023-09-24 17:49:00,2023-09-24 17:45:00,-1 days +23:56:00,False,Sun,DL,ATL,ECP,240
2023-12-29 12:10:00,2023-12-29 12:02:00,-1 days +23:52:00,False,Fri,B6,ATL,JFK,760
2023-10-24 19:04:00,2023-10-24 18:54:00,-1 days +23:50:00,False,Tue,AA,ATL,MIA,594
2023-12-21 22:45:00,2023-12-21 23:21:00,0 days 00:36:00,True,Thu,WN,ATL,SRQ,444
2023-02-27 22:59:00,2023-02-27 22:45:00,-1 days +23:46:00,False,Mon,DL,ATL,ROA,357
2023-09-30 11:15:00,2023-09-30 11:36:00,0 days 00:21:00,True,Sat,DL,ATL,PVD,903
2023-12-30 21:21:00,2023-12-30 21:18:00,-1 days +23:57:00,False,Sat,9E,ATL,MLI,633
2023-11-26 08:40:00,2023-11-26 08:55:00,0 days 00:15:00,False,Sun,DL,ATL,SEA,2182
2023-12-19 09:15:00,2023-12-19 09:11:00,-1 days +23:56:00,False,Tue,9E,ATL,TRI,227
2023-06-30 20:00:00,2023-06-30 21:03:00,0 days 01:03:00,True,Fri,B6,ATL,BOS,946
2023-04-29 11:00:00,2023-04-29 10:59:00,-1 days +23:59:00,False,Sat,DL,ATL,BOS,946
2023-12-12 10:00:00,2023-12-12 10:08:00,0 days 00:08:00,False,Tue,DL,ATL,JFK,760
2023-06-18 11:05:00,2023-06-18 11:04:00,-1 days +23:59:00,False,Sun,DL,ATL,PHX,1587
2023-04-09 12:24:00,2023-04-09 12:15:00,-1 days +23:51:00,False,Sun,DL,ATL,TLH,223
2023-12-30 09:00:00,2023-12-30 08:55:00,-1 days +23:55:00,False,Sat,DL,ATL,MIA,594
2023-05-30 08:10:00,2023-05-30 08:09:00,-1 days +23:59:00,False,Tue,DL,ATL,PDX,2172
2023-08-16 10:05:00,2023-08-16 10:01:00,-1 days +23:56:00,False,Wed,WN,ATL,BWI,577
2023-03-16 21:20:00,2023-03-16 21:20:00,0 days 00:00:00,False,Thu,DL,ATL,PWM,1027
2023-07-28 13:47:00,2023-07-28 13:46:00,-1 days +23:59:00,False,Fri,NK,ATL,ORD,606
2023-02-20 20:45:00,2023-02-20 20:58:00,0 days 00:13:00,False,Mon,DL,ATL,LGA,762
2023-09-04 14:30:00,2023-09-04 14:40:00,0 days 00:10:00,False,Mon,WN,ATL,MCI,692
2023-04-23 14:52:00,2023-04-23 14:48:00,-1 days +23:56:00,False,Sun,DL,ATL,DTW,594
2023-02-18 10:20:00,2023-02-18 10:17:00,-1 days +23:57:00,False,Sat,DL,ATL,SDF,321
2023-11-02 11:27:00,2023-11-02 11:23:00,-1 days +23:56:00,False,Thu,AA,ATL,ORD,606
2023-03-06 12:25:00,2023-03-06 12:29:00,0 days 00:04:00,False,Mon,WN,ATL,RIC,481
2023-03-05 08:04:00,2023-03-05 08:01:00,-1 days +23:57:00,False,Sun,DL,ATL,GSO,306
2023-10-04 12:46:00,2023-10-04 12:45:00,-1 days +23:59:00,False,Wed,DL,ATL,MCO,404
2023-04-30 06:55:00,2023-04-30 06:45:00,-1 days +23:50:00,False,Sun,F9,ATL,MSY,425
2023-03-07 09:40:00,2023-03-07 09:39:00,-1 days +23:59:00,False,Tue,DL,ATL,TPA,406
2023-07-20 08:07:00,2023-07-20 08:00:00,-1 days +23:53:00,False,Thu,AA,ATL,PHX,1587
2023-10-04 22:41:00,2023-10-04 22:40:00,-1 days +23:59:00,False,Wed,DL,ATL,DEN,1199
2023-02-07 14:29:00,2023-02-07 14:24:00,-1 days +23:55:00,False,Tue,DL,ATL,PHL,666
2023-10-03 19:48:00,2023-10-03 19:39:00,-1 days +23:51:00,False,Tue,DL,ATL,ATW,765
2023-03-11 13:40:00,2023-03-11 13:40:00,0 days 00:00:00,False,Sat,DL,ATL,RIC,481
2023-04-16 19:40:00,2023-04-16 19:53:00,0 days 00:13:00,False,Sun,DL,ATL,PBI,545
2023-01-20 17:17:00,2023-01-20 17:14:00,-1 days +23:57:00,False,Fri,DL,ATL,CLT,226
2023-10-10 17:35:00,2023-10-10 17:30:00,-1 days +23:55:00,False,Tue,DL,ATL,HOU,696
2023-08-01 14:34:00,2023-08-01 14:25:00,-1 days +23:51:00,False,Tue,UA,ATL,IAD,534
2023-01-15 21:13:00,2023-01-15 21:15:00,0 days 00:02:00,False,Sun,DL,ATL,RIC,481
2023-09-18 08:34:00,2023-09-18 08:34:00,0 days 00:00:00,False,Mon,DL,ATL,PDX,2172
2023-08-09 18:30:00,2023-08-09 18:28:00,-1 days +23:58:00,False,Wed,WN,ATL,HOU,696
2023-09-29 15:15:00,2023-09-29 15:11:00,-1 days +23:56:00,False,Fri,DL,ATL,ECP,240
2023-09-19 15:38:00,2023-09-19 15:36:00,-1 days +23:58:00,False,Tue,NK,ATL,FLL,581
2023-03-31 08:35:00,2023-03-31 08:39:00,0 days 00:04:00,False,Fri,WN,ATL,MSY,425
2023-07-23 11:00:00,2023-07-23 10:55:00,-1 days +23:55:00,False,Sun,DL,ATL,PIT,526
2023-12-23 11:05:00,2023-12-23 11:04:00,-1 days +23:59:00,False,Sat,OO,ATL,ASE,1304
2023-08-10 23:59:00,2023-08-10 23:58:00,-1 days +23:59:00,False,Thu,DL,ATL,MKE,669
2023-08-08 14:26:00,2023-08-08 14:21:00,-1 days +23:55:00,False,Tue,AA,ATL,DFW,731
2023-02-19 20:58:00,2023-02-19 20:58:00,0 days 00:00:00,False,Sun,DL,ATL,CID,694
2023-09-20 16:52:00,2023-09-20 20:19:00,0 days 03:27:00,True,Wed,NK,ATL,MCO,404
2023-11-14 19:59:00,2023-11-14 20:16:00,0 days 00:17:00,True,Tue,DL,ATL,AUS,813
2023-05-15 22:51:00,2023-05-15 22:44:00,-1 days +23:53:00,False,Mon,DL,ATL,TLH,223
2023-12-26 19:54:00,2023-12-26 19:54:00,0 days 00:00:00,False,Tue,DL,ATL,COS,1184
2023-12-07 23:00:00,2023-12-07 22:55:00,-1 days +23:55:00,False,Thu,DL,ATL,MSY,425
2023-03-04 18:35:00,2023-03-04 19:27:00,0 days 00:52:00,True,Sat,DL,ATL,ONT,1900
2023-02-18 08:10:00,2023-02-18 08:08:00,-1 days +23:58:00,False,Sat,DL,ATL,DEN,1199
2023-06-26 20:30:00,2023-06-26 20:27:00,-1 days +23:57:00,False,Mon,DL,ATL,AVL,164
2023-05-25 08:30:00,2023-05-25 08:31:00,0 days 00:01:00,False,Thu,WN,ATL,RIC,481
2023-09-30 07:05:00,2023-09-30 07:01:00,-1 days +23:56:00,False,Sat,DL,ATL,TPA,406
2023-05-17 11:05:00,2023-05-17 10:54:00,-1 days +23:49:00,False,Wed,UA,ATL,EWR,746
2023-01-07 13:59:00,2023-01-07 13:55:00,-1 days +23:56:00,False,Sat,DL,ATL,MSY,425
2023-10-13 21:35:00,2023-10-13 22:04:00,0 days 00:29:00,True,Fri,DL,ATL,DTW,594
2023-07-03 19:45:00,2023-07-03 19:48:00,0 days 00:03:00,False,Mon,WN,ATL,LAS,1747
2023-11-20 22:30:00,2023-11-20 22:35:00,0 days 00:05:00,False,Mon,DL,ATL,TPA,406
2023-06-05 18:25:00,2023-06-05 18:21:00,-1 days +23:56:00,False,Mon,DL,ATL,AVL,164
2023-01-27 07:20:00,2023-01-27 07:22:00,0 days 00:02:00,False,Fri,DL,ATL,BOS,946
2023-05-21 20:25:00,2023-05-21 20:47:00,0 days 00:22:00,True,Sun,WN,ATL,DCA,547
2023-05-24 22:55:00,2023-05-25 00:13:00,0 days 01:18:00,True,Thu,F9,ATL,MDW,591
2023-12-10 15:43:00,2023-12-10 15:40:00,-1 days +23:57:00,False,Sun,DL,ATL,MDT,620
2023-01-29 16:13:00,2023-01-29 18:27:00,0 days 02:14:00,True,Sun,F9,ATL,RDU,356
2023-08-03 21:40:00,2023-08-03 21:39:00,-1 days +23:59:00,False,Thu,DL,ATL,CLT,226
2023-10-15 18:00:00,2023-10-15 17:49:00,-1 days +23:49:00,False,Sun,DL,ATL,AVL,164
2023-04-27 20:50:00,2023-04-27 20:54:00,0 days 00:04:00,False,Thu,DL,ATL,CID,694
2023-04-28 12:32:00,2023-04-28 12:27:00,-1 days +23:55:00,False,Fri,DL,ATL,BHM,134
2023-01-22 08:59:00,2023-01-22 08:59:00,0 days 00:00:00,False,Sun,OO,ATL,TRI,227
2023-05-22 10:31:00,2023-05-22 10:25:00,-1 days +23:54:00,False,Mon,DL,ATL,EYW,646
2023-11-21 16:19:00,2023-11-21 18:55:00,0 days 02:36:00,True,Tue,B6,ATL,JFK,760
2023-07-31 13:43:00,2023-07-31 13:52:00,0 days 00:09:00,False,Mon,DL,ATL,BWI,577
2023-08-28 13:57:00,2023-08-28 13:54:00,-1 days +23:57:00,False,Mon,DL,ATL,LAS,1747
2023-02-12 08:10:00,2023-02-12 08:09:00,-1 days +23:59:00,False,Sun,DL,ATL,PNS,271
2023-08-01 08:55:00,2023-08-01 09:06:00,0 days 00:11:00,False,Tue,DL,ATL,MDW,591
2023-01-08 12:15:00,2023-01-08 12:14:00,-1 days +23:59:00,False,Sun,OO,ATL,LFT,503
2023-08-28 20:31:00,2023-08-28 21:41:00,0 days 01:10:00,True,Mon,NK,ATL,LAS,1747
2023-12-14 12:23:00,2023-12-14 12:25:00,0 days 00:02:00,False,Thu,DL,ATL,GSP,153
2023-07-21 18:30:00,2023-07-21 18:38:00,0 days 00:08:00,False,Fri,WN,ATL,HOU,696
2023-09-20 22:55:00,2023-09-20 22:51:00,-1 days +23:56:00,False,Wed,DL,ATL,CHA,106
2023-01-30 12:15:00,2023-01-30 12:10:00,-1 days +23:55:00,False,Mon,DL,ATL,LGA,762
2023-10-27 18:15:00,2023-10-27 18:16:00,0 days 00:01:00,False,Fri,WN,ATL,LAS,1747
2023-05-02 07:00:00,2023-05-02 06:58:00,-1 days +23:58:00,False,Tue,WN,ATL,PHX,1587
2023-02-01 11:30:00,2023-02-01 11:25:00,-1 days +23:55:00,False,Wed,9E,ATL,EVV,350
2023-07-09 14:29:00,2023-07-09 15:20:00,0 days 00:51:00,True,Sun,DL,ATL,STL,484
2023-12-16 07:38:00,2023-12-16 07:37:00,-1 days +23:59:00,False,Sat,DL,ATL,JFK,760
2023-05-19 16:55:00,2023-05-19 19:11:00,0 days 02:16:00,True,Fri,DL,ATL,BHM,134
2023-09-30 15:15:00,2023-09-30 15:06:00,-1 days +23:51:00,False,Sat,AS,ATL,SEA,2182
2023-11-02 12:29:00,2023-11-02 12:26:00,-1 days +23:57:00,False,Thu,DL,ATL,RDU,356
2023-10-01 16:10:00,2023-10-01 17:32:00,0 days 01:22:00,True,Sun,DL,ATL,JFK,760
2023-02-27 12:35:00,2023-02-27 12:32:00,-1 days +23:57:00,False,Mon,B6,ATL,JFK,760
2023-01-16 09:11:00,2023-01-16 09:15:00,0 days 00:04:00,False,Mon,DL,ATL,AVL,164
2023-06-19 17:40:00,2023-06-19 20:36:00,0 days 02:56:00,True,Mon,DL,ATL,BTR,448
2023-01-12 10:15:00,2023-01-12 10:52:00,0 days 00:37:00,True,Thu,DL,ATL,LGA,762
2023-01-31 21:37:00,2023-01-31 21:34:00,-1 days +23:57:00,False,Tue,DL,ATL,JFK,760
2023-04-05 08:35:00,2023-04-05 08:33:00,-1 days +23:58:00,False,Wed,WN,ATL,MSY,425
2023-08-02 20:25:00,2023-08-02 20:22:00,-1 days +23:57:00,False,Wed,DL,ATL,MCI,692
2023-01-01 22:35:00,2023-01-01 22:35:00,0 days 00:00:00,False,Sun,DL,ATL,OMA,821
2023-03-05 22:46:00,2023-03-05 23:04:00,0 days 00:18:00,True,Sun,DL,ATL,RIC,481
2023-08-01 07:00:00,2023-08-01 06:53:00,-1 days +23:53:00,False,Tue,B6,ATL,FLL,581
2023-07-01 23:00:00,2023-07-01 23:59:00,0 days 00:59:00,True,Sat,DL,ATL,MSY,425
2023-03-01 10:39:00,2023-03-01 10:51:00,0 days 00:12:00,False,Wed,DL,ATL,MEM,332
2023-01-11 14:02:00,2023-01-11 14:26:00,0 days 00:24:00,True,Wed,DL,ATL,IAD,534
2023-10-19 11:45:00,2023-10-19 11:44:00,-1 days +23:59:00,False,Thu,B6,ATL,LGA,762
2023-08-25 16:47:00,2023-08-25 17:12:00,0 days 00:25:00,True,Fri,AA,ATL,PHL,666
2023-02-20 15:59:00,2023-02-20 15:54:00,-1 days +23:55:00,False,Mon,NK,ATL,BWI,577
2023-01-03 16:35:00,2023-01-03 22:17:00,0 days 05:42:00,True,Tue,F9,ATL,MIA,594
2023-09-15 15:55:00,2023-09-15 15:57:00,0 days 00:02:00,False,Fri,DL,ATL,SMF,2092
2023-01-05 18:59:00,2023-01-05 18:57:00,-1 days +23:58:00,False,Thu,DL,ATL,HSV,151
2023-07-16 11:10:00,2023-07-16 11:04:00,-1 days +23:54:00,False,Sun,DL,ATL,PDX,2172
2023-07-24 12:50:00,2023-07-24 12:46:00,-1 days +23:56:00,False,Mon,DL,ATL,CHS,259
2023-07-25 08:20:00,2023-07-25 08:16:00,-1 days +23:56:00,False,Tue,WN,ATL,MEM,332
2023-06-06 19:54:00,2023-06-06 19:49:00,-1 days +23:55:00,False,Tue,9E,ATL,VLD,208
2023-03-30 11:05:00,2023-03-30 11:00:00,-1 days +23:55:00,False,Thu,DL,ATL,LGA,762
2023-11-03 20:15:00,2023-11-03 20:14:00,-1 days +23:59:00,False,Fri,DL,ATL,SNA,1919
2023-11-17 17:29:00,2023-11-17 17:31:00,0 days 00:02:00,False,Fri,DL,ATL,MCI,692
2023-03-08 19:25:00,2023-03-08 19:42:00,0 days 00:17:00,True,Wed,WN,ATL,DEN,1199
2023-06-03 09:05:00,2023-06-03 09:04:00,-1 days +23:59:00,False,Sat,DL,ATL,EWR,746
2023-12-28 17:06:00,2023-12-28 17:01:00,-1 days +23:55:00,False,Thu,YX,ATL,DCA,547
2023-09-21 13:44:00,2023-09-21 13:40:00,-1 days +23:56:00,False,Thu,DL,ATL,STL,484
2023-10-01 19:20:00,2023-10-01 19:13:00,-1 days +23:53:00,False,Sun,DL,ATL,OKC,761
2023-07-25 09:30:00,2023-07-25 09:30:00,0 days 00:00:00,False,Tue,DL,ATL,MCO,404
2023-06-15 08:25:00,2023-06-15 08:24:00,-1 days +23:59:00,False,Thu,DL,ATL,BHM,134
2023-05-08 17:35:00,2023-05-08 17:39:00,0 days 00:04:00,False,Mon,WN,ATL,BWI,577
2023-03-31 08:00:00,2023-03-31 07:55:00,-1 days +23:55:00,False,Fri,AS,ATL,SEA,2182
2023-06-25 20:10:00,2023-06-25 20:46:00,0 days 00:36:00,True,Sun,DL,ATL,LAS,1747
2023-01-30 08:10:00,2023-01-30 08:29:00,0 days 00:19:00,True,Mon,DL,ATL,PHX,1587
2023-04-18 06:05:00,2023-04-18 06:04:00,-1 days +23:59:00,False,Tue,YX,ATL,LGA,762
2023-05-15 12:36:00,2023-05-15 12:32:00,-1 days +23:56:00,False,Mon,DL,ATL,CAE,192
2023-08-21 19:59:00,2023-08-21 19:55:00,-1 days +23:56:00,False,Mon,9E,ATL,BQK,238
2023-11-13 23:49:00,2023-11-13 23:46:00,-1 days +23:57:00,False,Mon,DL,ATL,HSV,151
2023-05-22 23:23:00,2023-05-22 23:21:00,-1 days +23:58:00,False,Mon,DL,ATL,IND,432
2023-07-14 20:04:00,2023-07-14 21:05:00,0 days 01:01:00,True,Fri,DL,ATL,IND,432
2023-04-28 16:37:00,2023-04-28 16:32:00,-1 days +23:55:00,False,Fri,OO,ATL,MOB,302
2023-02-01 23:10:00,2023-02-02 00:02:00,0 days 00:52:00,True,Thu,DL,ATL,MSY,425
2023-07-15 07:10:00,2023-07-15 07:17:00,0 days 00:07:00,False,Sat,DL,ATL,CLE,554
2023-01-17 07:35:00,2023-01-17 07:32:00,-1 days +23:57:00,False,Tue,DL,ATL,GNV,300
2023-09-14 17:55:00,2023-09-14 17:56:00,0 days 00:01:00,False,Thu,NK,ATL,CLE,554
2023-09-15 10:12:00,2023-09-15 10:11:00,-1 days +23:59:00,False,Fri,DL,ATL,LAS,1747
2023-04-07 15:24:00,2023-04-07 15:21:00,-1 days +23:57:00,False,Fri,9E,ATL,CSG,83
2023-03-04 22:25:00,2023-03-04 22:22:00,-1 days +23:57:00,False,Sat,DL,ATL,EWR,746
2023-11-03 14:15:00,2023-11-03 14:10:00,-1 days +23:55:00,False,Fri,DL,ATL,MKE,669
2023-05-23 22:05:00,2023-05-24 00:07:00,0 days 02:02:00,True,Wed,WN,ATL,GSP,153
2023-09-12 17:59:00,2023-09-12 17:58:00,-1 days +23:59:00,False,Tue,DL,ATL,JAC,1572
2023-04-18 20:39:00,2023-04-18 20:32:00,-1 days +23:53:00,False,Tue,YX,ATL,DCA,547
2023-03-21 12:15:00,2023-03-21 12:22:00,0 days 00:07:00,False,Tue,DL,ATL,MSP,907
2023-09-01 20:50:00,2023-09-01 20:46:00,-1 days +23:56:00,False,Fri,DL,ATL,SDF,321
2023-10-09 15:00:00,2023-10-09 15:00:00,0 days 00:00:00,False,Mon,DL,ATL,MCI,692
2023-04-16 10:30:00,2023-04-16 10:29:00,-1 days +23:59:00,False,Sun,DL,ATL,MCO,404
2023-06-15 14:55:00,2023-06-15 15:54:00,0 days 00:59:00,True,Thu,WN,ATL,LGA,762
2023-06-11 16:44:00,2023-06-11 16:43:00,-1 days +23:59:00,False,Sun,DL,ATL,GRR,640
2023-04-30 17:40:00,2023-04-30 17:38:00,-1 days +23:58:00,False,Sun,DL,ATL,BTR,448
2023-11-12 08:55:00,2023-11-12 08:52:00,-1 days +23:57:00,False,Sun,DL,ATL,CHA,106
2023-09-16 12:25:00,2023-09-16 12:22:00,-1 days +23:57:00,False,Sat,OO,ATL,CSG,83
2023-08-06 23:42:00,2023-08-07 01:52:00,0 days 02:10:00,True,Mon,DL,ATL,GSO,306
2023-01-09 11:40:00,2023-01-09 11:40:00,0 days 00:00:00,False,Mon,MQ,ATL,ORD,606
2023-12-13 10:25:00,2023-12-13 10:23:00,-1 days +23:58:00,False,Wed,DL,ATL,DTW,594
2023-06-04 13:26:00,2023-06-04 13:23:00,-1 days +23:57:00,False,Sun,DL,ATL,DTW,594
2023-12-11 22:43:00,2023-12-11 22:33:00,-1 days +23:50:00,False,Mon,DL,ATL,GSO,306
2023-02-12 10:20:00,2023-02-12 10:18:00,-1 days +23:58:00,False,Sun,OO,ATL,SBN,566
2023-07-23 22:25:00,2023-07-23 22:30:00,0 days 00:05:00,False,Sun,DL,ATL,GNV,300
2023-06-11 15:20:00,2023-06-11 15:55:00,0 days 00:35:00,True,Sun,UA,ATL,IAH,689
2023-10-01 11:35:00,2023-10-01 11:32:00,-1 days +23:57:00,False,Sun,9E,ATL,AGS,143
2023-07-12 07:06:00,2023-07-12 07:03:00,-1 days +23:57:00,False,Wed,DL,ATL,DEN,1199
2023-05-26 16:45:00,2023-05-26 17:07:00,0 days 00:22:00,True,Fri,DL,ATL,JAX,270
2023-08-07 19:45:00,2023-08-07 22:59:00,0 days 03:14:00,True,Mon,DL,ATL,DAL,721
2023-04-15 17:40:00,2023-04-15 19:03:00,0 days 01:23:00,True,Sat,NK,ATL,MIA,594
2023-07-24 16:44:00,2023-07-24 17:07:00,0 days 00:23:00,True,Mon,AA,ATL,DFW,731
2023-04-18 15:30:00,2023-04-18 15:44:00,0 days 00:14:00,False,Tue,DL,ATL,MSP,907
2023-10-27 13:42:00,2023-10-27 13:38:00,-1 days +23:56:00,False,Fri,DL,ATL,SRQ,444
2023-06-29 21:42:00,2023-06-29 21:41:00,-1 days +23:59:00,False,Thu,DL,ATL,CLT,226
2023-03-02 20:54:00,2023-03-02 20:54:00,0 days 00:00:00,False,Thu,DL,ATL,SDF,321
2023-01-01 22:25:00,2023-01-02 00:01:00,0 days 01:36:00,True,Mon,DL,ATL,FLL,581
2023-01-22 09:30:00,2023-01-22 09:21:00,-1 days +23:51:00,False,Sun,AA,ATL,DFW,731
2023-11-21 22:45:00,2023-11-21 22:44:00,-1 days +23:59:00,False,Tue,WN,ATL,MCO,404
2023-08-26 06:23:00,2023-08-26 06:45:00,0 days 00:22:00,True,Sat,AA,ATL,ORD,606
2023-04-04 19:40:00,2023-04-04 19:39:00,-1 days +23:59:00,False,Tue,DL,ATL,LAS,1747
2023-11-14 10:05:00,2023-11-14 10:01:00,-1 days +23:56:00,False,Tue,DL,ATL,TYS,152
2023-10-02 13:53:00,2023-10-02 13:51:00,-1 days +23:58:00,False,Mon,DL,ATL,LIT,453
2023-11-05 20:10:00,2023-11-05 20:05:00,-1 days +23:55:00,False,Sun,WN,ATL,MDW,591
2023-05-04 08:10:00,2023-05-04 08:10:00,0 days 00:00:00,False,Thu,DL,ATL,VPS,250
2023-02-25 14:21:00,2023-02-25 14:18:00,-1 days +23:57:00,False,Sat,DL,ATL,LIT,453
2023-11-16 09:40:00,2023-11-16 09:43:00,0 days 00:03:00,False,Thu,DL,ATL,BDL,859
2023-07-29 07:00:00,2023-07-29 07:00:00,0 days 00:00:00,False,Sat,B6,ATL,FLL,581
2023-04-20 14:56:00,2023-04-20 14:52:00,-1 days +23:56:00,False,Thu,DL,ATL,ALB,853
2023-05-15 08:25:00,2023-05-15 08:23:00,-1 days +23:58:00,False,Mon,DL,ATL,TPA,406
2023-10-03 19:15:00,2023-10-03 19:20:00,0 days 00:05:00,False,Tue,WN,ATL,BWI,577
2023-01-30 10:20:00,2023-01-30 10:33:00,0 days 00:13:00,False,Mon,OO,ATL,SBN,566
2023-07-12 15:10:00,2023-07-12 15:13:00,0 days 00:03:00,False,Wed,DL,ATL,MIA,594
2023-03-30 12:20:00,2023-03-30 12:15:00,-1 days +23:55:00,False,Thu,DL,ATL,RSW,515
2023-04-08 17:55:00,2023-04-08 18:31:00,0 days 00:36:00,True,Sat,DL,ATL,SAT,874
2023-03-12 22:45:00,2023-03-12 22:46:00,0 days 00:01:00,False,Sun,DL,ATL,BWI,577
2023-12-31 16:30:00,2023-12-31 16:27:00,-1 days +23:57:00,False,Sun,DL,ATL,LAX,1947
2023-03-04 12:32:00,2023-03-04 12:29:00,-1 days +23:57:00,False,Sat,DL,ATL,CAE,192
2023-01-02 19:48:00,2023-01-02 20:07:00,0 days 00:19:00,True,Mon,DL,ATL,MIA,594
2023-04-01 17:45:00,2023-04-01 17:47:00,0 days 00:02:00,False,Sat,WN,ATL,FLL,581
2023-09-14 12:16:00,2023-09-14 12:15:00,-1 days +23:59:00,False,Thu,DL,ATL,TPA,406
2023-11-14 15:55:00,2023-11-14 15:49:00,-1 days +23:54:00,False,Tue,NK,ATL,FLL,581
2023-12-28 07:39:00,2023-12-28 07:38:00,-1 days +23:59:00,False,Thu,DL,ATL,JFK,760
2023-11-04 18:00:00,2023-11-04 17:58:00,-1 days +23:58:00,False,Sat,WN,ATL,MIA,594
2023-06-08 07:19:00,2023-06-08 07:11:00,-1 days +23:52:00,False,Thu,YX,ATL,DCA,547
2023-05-20 17:20:00,2023-05-20 17:22:00,0 days 00:02:00,False,Sat,WN,ATL,STL,484
2023-10-17 11:00:00,2023-10-17 11:00:00,0 days 00:00:00,False,Tue,DL,ATL,HSV,151
2023-11-29 21:58:00,2023-11-29 21:48:00,-1 days +23:50:00,False,Wed,DL,ATL,OAJ,399
2023-09-05 10:15:00,2023-09-05 10:12:00,-1 days +23:57:00,False,Tue,DL,ATL,GSO,306
2023-10-08 07:10:00,2023-10-08 07:17:00,0 days 00:07:00,False,Sun,DL,ATL,MSY,425
2023-12-28 21:25:00,2023-12-28 21:47:00,0 days 00:22:00,True,Thu,NK,ATL,MSY,425
2023-01-23 06:00:00,2023-01-23 05:58:00,-1 days +23:58:00,False,Mon,DL,ATL,DTW,594
2023-03-23 22:36:00,2023-03-23 22:35:00,-1 days +23:59:00,False,Thu,DL,ATL,CLT,226
2023-03-11 22:10:00,2023-03-11 22:16:00,0 days 00:06:00,False,Sat,DL,ATL,MSP,907
2023-04-07 13:45:00,2023-04-07 14:01:00,0 days 00:16:00,True,Fri,DL,ATL,MSP,907
2023-08-11 13:08:00,2023-08-11 13:48:00,0 days 00:40:00,True,Fri,B6,ATL,JFK,760
2023-04-27 20:32:00,2023-04-27 20:28:00,-1 days +23:56:00,False,Thu,DL,ATL,OAJ,399
2023-11-17 09:15:00,2023-11-17 09:14:00,-1 days +23:59:00,False,Fri,DL,ATL,SMF,2092
2023-10-16 07:00:00,2023-10-16 07:15:00,0 days 00:15:00,False,Mon,NK,ATL,MSP,907
2023-06-28 22:58:00,2023-06-28 22:57:00,-1 days +23:59:00,False,Wed,DL,ATL,MCI,692
2023-09-05 19:15:00,2023-09-05 19:08:00,-1 days +23:53:00,False,Tue,WN,ATL,IND,432
2023-07-24 15:18:00,2023-07-24 15:15:00,-1 days +23:57:00,False,Mon,DL,ATL,MDT,620
2023-04-25 19:59:00,2023-04-25 21:56:00,0 days 01:57:00,True,Tue,DL,ATL,LAS,1747
2023-09-15 07:10:00,2023-09-15 08:16:00,0 days 01:06:00,True,Fri,DL,ATL,DCA,547
2023-06-12 13:40:00,2023-06-12 15:22:00,0 days 01:42:00,True,Mon,DL,ATL,MIA,594
2023-08-13 08:35:00,2023-08-13 08:34:00,-1 days +23:59:00,False,Sun,DL,ATL,DFW,731
2023-12-31 11:56:00,2023-12-31 11:53:00,-1 days +23:57:00,False,Sun,DL,ATL,EWR,746
2023-12-07 19:35:00,2023-12-07 19:36:00,0 days 00:01:00,False,Thu,WN,ATL,HOU,696
2023-09-30 13:40:00,2023-09-30 13:42:00,0 days 00:02:00,False,Sat,9E,ATL,JAN,341
2023-08-26 19:59:00,2023-08-26 19:58:00,-1 days +23:59:00,False,Sat,DL,ATL,CLT,226
2023-02-09 22:59:00,2023-02-09 22:57:00,-1 days +23:58:00,False,Thu,DL,ATL,TPA,406
2023-11-02 08:10:00,2023-11-02 08:35:00,0 days 00:25:00,True,Thu,DL,ATL,SAV,214
2023-12-01 13:15:00,2023-12-01 13:19:00,0 days 00:04:00,False,Fri,WN,ATL,LIT,453
2023-04-09 11:20:00,2023-04-09 11:17:00,-1 days +23:57:00,False,Sun,DL,ATL,AGS,143
2023-03-14 08:45:00,2023-03-14 08:44:00,-1 days +23:59:00,False,Tue,WN,ATL,OKC,761
2023-07-28 20:03:00,2023-07-28 20:18:00,0 days 00:15:00,False,Fri,DL,ATL,SRQ,444
2023-09-20 08:10:00,2023-09-20 08:08:00,-1 days +23:58:00,False,Wed,DL,ATL,GSO,306
2023-08-31 15:38:00,2023-08-31 15:31:00,-1 days +23:53:00,False,Thu,DL,ATL,ICT,782
2023-04-14 16:34:00,2023-04-14 17:04:00,0 days 00:30:00,True,Fri,DL,ATL,SNA,1919
2023-08-13 12:55:00,2023-08-13 13:18:00,0 days 00:23:00,True,Sun,DL,ATL,ORD,606
2023-02-20 15:15:00,2023-02-20 15:12:00,-1 days +23:57:00,False,Mon,DL,ATL,FLL,581
2023-11-07 20:35:00,2023-11-07 20:24:00,-1 days +23:49:00,False,Tue,B6,ATL,LGA,762
2023-10-26 20:45:00,2023-10-26 20:38:00,-1 days +23:53:00,False,Thu,DL,ATL,CVG,373
2023-06-19 22:35:00,2023-06-19 22:53:00,0 days 00:18:00,True,Mon,DL,ATL,AVL,164
2023-05-22 23:05:00,2023-05-22 23:04:00,-1 days +23:59:00,False,Mon,DL,ATL,CLE,554
2023-06-04 13:12:00,2023-06-04 13:10:00,-1 days +23:58:00,False,Sun,DL,ATL,CHS,259
2023-04-16 18:35:00,2023-04-16 18:44:00,0 days 00:09:00,False,Sun,DL,ATL,BOS,946
2023-05-02 09:05:00,2023-05-02 09:01:00,-1 days +23:56:00,False,Tue,DL,ATL,IND,432
2023-11-10 15:21:00,2023-11-10 15:21:00,0 days 00:00:00,False,Fri,DL,ATL,MSP,907
2023-11-29 12:20:00,2023-11-29 12:13:00,-1 days +23:53:00,False,Wed,DL,ATL,ORF,516
2023-05-22 15:05:00,2023-05-22 15:30:00,0 days 00:25:00,True,Mon,WN,ATL,RIC,481
2023-12-11 09:25:00,2023-12-11 09:32:00,0 days 00:07:00,False,Mon,WN,ATL,STL,484
2023-09-02 21:15:00,2023-09-02 21:10:00,-1 days +23:55:00,False,Sat,DL,ATL,OMA,821
2023-04-11 12:47:00,2023-04-11 12:45:00,-1 days +23:58:00,False,Tue,UA,ATL,EWR,746
2023-12-04 22:55:00,2023-12-04 22:41:00,-1 days +23:46:00,False,Mon,DL,ATL,VPS,250
2023-01-13 21:00:00,2023-01-13 20:55:00,-1 days +23:55:00,False,Fri,9E,ATL,SGF,563
2023-03-06 07:17:00,2023-03-06 07:12:00,-1 days +23:55:00,False,Mon,DL,ATL,ORF,516
2023-09-01 20:23:00,2023-09-01 20:13:00,-1 days +23:50:00,False,Fri,AA,ATL,DFW,731
2023-08-26 18:35:00,2023-08-26 18:32:00,-1 days +23:57:00,False,Sat,DL,ATL,EWR,746
2023-08-18 17:44:00,2023-08-18 17:44:00,0 days 00:00:00,False,Fri,DL,ATL,GSO,306
2023-10-13 23:20:00,2023-10-13 23:40:00,0 days 00:20:00,True,Fri,DL,ATL,RDU,356
2023-10-19 19:55:00,2023-10-19 21:46:00,0 days 01:51:00,True,Thu,WN,ATL,BWI,577
2023-11-09 15:24:00,2023-11-09 15:20:00,-1 days +23:56:00,False,Thu,DL,ATL,IAH,689
2023-08-18 10:30:00,2023-08-18 11:11:00,0 days 00:41:00,True,Fri,DL,ATL,DFW,731
2023-11-26 13:20:00,2023-11-26 13:16:00,-1 days +23:56:00,False,Sun,WN,ATL,MSY,425
2023-11-29 19:35:00,2023-11-29 19:35:00,0 days 00:00:00,False,Wed,WN,ATL,SAT,874
2023-11-07 18:58:00,2023-11-07 18:55:00,-1 days +23:57:00,False,Tue,DL,ATL,MIA,594
2023-07-14 19:10:00,2023-07-14 19:57:00,0 days 00:47:00,True,Fri,UA,ATL,IAD,534
2023-07-24 18:05:00,2023-07-24 18:40:00,0 days 00:35:00,True,Mon,DL,ATL,JAX,270
2023-04-10 07:15:00,2023-04-10 07:13:00,-1 days +23:58:00,False,Mon,DL,ATL,DCA,547
2023-03-06 16:56:00,2023-03-06 17:23:00,0 days 00:27:00,True,Mon,9E,ATL,DHN,170
2023-01-30 16:30:00,2023-01-30 16:35:00,0 days 00:05:00,False,Mon,DL,ATL,JFK,760
2023-11-19 15:21:00,2023-11-19 15:15:00,-1 days +23:54:00,False,Sun,OO,ATL,CSG,83
2023-11-20 07:50:00,2023-11-20 07:45:00,-1 days +23:55:00,False,Mon,DL,ATL,JAX,270
2023-02-19 19:25:00,2023-02-19 19:23:00,-1 days +23:58:00,False,Sun,DL,ATL,AUS,813
2023-09-29 22:54:00,2023-09-30 07:45:00,0 days 08:51:00,True,Sat,DL,ATL,TLH,223
2023-10-08 08:51:00,2023-10-08 08:51:00,0 days 00:00:00,False,Sun,UA,ATL,DEN,1199
2023-07-03 12:50:00,2023-07-03 13:03:00,0 days 00:13:00,False,Mon,9E,ATL,CHO,457
2023-03-21 10:25:00,2023-03-21 10:33:00,0 days 00:08:00,False,Tue,WN,ATL,LGA,762
2023-07-25 22:55:00,2023-07-25 22:53:00,-1 days +23:58:00,False,Tue,DL,ATL,GPT,352
2023-03-29 13:43:00,2023-03-29 13:39:00,-1 days +23:56:00,False,Wed,DL,ATL,FLL,581
2023-12-10 08:59:00,2023-12-10 08:57:00,-1 days +23:58:00,False,Sun,DL,ATL,DTW,594
2023-06-30 21:06:00,2023-06-30 22:27:00,0 days 01:21:00,True,Fri,DL,ATL,PWM,1027
2023-04-20 18:19:00,2023-04-20 18:46:00,0 days 00:27:00,True,Thu,F9,ATL,DFW,731
2023-03-03 21:59:00,2023-03-03 23:10:00,0 days 01:11:00,True,Fri,DL,ATL,PVD,903
2023-05-04 08:34:00,2023-05-04 08:34:00,0 days 00:00:00,False,Thu,DL,ATL,JFK,760
2023-10-17 20:45:00,2023-10-17 20:41:00,-1 days +23:56:00,False,Tue,DL,ATL,TUS,1541
2023-12-20 19:53:00,2023-12-20 19:58:00,0 days 00:05:00,False,Wed,DL,ATL,MSP,907
2023-11-18 10:20:00,2023-11-18 10:19:00,-1 days +23:59:00,False,Sat,DL,ATL,PHX,1587
2023-12-20 21:00:00,2023-12-20 21:09:00,0 days 00:09:00,False,Wed,DL,ATL,SLC,1590
2023-10-15 20:05:00,2023-10-15 20:04:00,-1 days +23:59:00,False,Sun,DL,ATL,BOI,1838
2023-10-13 17:45:00,2023-10-13 17:55:00,0 days 00:10:00,False,Fri,B6,ATL,LGA,762
2023-12-08 16:52:00,2023-12-08 16:47:00,-1 days +23:55:00,False,Fri,DL,ATL,SAT,874
2023-11-09 09:05:00,2023-11-09 09:02:00,-1 days +23:57:00,False,Thu,DL,ATL,EYW,646
2023-04-22 18:05:00,2023-04-22 18:04:00,-1 days +23:59:00,False,Sat,DL,ATL,DTW,594
2023-07-15 08:15:00,2023-07-15 08:13:00,-1 days +23:58:00,False,Sat,DL,ATL,AUS,813
2023-01-24 20:54:00,2023-01-24 20:50:00,-1 days +23:56:00,False,Tue,DL,ATL,EWR,746
2023-04-26 15:38:00,2023-04-26 15:52:00,0 days 00:14:00,False,Wed,F9,ATL,DTW,594
2023-12-24 11:00:00,2023-12-24 10:56:00,-1 days +23:56:00,False,Sun,9E,ATL,OAJ,399
2023-08-03 11:48:00,2023-08-03 11:46:00,-1 days +23:58:00,False,Thu,DL,ATL,DEN,1199
2023-05-04 17:18:00,2023-05-04 17:10:00,-1 days +23:52:00,False,Thu,DL,ATL,CMH,447
2023-11-30 18:55:00,2023-11-30 18:52:00,-1 days +23:57:00,False,Thu,DL,ATL,PHX,1587
2023-08-15 10:05:00,2023-08-15 10:27:00,0 days 00:22:00,True,Tue,DL,ATL,JFK,760
2023-04-03 22:30:00,2023-04-03 22:22:00,-1 days +23:52:00,False,Mon,DL,ATL,GNV,300
2023-11-08 15:10:00,2023-11-08 15:07:00,-1 days +23:57:00,False,Wed,DL,ATL,MIA,594
2023-01-09 20:50:00,2023-01-09 20:53:00,0 days 00:03:00,False,Mon,DL,ATL,ELP,1282
2023-11-30 15:02:00,2023-11-30 15:24:00,0 days 00:22:00,True,Thu,F9,ATL,MDW,591
2023-10-17 18:19:00,2023-10-17 19:19:00,0 days 01:00:00,True,Tue,DL,ATL,DTW,594
2023-08-25 23:58:00,2023-08-25 23:53:00,-1 days +23:55:00,False,Fri,DL,ATL,SAV,214
2023-02-09 11:31:00,2023-02-09 11:31:00,0 days 00:00:00,False,Thu,DL,ATL,DEN,1199
2023-10-21 16:33:00,2023-10-21 16:30:00,-1 days +23:57:00,False,Sat,DL,ATL,MIA,594
2023-11-12 18:05:00,2023-11-12 18:28:00,0 days 00:23:00,True,Sun,NK,ATL,CLE,554
2023-05-05 11:39:00,2023-05-05 11:35:00,-1 days +23:56:00,False,Fri,B6,ATL,JFK,760
2023-04-23 06:00:00,2023-04-23 06:05:00,0 days 00:05:00,False,Sun,UA,ATL,EWR,746
2023-08-26 21:45:00,2023-08-26 21:40:00,-1 days +23:55:00,False,Sat,WN,ATL,BNA,214
2023-03-08 06:25:00,2023-03-08 06:56:00,0 days 00:31:00,True,Wed,NK,ATL,LAX,1947
2023-11-03 09:49:00,2023-11-03 09:50:00,0 days 00:01:00,False,Fri,DL,ATL,BOI,1838
2023-08-23 21:45:00,2023-08-23 21:39:00,-1 days +23:54:00,False,Wed,WN,ATL,MIA,594
2023-06-17 13:34:00,2023-06-17 14:45:00,0 days 01:11:00,True,Sat,DL,ATL,RSW,515
2023-03-13 22:18:00,2023-03-13 22:29:00,0 days 00:11:00,False,Mon,DL,ATL,DEN,1199
2023-02-26 19:25:00,2023-02-26 19:21:00,-1 days +23:56:00,False,Sun,9E,ATL,MLU,448
2023-04-23 20:15:00,2023-04-23 20:34:00,0 days 00:19:00,True,Sun,B6,ATL,BOS,946
2023-09-09 10:05:00,2023-09-09 10:18:00,0 days 00:13:00,False,Sat,DL,ATL,DFW,731
2023-05-22 23:35:00,2023-05-22 23:51:00,0 days 00:16:00,True,Mon,DL,ATL,GSP,153
2023-10-03 08:10:00,2023-10-03 08:10:00,0 days 00:00:00,False,Tue,WN,ATL,FLL,581
2023-09-14 08:10:00,2023-09-14 08:05:00,-1 days +23:55:00,False,Thu,DL,ATL,VPS,250
2023-06-30 08:10:00,2023-06-30 08:09:00,-1 days +23:59:00,False,Fri,DL,ATL,MCI,692
2023-12-09 09:41:00,2023-12-09 10:08:00,0 days 00:27:00,True,Sat,DL,ATL,STT,1599
2023-10-16 22:25:00,2023-10-16 22:19:00,-1 days +23:54:00,False,Mon,DL,ATL,CLE,554
2023-02-13 19:20:00,2023-02-13 19:14:00,-1 days +23:54:00,False,Mon,UA,ATL,IAD,534
2023-11-13 05:44:00,2023-11-13 05:41:00,-1 days +23:57:00,False,Mon,AA,ATL,DFW,731
2023-02-26 22:08:00,2023-02-26 22:08:00,0 days 00:00:00,False,Sun,NK,ATL,LAS,1747
2023-05-13 16:31:00,2023-05-13 16:32:00,0 days 00:01:00,False,Sat,UA,ATL,EWR,746
2023-05-17 21:16:00,2023-05-17 21:50:00,0 days 00:34:00,True,Wed,DL,ATL,JAX,270
2023-10-17 12:29:00,2023-10-17 12:26:00,-1 days +23:57:00,False,Tue,DL,ATL,TLH,223
2023-05-01 10:10:00,2023-05-01 10:05:00,-1 days +23:55:00,False,Mon,DL,ATL,PIT,526
2023-11-22 10:25:00,2023-11-22 10:15:00,-1 days +23:50:00,False,Wed,OO,ATL,CSG,83
2023-06-26 15:29:00,2023-06-26 19:20:00,0 days 03:51:00,True,Mon,DL,ATL,MDT,620
2023-09-07 17:05:00,2023-09-07 17:16:00,0 days 00:11:00,False,Thu,WN,ATL,DAL,721
2023-12-04 11:05:00,2023-12-04 11:01:00,-1 days +23:56:00,False,Mon,DL,ATL,JAN,341
2023-03-16 12:00:00,2023-03-16 12:15:00,0 days 00:15:00,False,Thu,DL,ATL,GNV,300
2023-05-31 13:35:00,2023-05-31 13:32:00,-1 days +23:57:00,False,Wed,NK,ATL,BWI,577
2023-01-30 08:15:00,2023-01-30 08:10:00,-1 days +23:55:00,False,Mon,DL,ATL,LGA,762
2023-09-19 13:40:00,2023-09-19 13:42:00,0 days 00:02:00,False,Tue,WN,ATL,DAL,721
2023-01-01 06:00:00,2023-01-01 05:58:00,-1 days +23:58:00,False,Sun,NK,ATL,MCO,404
2023-10-15 13:30:00,2023-10-15 13:24:00,-1 days +23:54:00,False,Sun,9E,ATL,MOB,302
2023-02-04 16:29:00,2023-02-04 16:27:00,-1 days +23:58:00,False,Sat,DL,ATL,DAB,366
2023-12-27 15:54:00,2023-12-27 15:51:00,-1 days +23:57:00,False,Wed,OO,ATL,MGM,147
2023-11-28 18:59:00,2023-11-28 18:56:00,-1 days +23:57:00,False,Tue,DL,ATL,TLH,223
2023-07-18 06:00:00,2023-07-18 05:58:00,-1 days +23:58:00,False,Tue,DL,ATL,LGA,762
2023-06-09 22:25:00,2023-06-09 22:23:00,-1 days +23:58:00,False,Fri,DL,ATL,DEN,1199
2023-07-20 07:15:00,2023-07-20 07:24:00,0 days 00:09:00,False,Thu,DL,ATL,MIA,594
2023-08-26 12:37:00,2023-08-26 12:30:00,-1 days +23:53:00,False,Sat,UA,ATL,EWR,746
2023-10-04 22:48:00,2023-10-04 22:45:00,-1 days +23:57:00,False,Wed,DL,ATL,CHS,259
2023-10-16 17:25:00,2023-10-16 17:39:00,0 days 00:14:00,False,Mon,DL,ATL,CMH,447
2023-11-13 09:50:00,2023-11-13 09:46:00,-1 days +23:56:00,False,Mon,WN,ATL,PIT,526
2023-03-15 14:53:00,2023-03-15 14:58:00,0 days 00:05:00,False,Wed,DL,ATL,JFK,760
2023-09-25 17:16:00,2023-09-25 17:12:00,-1 days +23:56:00,False,Mon,DL,ATL,HOU,696
2023-12-11 13:59:00,2023-12-11 13:55:00,-1 days +23:56:00,False,Mon,DL,ATL,HOU,696
2023-02-04 09:56:00,2023-02-04 09:52:00,-1 days +23:56:00,False,Sat,9E,ATL,CAE,192
2023-07-22 19:53:00,2023-07-22 19:53:00,0 days 00:00:00,False,Sat,DL,ATL,MCO,404
2023-04-26 11:55:00,2023-04-26 11:49:00,-1 days +23:54:00,False,Wed,9E,ATL,MLU,448
2023-10-29 15:14:00,2023-10-29 15:13:00,-1 days +23:59:00,False,Sun,DL,ATL,BWI,577
2023-09-11 09:10:00,2023-09-11 09:07:00,-1 days +23:57:00,False,Mon,DL,ATL,MYR,317
2023-03-19 17:30:00,2023-03-19 17:33:00,0 days 00:03:00,False,Sun,NK,ATL,CLE,554
2023-02-23 10:35:00,2023-02-23 10:30:00,-1 days +23:55:00,False,Thu,NK,ATL,MCO,404
2023-11-24 16:25:00,2023-11-24 16:36:00,0 days 00:11:00,False,Fri,DL,ATL,LAX,1947
2023-07-02 12:59:00,2023-07-02 12:56:00,-1 days +23:57:00,False,Sun,DL,ATL,GSO,306
2023-09-21 10:40:00,2023-09-21 10:39:00,-1 days +23:59:00,False,Thu,WN,ATL,JAX,270
2023-12-11 15:38:00,2023-12-11 15:43:00,0 days 00:05:00,False,Mon,DL,ATL,DEN,1199
2023-04-03 11:15:00,2023-04-03 11:46:00,0 days 00:31:00,True,Mon,WN,ATL,DCA,547
2023-08-23 21:30:00,2023-08-23 21:26:00,-1 days +23:56:00,False,Wed,9E,ATL,LFT,503
2023-09-04 17:44:00,2023-09-04 17:40:00,-1 days +23:56:00,False,Mon,DL,ATL,AUS,813
2023-02-24 10:20:00,2023-02-24 10:42:00,0 days 00:22:00,True,Fri,DL,ATL,CMH,447
2023-08-09 08:10:00,2023-08-09 08:28:00,0 days 00:18:00,True,Wed,DL,ATL,HOU,696
2023-04-16 17:26:00,2023-04-16 17:24:00,-1 days +23:58:00,False,Sun,DL,ATL,STL,484
2023-01-20 11:45:00,2023-01-20 11:59:00,0 days 00:14:00,False,Fri,WN,ATL,DEN,1199
2023-06-29 22:50:00,2023-06-29 23:02:00,0 days 00:12:00,False,Thu,DL,ATL,ROC,749
2023-05-19 10:05:00,2023-05-19 10:01:00,-1 days +23:56:00,False,Fri,DL,ATL,BHM,134
2023-10-29 16:20:00,2023-10-29 16:13:00,-1 days +23:53:00,False,Sun,DL,ATL,MSN,707
2023-12-03 17:35:00,2023-12-03 17:34:00,-1 days +23:59:00,False,Sun,F9,ATL,PHL,666
2023-10-01 11:15:00,2023-10-01 11:10:00,-1 days +23:55:00,False,Sun,DL,ATL,MKE,669
2023-02-19 11:25:00,2023-02-19 11:25:00,0 days 00:00:00,False,Sun,WN,ATL,TPA,406
2023-07-31 05:51:00,2023-07-31 05:52:00,0 days 00:01:00,False,Mon,AA,ATL,MIA,594
2023-08-27 09:40:00,2023-08-27 09:37:00,-1 days +23:57:00,False,Sun,DL,ATL,DTW,594
2023-07-16 07:19:00,2023-07-16 07:10:00,-1 days +23:51:00,False,Sun,YX,ATL,DCA,547
2023-04-21 10:45:00,2023-04-21 10:55:00,0 days 00:10:00,False,Fri,WN,ATL,MIA,594
2023-01-19 07:20:00,2023-01-19 07:21:00,0 days 00:01:00,False,Thu,DL,ATL,MSY,425
2023-11-06 14:05:00,2023-11-06 14:01:00,-1 days +23:56:00,False,Mon,DL,ATL,LIT,453
2023-05-14 16:18:00,2023-05-14 16:14:00,-1 days +23:56:00,False,Sun,DL,ATL,PHL,666
2023-11-14 15:38:00,2023-11-14 16:12:00,0 days 00:34:00,True,Tue,DL,ATL,PVD,903
2023-11-03 06:30:00,2023-11-03 06:46:00,0 days 00:16:00,True,Fri,F9,ATL,CVG,373
2023-03-29 07:00:00,2023-03-29 07:14:00,0 days 00:14:00,False,Wed,DL,ATL,DFW,731
2023-01-16 18:00:00,2023-01-16 18:19:00,0 days 00:19:00,True,Mon,DL,ATL,MEM,332
2023-11-10 13:36:00,2023-11-10 13:32:00,-1 days +23:56:00,False,Fri,F9,ATL,BUF,712
2023-05-01 20:50:00,2023-05-01 21:12:00,0 days 00:22:00,True,Mon,DL,ATL,VPS,250
2023-12-02 17:45:00,2023-12-02 17:41:00,-1 days +23:56:00,False,Sat,DL,ATL,AVL,164
2023-09-11 17:35:00,2023-09-11 17:42:00,0 days 00:07:00,False,Mon,DL,ATL,LIT,453
2023-09-24 14:07:00,2023-09-24 14:04:00,-1 days +23:57:00,False,Sun,NK,ATL,BWI,577
2023-01-18 11:00:00,2023-01-18 11:10:00,0 days 00:10:00,False,Wed,WN,ATL,MIA,594
2023-04-24 12:57:00,2023-04-24 12:56:00,-1 days +23:59:00,False,Mon,DL,ATL,SAV,214
2023-12-15 22:00:00,2023-12-15 21:49:00,-1 days +23:49:00,False,Fri,OO,ATL,MGM,147
2023-07-30 20:07:00,2023-07-30 20:41:00,0 days 00:34:00,True,Sun,DL,ATL,ELP,1282
2023-08-18 11:05:00,2023-08-18 11:02:00,-1 days +23:57:00,False,Fri,DL,ATL,JAX,270
2023-09-07 07:05:00,2023-09-07 07:06:00,0 days 00:01:00,False,Thu,DL,ATL,DTW,594
2023-09-22 05:35:00,2023-09-22 05:28:00,-1 days +23:53:00,False,Fri,F9,ATL,PHL,666
2023-11-08 15:40:00,2023-11-08 15:36:00,-1 days +23:56:00,False,Wed,DL,ATL,MSY,425
2023-12-30 14:28:00,2023-12-30 14:32:00,0 days 00:04:00,False,Sat,DL,ATL,RDU,356
2023-06-03 20:20:00,2023-06-03 21:11:00,0 days 00:51:00,True,Sat,DL,ATL,MSY,425
2023-12-16 14:25:00,2023-12-16 14:26:00,0 days 00:01:00,False,Sat,DL,ATL,LAS,1747
2023-10-24 11:16:00,2023-10-24 11:11:00,-1 days +23:55:00,False,Tue,MQ,ATL,MIA,594
2023-11-08 11:24:00,2023-11-08 11:26:00,0 days 00:02:00,False,Wed,AA,ATL,ORD,606
2023-10-25 09:15:00,2023-10-25 09:16:00,0 days 00:01:00,False,Wed,DL,ATL,GRR,640
2023-03-24 13:58:00,2023-03-24 13:53:00,-1 days +23:55:00,False,Fri,9E,ATL,FAY,331
2023-04-24 07:00:00,2023-04-24 06:56:00,-1 days +23:56:00,False,Mon,AA,ATL,MIA,594
2023-05-22 12:41:00,2023-05-22 13:02:00,0 days 00:21:00,True,Mon,DL,ATL,PHL,666
2023-10-14 12:20:00,2023-10-14 12:15:00,-1 days +23:55:00,False,Sat,DL,ATL,TPA,406
2023-05-25 17:20:00,2023-05-25 17:49:00,0 days 00:29:00,True,Thu,DL,ATL,DFW,731
2023-03-06 06:00:00,2023-03-06 06:05:00,0 days 00:05:00,False,Mon,NK,ATL,MSP,907
2023-09-12 15:10:00,2023-09-12 15:10:00,0 days 00:00:00,False,Tue,DL,ATL,MCO,404
2023-07-07 14:40:00,2023-07-07 14:38:00,-1 days +23:58:00,False,Fri,DL,ATL,RDU,356
2023-06-10 11:50:00,2023-06-10 11:47:00,-1 days +23:57:00,False,Sat,OO,ATL,HPN,780
2023-10-04 08:15:00,2023-10-04 08:13:00,-1 days +23:58:00,False,Wed,DL,ATL,BOS,946
2023-08-30 15:00:00,2023-08-30 15:01:00,0 days 00:01:00,False,Wed,WN,ATL,OMA,821
2023-06-09 16:27:00,2023-06-09 17:16:00,0 days 00:49:00,True,Fri,NK,ATL,EWR,746
2023-07-02 13:53:00,2023-07-02 14:04:00,0 days 00:11:00,False,Sun,F9,ATL,DEN,1199
2023-07-11 17:50:00,2023-07-11 17:47:00,-1 days +23:57:00,False,Tue,DL,ATL,CVG,373
2023-10-04 06:30:00,2023-10-04 06:29:00,-1 days +23:59:00,False,Wed,UA,ATL,ORD,606
2023-02-28 22:00:00,2023-02-28 21:59:00,-1 days +23:59:00,False,Tue,DL,ATL,DTW,594
2023-04-05 10:10:00,2023-04-05 10:09:00,-1 days +23:59:00,False,Wed,WN,ATL,BWI,577
2023-09-07 17:56:00,2023-09-07 17:53:00,-1 days +23:57:00,False,Thu,DL,ATL,SFO,2139
2023-03-11 08:31:00,2023-03-11 08:28:00,-1 days +23:57:00,False,Sat,DL,ATL,HSV,151
2023-12-06 22:40:00,2023-12-06 22:35:00,-1 days +23:55:00,False,Wed,DL,ATL,FAY,331
2023-11-24 20:50:00,2023-11-24 20:49:00,-1 days +23:59:00,False,Fri,OO,ATL,CSG,83
2023-04-10 10:10:00,2023-04-10 10:34:00,0 days 00:24:00,True,Mon,DL,ATL,PNS,271
2023-11-23 12:15:00,2023-11-23 12:11:00,-1 days +23:56:00,False,Thu,DL,ATL,TPA,406
2023-04-09 08:05:00,2023-04-09 08:11:00,0 days 00:06:00,False,Sun,DL,ATL,DTW,594
2023-03-27 12:20:00,2023-03-27 12:54:00,0 days 00:34:00,True,Mon,DL,ATL,ORF,516
2023-01-29 19:29:00,2023-01-29 19:33:00,0 days 00:04:00,False,Sun,DL,ATL,SLC,1590
2023-01-16 12:00:00,2023-01-16 12:00:00,0 days 00:00:00,False,Mon,DL,ATL,SLC,1590
2023-01-01 18:11:00,2023-01-01 18:19:00,0 days 00:08:00,False,Sun,DL,ATL,LAX,1947
2023-07-24 11:20:00,2023-07-24 11:53:00,0 days 00:33:00,True,Mon,DL,ATL,TUS,1541
2023-08-12 09:24:00,2023-08-12 09:23:00,-1 days +23:59:00,False,Sat,DL,ATL,GRR,640
2023-04-12 11:05:00,2023-04-12 11:02:00,-1 days +23:57:00,False,Wed,DL,ATL,SAT,874
2023-08-24 11:10:00,2023-08-24 11:12:00,0 days 00:02:00,False,Thu,DL,ATL,VPS,250
2023-11-18 08:45:00,2023-11-18 08:41:00,-1 days +23:56:00,False,Sat,WN,ATL,SDF,321
2023-11-16 09:07:00,2023-11-16 09:06:00,-1 days +23:59:00,False,Thu,DL,ATL,GRR,640
2023-06-11 17:43:00,2023-06-11 17:56:00,0 days 00:13:00,False,Sun,F9,ATL,SAN,1892
2023-03-20 12:54:00,2023-03-20 12:52:00,-1 days +23:58:00,False,Mon,DL,ATL,DAB,366
2023-03-29 11:24:00,2023-03-29 11:19:00,-1 days +23:55:00,False,Wed,DL,ATL,HSV,151
2023-06-22 08:25:00,2023-06-22 08:25:00,0 days 00:00:00,False,Thu,DL,ATL,MCO,404
2023-01-05 09:18:00,2023-01-05 09:16:00,-1 days +23:58:00,False,Thu,DL,ATL,MSN,707
2023-10-25 17:54:00,2023-10-25 17:51:00,-1 days +23:57:00,False,Wed,NK,ATL,LAX,1947
2023-07-14 12:55:00,2023-07-14 12:54:00,-1 days +23:59:00,False,Fri,DL,ATL,ORD,606
2023-04-07 15:46:00,2023-04-07 15:46:00,0 days 00:00:00,False,Fri,DL,ATL,GSP,153
2023-07-25 07:00:00,2023-07-25 07:02:00,0 days 00:02:00,False,Tue,DL,ATL,LGA,762
2023-08-24 22:52:00,2023-08-24 23:27:00,0 days 00:35:00,True,Thu,DL,ATL,MOB,302
2023-07-09 10:30:00,2023-07-09 10:29:00,-1 days +23:59:00,False,Sun,DL,ATL,MEM,332
2023-10-11 21:25:00,2023-10-11 21:21:00,-1 days +23:56:00,False,Wed,9E,ATL,LFT,503
2023-09-12 19:25:00,2023-09-12 19:19:00,-1 days +23:54:00,False,Tue,UA,ATL,IAD,534
2023-07-04 22:40:00,2023-07-04 22:34:00,-1 days +23:54:00,False,Tue,DL,ATL,LEX,304
2023-07-20 22:23:00,2023-07-20 23:05:00,0 days 00:42:00,True,Thu,DL,ATL,FSD,954
2023-11-10 23:11:00,2023-11-10 23:15:00,0 days 00:04:00,False,Fri,DL,ATL,MOB,302
2023-04-28 16:32:00,2023-04-28 16:27:00,-1 days +23:55:00,False,Fri,DL,ATL,MCI,692
2023-04-25 10:00:00,2023-04-25 09:52:00,-1 days +23:52:00,False,Tue,DL,ATL,SJU,1547
2023-02-06 20:45:00,2023-02-06 20:42:00,-1 days +23:57:00,False,Mon,DL,ATL,GSO,306
2023-10-07 18:26:00,2023-10-07 18:21:00,-1 days +23:55:00,False,Sat,AA,ATL,DFW,731
2023-07-05 19:51:00,2023-07-05 20:07:00,0 days 00:16:00,True,Wed,DL,ATL,ORF,516
2023-10-04 07:30:00,2023-10-04 07:21:00,-1 days +23:51:00,False,Wed,NK,ATL,ORD,606
2023-06-08 22:53:00,2023-06-08 22:48:00,-1 days +23:55:00,False,Thu,DL,ATL,OMA,821
2023-05-28 15:00:00,2023-05-28 15:12:00,0 days 00:12:00,False,Sun,WN,ATL,MCO,404
2023-08-05 22:40:00,2023-08-06 00:49:00,0 days 02:09:00,True,Sun,WN,ATL,RDU,356
2023-12-16 09:13:00,2023-12-16 09:07:00,-1 days +23:54:00,False,Sat,DL,ATL,ICT,782
2023-07-07 07:44:00,2023-07-07 07:44:00,0 days 00:00:00,False,Fri,DL,ATL,FLL,581
2023-10-26 15:30:00,2023-10-26 15:32:00,0 days 00:02:00,False,Thu,9E,ATL,CHA,106
2023-07-31 21:34:00,2023-07-31 21:41:00,0 days 00:07:00,False,Mon,DL,ATL,GSO,306
2023-06-20 22:55:00,2023-06-21 00:16:00,0 days 01:21:00,True,Wed,WN,ATL,BWI,577
2023-06-12 16:52:00,2023-06-12 19:09:00,0 days 02:17:00,True,Mon,F9,ATL,TPA,406
2023-02-23 23:00:00,2023-02-24 00:40:00,0 days 01:40:00,True,Fri,DL,ATL,PHL,666
2023-12-08 23:00:00,2023-12-08 22:54:00,-1 days +23:54:00,False,Fri,DL,ATL,GPT,352
2023-03-16 13:52:00,2023-03-16 14:02:00,0 days 00:10:00,False,Thu,DL,ATL,CMH,447
2023-10-13 18:26:00,2023-10-13 18:26:00,0 days 00:00:00,False,Fri,NK,ATL,DTW,594
2023-04-02 16:02:00,2023-04-02 16:01:00,-1 days +23:59:00,False,Sun,DL,ATL,RDU,356
2023-01-22 10:44:00,2023-01-22 10:38:00,-1 days +23:54:00,False,Sun,DL,ATL,MEM,332
2023-03-08 08:30:00,2023-03-08 08:31:00,0 days 00:01:00,False,Wed,DL,ATL,LAX,1947
2023-02-18 10:10:00,2023-02-18 10:58:00,0 days 00:48:00,True,Sat,DL,ATL,CLE,554
2023-02-18 05:00:00,2023-02-18 05:05:00,0 days 00:05:00,False,Sat,F9,ATL,DFW,731
2023-02-27 15:59:00,2023-02-27 15:58:00,-1 days +23:59:00,False,Mon,DL,ATL,JAN,341
2023-07-24 22:30:00,2023-07-24 22:30:00,0 days 00:00:00,False,Mon,DL,ATL,SAN,1892
2023-12-06 19:35:00,2023-12-06 19:45:00,0 days 00:10:00,False,Wed,WN,ATL,HOU,696
2023-03-27 09:55:00,2023-03-27 09:53:00,-1 days +23:58:00,False,Mon,DL,ATL,JFK,760
2023-07-12 14:13:00,2023-07-12 14:13:00,0 days 00:00:00,False,Wed,DL,ATL,LAX,1947
2023-06-22 16:44:00,2023-06-22 16:39:00,-1 days +23:55:00,False,Thu,9E,ATL,GTR,241
2023-10-26 17:32:00,2023-10-26 17:24:00,-1 days +23:52:00,False,Thu,DL,ATL,SDF,321
2023-07-13 22:40:00,2023-07-13 22:36:00,-1 days +23:56:00,False,Thu,DL,ATL,DAL,721
2023-10-11 22:59:00,2023-10-11 22:56:00,-1 days +23:57:00,False,Wed,DL,ATL,MOB,302
2023-11-13 16:35:00,2023-11-13 16:33:00,-1 days +23:58:00,False,Mon,DL,ATL,DTW,594
2023-06-13 23:00:00,2023-06-14 00:26:00,0 days 01:26:00,True,Wed,DL,ATL,DTW,594
2023-12-12 13:00:00,2023-12-12 13:01:00,0 days 00:01:00,False,Tue,DL,ATL,SJU,1547
2023-12-24 20:07:00,2023-12-24 19:53:00,-1 days +23:46:00,False,Sun,9E,ATL,VLD,208
2023-11-02 18:37:00,2023-11-02 18:34:00,-1 days +23:57:00,False,Thu,DL,ATL,IAH,689
2023-07-14 22:55:00,2023-07-14 23:59:00,0 days 01:04:00,True,Fri,WN,ATL,BWI,577
2023-06-26 12:39:00,2023-06-26 12:36:00,-1 days +23:57:00,False,Mon,9E,ATL,VLD,208
2023-09-27 13:02:00,2023-09-27 12:55:00,-1 days +23:53:00,False,Wed,9E,ATL,VLD,208
2023-01-09 06:00:00,2023-01-09 06:06:00,0 days 00:06:00,False,Mon,NK,ATL,MSP,907
2023-10-20 07:30:00,2023-10-20 07:45:00,0 days 00:15:00,False,Fri,UA,ATL,SFO,2139
2023-01-14 20:59:00,2023-01-14 20:54:00,-1 days +23:55:00,False,Sat,B6,ATL,BOS,946
2023-11-18 22:59:00,2023-11-19 00:58:00,0 days 01:59:00,True,Sun,NK,ATL,FLL,581
2023-12-30 22:25:00,2023-12-30 22:13:00,-1 days +23:48:00,False,Sat,DL,ATL,GNV,300
2023-11-15 16:21:00,2023-11-15 16:13:00,-1 days +23:52:00,False,Wed,DL,ATL,ECP,240
2023-06-17 09:00:00,2023-06-17 08:50:00,-1 days +23:50:00,False,Sat,AA,ATL,MIA,594
2023-11-25 09:50:00,2023-11-25 09:45:00,-1 days +23:55:00,False,Sat,9E,ATL,ABE,692
2023-05-12 13:30:00,2023-05-12 13:34:00,0 days 00:04:00,False,Fri,DL,ATL,LGA,762
2023-07-30 10:00:00,2023-07-30 10:08:00,0 days 00:08:00,False,Sun,AA,ATL,PHL,666
2023-12-28 09:01:00,2023-12-28 08:58:00,-1 days +23:57:00,False,Thu,DL,ATL,ONT,1900
2023-07-26 09:30:00,2023-07-26 09:24:00,-1 days +23:54:00,False,Wed,NK,ATL,MCO,404
2023-06-11 15:30:00,2023-06-11 15:46:00,0 days 00:16:00,True,Sun,DL,ATL,LAS,1747
2023-09-13 16:33:00,2023-09-13 16:30:00,-1 days +23:57:00,False,Wed,9E,ATL,MOB,302
2023-12-07 21:54:00,2023-12-07 21:49:00,-1 days +23:55:00,False,Thu,DL,ATL,SFO,2139
2023-04-05 10:58:00,2023-04-05 16:45:00,0 days 05:47:00,True,Wed,UA,ATL,ORD,606
2023-05-09 19:55:00,2023-05-09 20:34:00,0 days 00:39:00,True,Tue,WN,ATL,DCA,547
2023-12-08 23:00:00,2023-12-08 23:00:00,0 days 00:00:00,False,Fri,DL,ATL,MSY,425
2023-10-25 16:24:00,2023-10-25 16:22:00,-1 days +23:58:00,False,Wed,UA,ATL,ORD,606
2023-08-17 07:05:00,2023-08-17 07:11:00,0 days 00:06:00,False,Thu,DL,ATL,CMH,447
2023-02-25 21:55:00,2023-02-25 21:56:00,0 days 00:01:00,False,Sat,DL,ATL,DCA,547
2023-06-13 05:10:00,2023-06-13 05:20:00,0 days 00:10:00,False,Tue,F9,ATL,ORD,606
2023-09-26 07:05:00,2023-09-26 07:04:00,-1 days +23:59:00,False,Tue,DL,ATL,IAH,689
2023-08-15 20:19:00,2023-08-15 20:16:00,-1 days +23:57:00,False,Tue,DL,ATL,SNA,1919
2023-08-20 22:00:00,2023-08-20 22:50:00,0 days 00:50:00,True,Sun,F9,ATL,SJU,1547
2023-01-20 13:25:00,2023-01-20 13:42:00,0 days 00:17:00,True,Fri,UA,ATL,ORD,606
2023-04-04 17:55:00,2023-04-04 17:54:00,-1 days +23:59:00,False,Tue,DL,ATL,OMA,821
2023-08-16 17:24:00,2023-08-16 17:21:00,-1 days +23:57:00,False,Wed,DL,ATL,MLB,442
2023-04-05 09:05:00,2023-04-05 12:04:00,0 days 02:59:00,True,Wed,DL,ATL,ROC,749
2023-09-24 08:31:00,2023-09-24 08:29:00,-1 days +23:58:00,False,Sun,DL,ATL,RDU,356
2023-09-10 12:15:00,2023-09-10 12:14:00,-1 days +23:59:00,False,Sun,DL,ATL,PHL,666
2023-10-08 08:35:00,2023-10-08 08:31:00,-1 days +23:56:00,False,Sun,WN,ATL,SDF,321
2023-09-02 05:55:00,2023-09-02 05:48:00,-1 days +23:53:00,False,Sat,AA,ATL,DFW,731
2023-05-06 19:35:00,2023-05-06 19:31:00,-1 days +23:56:00,False,Sat,OO,ATL,CRW,363
2023-01-14 18:03:00,2023-01-14 18:40:00,0 days 00:37:00,True,Sat,DL,ATL,VPS,250
2023-03-30 17:58:00,2023-03-30 17:57:00,-1 days +23:59:00,False,Thu,9E,ATL,LEX,304
2023-12-19 08:30:00,2023-12-19 08:29:00,-1 days +23:59:00,False,Tue,DL,ATL,HSV,151
2023-06-24 13:03:00,2023-06-24 13:02:00,-1 days +23:59:00,False,Sat,DL,ATL,BOS,946
2023-11-01 16:48:00,2023-11-01 16:53:00,0 days 00:05:00,False,Wed,F9,ATL,BWI,577
2023-05-30 15:32:00,2023-05-30 16:24:00,0 days 00:52:00,True,Tue,DL,ATL,MYR,317
2023-01-01 08:55:00,2023-01-01 08:54:00,-1 days +23:59:00,False,Sun,DL,ATL,FLL,581
2023-07-16 20:35:00,2023-07-16 21:43:00,0 days 01:08:00,True,Sun,WN,ATL,MCI,692
2023-06-24 21:46:00,2023-06-25 01:29:00,0 days 03:43:00,True,Sun,DL,ATL,CHO,457
2023-11-15 12:05:00,2023-11-15 12:05:00,0 days 00:00:00,False,Wed,NK,ATL,LAX,1947
2023-10-23 09:44:00,2023-10-23 09:42:00,-1 days +23:58:00,False,Mon,DL,ATL,BDL,859
2023-02-16 19:35:00,2023-02-16 19:35:00,0 days 00:00:00,False,Thu,WN,ATL,IND,432
2023-01-30 07:16:00,2023-01-30 07:10:00,-1 days +23:54:00,False,Mon,AA,ATL,PHX,1587
2023-07-22 11:53:00,2023-07-22 11:54:00,0 days 00:01:00,False,Sat,OO,ATL,GPT,352
2023-09-21 15:35:00,2023-09-21 15:27:00,-1 days +23:52:00,False,Thu,DL,ATL,HSV,151
2023-12-01 13:43:00,2023-12-01 13:39:00,-1 days +23:56:00,False,Fri,DL,ATL,OKC,761
2023-10-01 21:24:00,2023-10-01 21:22:00,-1 days +23:58:00,False,Sun,DL,ATL,MSN,707
2023-01-11 17:45:00,2023-01-11 18:16:00,0 days 00:31:00,True,Wed,DL,ATL,SEA,2182
2023-09-10 19:17:00,2023-09-10 20:23:00,0 days 01:06:00,True,Sun,B6,ATL,BOS,946
2023-09-28 21:24:00,2023-09-28 21:21:00,-1 days +23:57:00,False,Thu,DL,ATL,MSN,707
2023-12-30 19:40:00,2023-12-30 19:38:00,-1 days +23:58:00,False,Sat,DL,ATL,MCI,692
2023-04-15 10:05:00,2023-04-15 10:35:00,0 days 00:30:00,True,Sat,DL,ATL,ORD,606
2023-09-10 08:10:00,2023-09-10 08:41:00,0 days 00:31:00,True,Sun,DL,ATL,DCA,547
2023-10-24 07:10:00,2023-10-24 07:10:00,0 days 00:00:00,False,Tue,DL,ATL,MSP,907
2023-10-23 10:17:00,2023-10-23 10:16:00,-1 days +23:59:00,False,Mon,DL,ATL,SAV,214
2023-09-06 12:18:00,2023-09-06 12:16:00,-1 days +23:58:00,False,Wed,DL,ATL,CLE,554
2023-11-25 07:30:00,2023-11-25 07:28:00,-1 days +23:58:00,False,Sat,DL,ATL,FLL,581
2023-05-07 10:29:00,2023-05-07 10:26:00,-1 days +23:57:00,False,Sun,DL,ATL,MCI,692
2023-05-31 13:15:00,2023-05-31 13:09:00,-1 days +23:54:00,False,Wed,NK,ATL,ORD,606
2023-08-13 13:55:00,2023-08-13 13:53:00,-1 days +23:58:00,False,Sun,WN,ATL,SDF,321
2023-01-14 10:15:00,2023-01-14 10:15:00,0 days 00:00:00,False,Sat,DL,ATL,FLL,581
2023-09-09 09:49:00,2023-09-09 09:44:00,-1 days +23:55:00,False,Sat,DL,ATL,PBI,545
2023-04-20 16:37:00,2023-04-20 17:23:00,0 days 00:46:00,True,Thu,OO,ATL,MOB,302
2023-02-24 14:52:00,2023-02-24 14:48:00,-1 days +23:56:00,False,Fri,AA,ATL,CLT,226
2023-08-13 17:07:00,2023-08-13 19:17:00,0 days 02:10:00,True,Sun,DL,ATL,ORF,516
2023-04-26 16:47:00,2023-04-26 16:55:00,0 days 00:08:00,False,Wed,AA,ATL,MIA,594
2023-06-14 17:35:00,2023-06-14 17:56:00,0 days 00:21:00,True,Wed,WN,ATL,SAT,874
2023-08-28 14:04:00,2023-08-28 14:01:00,-1 days +23:57:00,False,Mon,DL,ATL,DAL,721
2023-09-27 11:54:00,2023-09-27 11:48:00,-1 days +23:54:00,False,Wed,DL,ATL,HPN,780
2023-01-13 18:50:00,2023-01-13 19:46:00,0 days 00:56:00,True,Fri,DL,ATL,RIC,481
2023-10-24 20:15:00,2023-10-24 20:11:00,-1 days +23:56:00,False,Tue,DL,ATL,DTW,594
2023-08-03 17:14:00,2023-08-03 17:50:00,0 days 00:36:00,True,Thu,UA,ATL,IAH,689
2023-05-25 10:35:00,2023-05-25 10:35:00,0 days 00:00:00,False,Thu,WN,ATL,JAX,270
2023-06-23 18:47:00,2023-06-23 18:54:00,0 days 00:07:00,False,Fri,DL,ATL,CVG,373
2023-07-23 07:10:00,2023-07-23 07:23:00,0 days 00:13:00,False,Sun,DL,ATL,ORF,516
2023-05-24 21:55:00,2023-05-24 21:55:00,0 days 00:00:00,False,Wed,DL,ATL,PHL,666
2023-03-21 20:15:00,2023-03-21 20:12:00,-1 days +23:57:00,False,Tue,DL,ATL,ILM,377
2023-11-06 13:55:00,2023-11-06 13:53:00,-1 days +23:58:00,False,Mon,DL,ATL,PHL,666
2023-03-02 09:55:00,2023-03-02 09:56:00,0 days 00:01:00,False,Thu,OO,ATL,MDT,620
2023-04-21 16:08:00,2023-04-21 15:59:00,-1 days +23:51:00,False,Fri,UA,ATL,EWR,746
2023-11-17 19:54:00,2023-11-17 19:53:00,-1 days +23:59:00,False,Fri,DL,ATL,PNS,271
2023-04-06 21:15:00,2023-04-06 21:13:00,-1 days +23:58:00,False,Thu,DL,ATL,DCA,547
2023-04-27 20:50:00,2023-04-27 20:52:00,0 days 00:02:00,False,Thu,DL,ATL,LAX,1947
2023-04-11 20:40:00,2023-04-11 20:39:00,-1 days +23:59:00,False,Tue,DL,ATL,MCO,404
2023-07-07 22:35:00,2023-07-07 22:32:00,-1 days +23:57:00,False,Fri,DL,ATL,AVL,164
2023-10-26 14:17:00,2023-10-26 14:11:00,-1 days +23:54:00,False,Thu,DL,ATL,CLT,226
2023-11-27 15:10:00,2023-11-27 15:03:00,-1 days +23:53:00,False,Mon,DL,ATL,EYW,646
2023-03-13 15:50:00,2023-03-13 15:48:00,-1 days +23:58:00,False,Mon,WN,ATL,FLL,581
2023-10-26 08:12:00,2023-10-26 08:10:00,-1 days +23:58:00,False,Thu,DL,ATL,STL,484
2023-03-02 14:11:00,2023-03-02 14:12:00,0 days 00:01:00,False,Thu,DL,ATL,GRR,640
2023-01-11 13:56:00,2023-01-11 14:22:00,0 days 00:26:00,True,Wed,DL,ATL,GSO,306
2023-10-22 13:59:00,2023-10-22 13:54:00,-1 days +23:55:00,False,Sun,DL,ATL,IAH,689
2023-10-15 16:33:00,2023-10-15 16:31:00,-1 days +23:58:00,False,Sun,DL,ATL,MIA,594
2023-10-03 15:10:00,2023-10-03 15:05:00,-1 days +23:55:00,False,Tue,9E,ATL,CHO,457
2023-04-22 08:10:00,2023-04-22 08:10:00,0 days 00:00:00,False,Sat,DL,ATL,SEA,2182
2023-10-03 08:30:00,2023-10-03 08:28:00,-1 days +23:58:00,False,Tue,DL,ATL,HOU,696
2023-02-06 19:00:00,2023-02-06 18:59:00,-1 days +23:59:00,False,Mon,DL,ATL,LGA,762
2023-02-01 14:30:00,2023-02-01 14:25:00,-1 days +23:55:00,False,Wed,UA,ATL,IAD,534
2023-05-22 19:15:00,2023-05-22 19:14:00,-1 days +23:59:00,False,Mon,DL,ATL,DCA,547
2023-04-03 11:45:00,2023-04-03 12:06:00,0 days 00:21:00,True,Mon,DL,ATL,DEN,1199
2023-09-24 19:55:00,2023-09-24 19:54:00,-1 days +23:59:00,False,Sun,DL,ATL,SLC,1590
2023-04-15 11:10:00,2023-04-15 11:06:00,-1 days +23:56:00,False,Sat,DL,ATL,ICT,782
2023-06-25 14:00:00,2023-06-25 14:01:00,0 days 00:01:00,False,Sun,DL,ATL,OKC,761
2023-10-04 22:36:00,2023-10-04 22:42:00,0 days 00:06:00,False,Wed,DL,ATL,ROA,357
2023-11-01 08:55:00,2023-11-01 08:53:00,-1 days +23:58:00,False,Wed,DL,ATL,JAX,270
2023-11-21 22:15:00,2023-11-21 22:59:00,0 days 00:44:00,True,Tue,DL,ATL,FSD,954
2023-07-16 19:25:00,2023-07-16 19:23:00,-1 days +23:58:00,False,Sun,DL,ATL,CMH,447
2023-04-19 19:50:00,2023-04-19 19:49:00,-1 days +23:59:00,False,Wed,OH,ATL,CLT,226
2023-11-15 16:39:00,2023-11-15 16:38:00,-1 days +23:59:00,False,Wed,DL,ATL,MIA,594
2023-05-07 15:01:00,2023-05-07 15:03:00,0 days 00:02:00,False,Sun,DL,ATL,VPS,250
2023-09-10 14:07:00,2023-09-10 14:03:00,-1 days +23:56:00,False,Sun,9E,ATL,XNA,589
2023-11-27 18:15:00,2023-11-27 18:13:00,-1 days +23:58:00,False,Mon,DL,ATL,MEM,332
2023-07-09 11:56:00,2023-07-09 12:00:00,0 days 00:04:00,False,Sun,UA,ATL,EWR,746
2023-03-07 16:15:00,2023-03-07 16:10:00,-1 days +23:55:00,False,Tue,DL,ATL,FLL,581
2023-01-02 22:30:00,2023-01-02 22:27:00,-1 days +23:57:00,False,Mon,DL,ATL,CAE,192
2023-01-09 14:50:00,2023-01-09 14:48:00,-1 days +23:58:00,False,Mon,DL,ATL,RSW,515
2023-06-16 17:01:00,2023-06-16 19:49:00,0 days 02:48:00,True,Fri,DL,ATL,CLE,554
2023-01-29 13:59:00,2023-01-29 13:56:00,-1 days +23:57:00,False,Sun,DL,ATL,LAX,1947
2023-11-20 13:15:00,2023-11-20 13:14:00,-1 days +23:59:00,False,Mon,WN,ATL,LIT,453
2023-03-30 18:35:00,2023-03-30 18:39:00,0 days 00:04:00,False,Thu,WN,ATL,MDW,591
2023-12-21 14:06:00,2023-12-21 13:59:00,-1 days +23:53:00,False,Thu,DL,ATL,SJU,1547
2023-09-03 12:50:00,2023-09-03 12:45:00,-1 days +23:55:00,False,Sun,9E,ATL,CHO,457
2023-01-19 12:35:00,2023-01-19 12:53:00,0 days 00:18:00,True,Thu,DL,ATL,BOS,946
2023-12-18 22:00:00,2023-12-18 21:58:00,-1 days +23:58:00,False,Mon,DL,ATL,ORF,516
2023-10-04 10:10:00,2023-10-04 10:07:00,-1 days +23:57:00,False,Wed,9E,ATL,LFT,503
2023-09-17 15:44:00,2023-09-17 16:11:00,0 days 00:27:00,True,Sun,9E,ATL,HPN,780
2023-05-30 20:15:00,2023-05-30 21:27:00,0 days 01:12:00,True,Tue,WN,ATL,STL,484
2023-01-17 12:59:00,2023-01-17 12:58:00,-1 days +23:59:00,False,Tue,9E,ATL,MLU,448
2023-09-13 10:42:00,2023-09-13 10:38:00,-1 days +23:56:00,False,Wed,DL,ATL,SRQ,444
2023-04-15 11:30:00,2023-04-15 11:24:00,-1 days +23:54:00,False,Sat,F9,ATL,MCO,404
2023-07-09 08:14:00,2023-07-09 08:14:00,0 days 00:00:00,False,Sun,DL,ATL,GSO,306
2023-04-25 19:59:00,2023-04-25 19:52:00,-1 days +23:53:00,False,Tue,DL,ATL,DAB,366
2023-11-18 20:45:00,2023-11-18 20:42:00,-1 days +23:57:00,False,Sat,DL,ATL,DCA,547
2023-09-26 12:41:00,2023-09-26 12:36:00,-1 days +23:55:00,False,Tue,DL,ATL,BOS,946
2023-11-13 07:00:00,2023-11-13 07:01:00,0 days 00:01:00,False,Mon,UA,ATL,ORD,606
2023-03-23 18:13:00,2023-03-23 18:11:00,-1 days +23:58:00,False,Thu,UA,ATL,DEN,1199
2023-10-17 20:45:00,2023-10-17 20:41:00,-1 days +23:56:00,False,Tue,OO,ATL,SBN,566
2023-03-19 10:30:00,2023-03-19 11:06:00,0 days 00:36:00,True,Sun,DL,ATL,SFO,2139
2023-06-09 21:06:00,2023-06-09 21:04:00,-1 days +23:58:00,False,Fri,DL,ATL,LEX,304
2023-06-04 14:30:00,2023-06-04 14:26:00,-1 days +23:56:00,False,Sun,DL,ATL,JAN,341
2023-11-13 06:55:00,2023-11-13 06:51:00,-1 days +23:56:00,False,Mon,WN,ATL,MCO,404
2023-03-17 09:00:00,2023-03-17 09:03:00,0 days 00:03:00,False,Fri,DL,ATL,MDW,591
2023-03-20 08:45:00,2023-03-20 08:53:00,0 days 00:08:00,False,Mon,DL,ATL,BOS,946
2023-06-05 20:20:00,2023-06-05 20:20:00,0 days 00:00:00,False,Mon,NK,ATL,LAS,1747
2023-08-30 09:30:00,2023-08-30 10:14:00,0 days 00:44:00,True,Wed,WN,ATL,DAL,721
2023-02-15 12:13:00,2023-02-15 12:11:00,-1 days +23:58:00,False,Wed,DL,ATL,FLL,581
2023-04-09 21:18:00,2023-04-09 21:14:00,-1 days +23:56:00,False,Sun,DL,ATL,DEN,1199
2023-03-21 20:15:00,2023-03-21 20:03:00,-1 days +23:48:00,False,Tue,DL,ATL,OAJ,399
2023-09-02 16:00:00,2023-09-02 16:04:00,0 days 00:04:00,False,Sat,DL,ATL,BOS,946
2023-07-28 19:09:00,2023-07-28 19:13:00,0 days 00:04:00,False,Fri,DL,ATL,BHM,134
2023-07-03 11:05:00,2023-07-03 11:07:00,0 days 00:02:00,False,Mon,WN,ATL,DCA,547
2023-04-14 20:05:00,2023-04-14 19:57:00,-1 days +23:52:00,False,Fri,OO,ATL,ABE,692
2023-04-30 06:00:00,2023-04-30 05:52:00,-1 days +23:52:00,False,Sun,AA,ATL,DFW,731
2023-01-02 09:40:00,2023-01-02 09:40:00,0 days 00:00:00,False,Mon,DL,ATL,DEN,1199
2023-05-05 16:20:00,2023-05-05 16:49:00,0 days 00:29:00,True,Fri,DL,ATL,DCA,547
2023-09-05 16:59:00,2023-09-05 16:57:00,-1 days +23:58:00,False,Tue,9E,ATL,DHN,170
2023-08-15 07:19:00,2023-08-15 07:14:00,-1 days +23:55:00,False,Tue,OO,ATL,HPN,780
2023-06-17 16:44:00,2023-06-17 16:52:00,0 days 00:08:00,False,Sat,9E,ATL,GTR,241
2023-01-20 20:45:00,2023-01-20 21:02:00,0 days 00:17:00,True,Fri,DL,ATL,LGA,762
2023-06-22 16:30:00,2023-06-22 16:52:00,0 days 00:22:00,True,Thu,DL,ATL,LAX,1947
2023-01-28 09:00:00,2023-01-28 08:55:00,-1 days +23:55:00,False,Sat,WN,ATL,CLE,554
2023-08-14 06:35:00,2023-08-14 06:26:00,-1 days +23:51:00,False,Mon,AA,ATL,CLT,226
2023-11-12 08:10:00,2023-11-12 08:07:00,-1 days +23:57:00,False,Sun,DL,ATL,SAV,214
2023-03-19 19:50:00,2023-03-19 19:50:00,0 days 00:00:00,False,Sun,DL,ATL,OKC,761
2023-02-03 17:55:00,2023-02-03 18:02:00,0 days 00:07:00,False,Fri,OO,ATL,AGS,143
2023-06-21 17:45:00,2023-06-21 18:37:00,0 days 00:52:00,True,Wed,DL,ATL,MCI,692
2023-03-12 23:00:00,2023-03-12 23:29:00,0 days 00:29:00,True,Sun,DL,ATL,MCO,404
2023-01-05 16:45:00,2023-01-05 16:45:00,0 days 00:00:00,False,Thu,AS,ATL,SEA,2182
2023-02-28 15:52:00,2023-02-28 15:49:00,-1 days +23:57:00,False,Tue,OO,ATL,MDT,620
2023-06-23 08:30:00,2023-06-23 08:46:00,0 days 00:16:00,True,Fri,DL,ATL,RSW,515
2023-06-15 15:24:00,2023-06-15 15:23:00,-1 days +23:59:00,False,Thu,DL,ATL,EWR,746
2023-12-09 09:00:00,2023-12-09 09:00:00,0 days 00:00:00,False,Sat,DL,ATL,PHL,666
2023-12-02 10:15:00,2023-12-02 10:12:00,-1 days +23:57:00,False,Sat,DL,ATL,SAT,874
2023-11-30 11:20:00,2023-11-30 11:12:00,-1 days +23:52:00,False,Thu,DL,ATL,ROC,749
2023-12-11 10:30:00,2023-12-11 10:30:00,0 days 00:00:00,False,Mon,DL,ATL,IAH,689
2023-03-30 15:30:00,2023-03-30 15:25:00,-1 days +23:55:00,False,Thu,DL,ATL,CAE,192
2023-08-16 16:39:00,2023-08-16 16:37:00,-1 days +23:58:00,False,Wed,DL,ATL,DTW,594
2023-03-31 15:55:00,2023-03-31 15:51:00,-1 days +23:56:00,False,Fri,DL,ATL,LEX,304
2023-01-25 15:17:00,2023-01-25 16:01:00,0 days 00:44:00,True,Wed,DL,ATL,MDW,591
2023-07-29 13:20:00,2023-07-29 14:21:00,0 days 01:01:00,True,Sat,DL,ATL,CVG,373
2023-05-24 20:50:00,2023-05-24 20:49:00,-1 days +23:59:00,False,Wed,DL,ATL,BNA,214
2023-05-15 22:47:00,2023-05-15 22:46:00,-1 days +23:59:00,False,Mon,DL,ATL,MCI,692
2023-01-18 10:15:00,2023-01-18 11:19:00,0 days 01:04:00,True,Wed,WN,ATL,LGA,762
2023-05-21 12:40:00,2023-05-21 14:44:00,0 days 02:04:00,True,Sun,DL,ATL,MCO,404
2023-08-25 11:00:00,2023-08-25 11:09:00,0 days 00:09:00,False,Fri,DL,ATL,MIA,594
2023-06-23 08:45:00,2023-06-23 11:55:00,0 days 03:10:00,True,Fri,WN,ATL,STL,484
2023-12-28 12:43:00,2023-12-28 12:42:00,-1 days +23:59:00,False,Thu,OO,ATL,AGS,143
2023-03-13 17:40:00,2023-03-13 17:39:00,-1 days +23:59:00,False,Mon,DL,ATL,SAV,214
2023-03-30 06:10:00,2023-03-30 06:08:00,-1 days +23:58:00,False,Thu,WN,ATL,DAL,721
2023-01-07 22:45:00,2023-01-07 22:42:00,-1 days +23:57:00,False,Sat,DL,ATL,CHS,259
2023-10-31 10:50:00,2023-10-31 11:20:00,0 days 00:30:00,True,Tue,WN,ATL,JAX,270
2023-11-30 20:30:00,2023-11-30 20:32:00,0 days 00:02:00,False,Thu,WN,ATL,LAS,1747
2023-01-16 09:40:00,2023-01-16 09:43:00,0 days 00:03:00,False,Mon,DL,ATL,HNL,4502
2023-05-31 09:00:00,2023-05-31 08:58:00,-1 days +23:58:00,False,Wed,WN,ATL,MCI,692
2023-02-23 07:15:00,2023-02-23 07:12:00,-1 days +23:57:00,False,Thu,DL,ATL,DCA,547
2023-07-06 19:35:00,2023-07-06 19:31:00,-1 days +23:56:00,False,Thu,AS,ATL,SEA,2182
2023-01-27 20:58:00,2023-01-27 20:53:00,-1 days +23:55:00,False,Fri,9E,ATL,GTR,241
2023-02-28 08:50:00,2023-02-28 08:43:00,-1 days +23:53:00,False,Tue,AA,ATL,CLT,226
2023-07-24 16:35:00,2023-07-24 16:34:00,-1 days +23:59:00,False,Mon,9E,ATL,ROA,357
2023-04-02 10:00:00,2023-04-02 09:57:00,-1 days +23:57:00,False,Sun,DL,ATL,CMH,447
2023-12-26 18:10:00,2023-12-26 18:07:00,-1 days +23:57:00,False,Tue,9E,ATL,CAE,192
2023-08-05 12:25:00,2023-08-05 12:19:00,-1 days +23:54:00,False,Sat,OO,ATL,LFT,503
2023-10-16 09:04:00,2023-10-16 08:59:00,-1 days +23:55:00,False,Mon,9E,ATL,ROA,357
2023-06-29 19:35:00,2023-06-29 20:00:00,0 days 00:25:00,True,Thu,AS,ATL,SEA,2182
2023-06-15 08:15:00,2023-06-15 08:15:00,0 days 00:00:00,False,Thu,WN,ATL,SAT,874
2023-05-16 22:25:00,2023-05-16 22:24:00,-1 days +23:59:00,False,Tue,DL,ATL,ECP,240
2023-07-18 08:55:00,2023-07-18 09:01:00,0 days 00:06:00,False,Tue,DL,ATL,IND,432
2023-08-05 07:04:00,2023-08-05 07:02:00,-1 days +23:58:00,False,Sat,DL,ATL,LAX,1947
2023-01-31 22:35:00,2023-01-31 22:33:00,-1 days +23:58:00,False,Tue,DL,ATL,FLL,581
2023-05-07 23:45:00,2023-05-08 00:12:00,0 days 00:27:00,True,Mon,DL,ATL,MOB,302
2023-05-13 13:40:00,2023-05-13 13:38:00,-1 days +23:58:00,False,Sat,DL,ATL,DTW,594
2023-01-29 08:45:00,2023-01-29 09:10:00,0 days 00:25:00,True,Sun,DL,ATL,FLL,581
2023-06-01 22:37:00,2023-06-01 22:32:00,-1 days +23:55:00,False,Thu,DL,ATL,CLT,226
2023-07-23 20:07:00,2023-07-23 20:22:00,0 days 00:15:00,False,Sun,DL,ATL,ELP,1282
2023-05-10 10:10:00,2023-05-10 10:06:00,-1 days +23:56:00,False,Wed,DL,ATL,DCA,547
2023-06-01 17:45:00,2023-06-01 17:39:00,-1 days +23:54:00,False,Thu,DL,ATL,SDF,321
2023-07-16 14:50:00,2023-07-16 15:00:00,0 days 00:10:00,False,Sun,9E,ATL,AEX,500
2023-05-27 21:32:00,2023-05-27 21:36:00,0 days 00:04:00,False,Sat,F9,ATL,TTN,701
2023-10-26 17:30:00,2023-10-26 17:39:00,0 days 00:09:00,False,Thu,DL,ATL,ONT,1900
2023-02-08 05:50:00,2023-02-08 05:46:00,-1 days +23:56:00,False,Wed,NK,ATL,DTW,594
2023-02-19 16:55:00,2023-02-19 16:55:00,0 days 00:00:00,False,Sun,DL,ATL,PBI,545
2023-09-16 17:54:00,2023-09-16 17:50:00,-1 days +23:56:00,False,Sat,DL,ATL,CLE,554
2023-10-09 22:58:00,2023-10-09 23:14:00,0 days 00:16:00,True,Mon,DL,ATL,STL,484
2023-01-04 20:46:00,2023-01-04 20:57:00,0 days 00:11:00,False,Wed,UA,ATL,EWR,746
2023-03-21 06:45:00,2023-03-21 06:40:00,-1 days +23:55:00,False,Tue,WN,ATL,HOU,696
2023-01-04 09:57:00,2023-01-04 09:55:00,-1 days +23:58:00,False,Wed,9E,ATL,MOB,302
2023-06-15 09:40:00,2023-06-15 09:36:00,-1 days +23:56:00,False,Thu,DL,ATL,SAT,874
2023-11-11 06:10:00,2023-11-11 06:11:00,0 days 00:01:00,False,Sat,NK,ATL,DTW,594
2023-03-07 19:40:00,2023-03-07 19:36:00,-1 days +23:56:00,False,Tue,DL,ATL,LEX,304
2023-04-01 12:20:00,2023-04-01 13:30:00,0 days 01:10:00,True,Sat,DL,ATL,MDT,620
2023-06-10 14:40:00,2023-06-10 14:37:00,-1 days +23:57:00,False,Sat,DL,ATL,BTR,448
2023-08-12 10:30:00,2023-08-12 10:29:00,-1 days +23:59:00,False,Sat,DL,ATL,MCO,404
2023-12-11 19:59:00,2023-12-11 19:55:00,-1 days +23:56:00,False,Mon,DL,ATL,PBI,545
2023-05-17 21:40:00,2023-05-17 21:50:00,0 days 00:10:00,False,Wed,WN,ATL,FLL,581
2023-05-02 22:16:00,2023-05-02 22:55:00,0 days 00:39:00,True,Tue,F9,ATL,MCO,404
2023-06-30 13:59:00,2023-06-30 13:56:00,-1 days +23:57:00,False,Fri,DL,ATL,TUL,674
2023-03-26 18:55:00,2023-03-26 19:37:00,0 days 00:42:00,True,Sun,DL,ATL,SJU,1547
2023-05-10 08:30:00,2023-05-10 08:42:00,0 days 00:12:00,False,Wed,DL,ATL,MIA,594
2023-02-12 11:21:00,2023-02-12 11:20:00,-1 days +23:59:00,False,Sun,DL,ATL,CVG,373
2023-02-20 21:50:00,2023-02-20 21:43:00,-1 days +23:53:00,False,Mon,WN,ATL,SRQ,444
2023-08-31 22:30:00,2023-08-31 22:29:00,-1 days +23:59:00,False,Thu,DL,ATL,MCO,404
2023-08-27 11:39:00,2023-08-27 12:05:00,0 days 00:26:00,True,Sun,B6,ATL,LGA,762
2023-03-31 19:36:00,2023-03-31 19:35:00,-1 days +23:59:00,False,Fri,DL,ATL,SLC,1590
2023-07-23 21:20:00,2023-07-23 21:56:00,0 days 00:36:00,True,Sun,WN,ATL,DAL,721
2023-11-01 08:10:00,2023-11-01 08:07:00,-1 days +23:57:00,False,Wed,DL,ATL,SDF,321
2023-11-05 11:45:00,2023-11-05 12:19:00,0 days 00:34:00,True,Sun,WN,ATL,PHL,666
2023-10-14 20:25:00,2023-10-14 20:48:00,0 days 00:23:00,True,Sat,NK,ATL,DTW,594
2023-08-26 09:15:00,2023-08-26 09:10:00,-1 days +23:55:00,False,Sat,DL,ATL,ICT,782
2023-12-07 13:44:00,2023-12-07 14:04:00,0 days 00:20:00,True,Thu,DL,ATL,BWI,577
2023-08-20 20:27:00,2023-08-20 21:05:00,0 days 00:38:00,True,Sun,DL,ATL,IAD,534
2023-07-23 13:58:00,2023-07-23 14:02:00,0 days 00:04:00,False,Sun,DL,ATL,OKC,761
2023-07-09 09:15:00,2023-07-09 09:14:00,-1 days +23:59:00,False,Sun,DL,ATL,SMF,2092
2023-04-12 10:29:00,2023-04-12 10:26:00,-1 days +23:57:00,False,Wed,DL,ATL,SDF,321
2023-05-13 21:54:00,2023-05-13 21:55:00,0 days 00:01:00,False,Sat,DL,ATL,GSO,306
2023-08-27 21:48:00,2023-08-27 21:48:00,0 days 00:00:00,False,Sun,DL,ATL,PHL,666
2023-06-21 18:43:00,2023-06-21 18:48:00,0 days 00:05:00,False,Wed,DL,ATL,JAC,1572
2023-01-17 19:20:00,2023-01-17 19:26:00,0 days 00:06:00,False,Tue,DL,ATL,SDF,321
2023-12-19 16:23:00,2023-12-19 16:20:00,-1 days +23:57:00,False,Tue,AA,ATL,DFW,731
2023-06-29 22:35:00,2023-06-29 22:42:00,0 days 00:07:00,False,Thu,DL,ATL,AVL,164
2023-12-30 08:20:00,2023-12-30 08:19:00,-1 days +23:59:00,False,Sat,DL,ATL,CVG,373
2023-02-16 18:40:00,2023-02-16 18:46:00,0 days 00:06:00,False,Thu,WN,ATL,MCO,404
2023-12-28 22:31:00,2023-12-28 22:31:00,0 days 00:00:00,False,Thu,DL,ATL,OMA,821
2023-12-27 16:20:00,2023-12-27 16:46:00,0 days 00:26:00,True,Wed,WN,ATL,FLL,581
2023-01-12 15:54:00,2023-01-12 19:18:00,0 days 03:24:00,True,Thu,DL,ATL,MEM,332
2023-11-11 11:07:00,2023-11-11 11:05:00,-1 days +23:58:00,False,Sat,DL,ATL,TUL,674
2023-07-22 14:50:00,2023-07-22 14:57:00,0 days 00:07:00,False,Sat,AA,ATL,PHL,666
2023-12-02 09:34:00,2023-12-02 09:30:00,-1 days +23:56:00,False,Sat,9E,ATL,MOB,302
2023-05-08 23:05:00,2023-05-08 23:01:00,-1 days +23:56:00,False,Mon,DL,ATL,TYS,152
2023-07-02 14:12:00,2023-07-02 14:12:00,0 days 00:00:00,False,Sun,DL,ATL,DCA,547
2023-06-29 21:12:00,2023-06-29 21:05:00,-1 days +23:53:00,False,Thu,DL,ATL,SFO,2139
2023-08-21 10:15:00,2023-08-21 10:17:00,0 days 00:02:00,False,Mon,DL,ATL,DEN,1199
2023-03-19 19:20:00,2023-03-19 19:31:00,0 days 00:11:00,False,Sun,DL,ATL,EWR,746
2023-01-07 18:30:00,2023-01-07 18:28:00,-1 days +23:58:00,False,Sat,DL,ATL,MSY,425
2023-06-18 22:30:00,2023-06-18 22:54:00,0 days 00:24:00,True,Sun,DL,ATL,TPA,406
2023-03-25 18:55:00,2023-03-25 19:06:00,0 days 00:11:00,False,Sat,WN,ATL,LAS,1747
2023-03-24 20:57:00,2023-03-24 21:05:00,0 days 00:08:00,False,Fri,DL,ATL,CAE,192
2023-05-25 19:55:00,2023-05-25 20:46:00,0 days 00:51:00,True,Thu,DL,ATL,RDU,356
2023-05-12 19:29:00,2023-05-12 22:38:00,0 days 03:09:00,True,Fri,UA,ATL,IAD,534
2023-07-07 09:15:00,2023-07-07 09:12:00,-1 days +23:57:00,False,Fri,NK,ATL,MSP,907
2023-09-09 11:00:00,2023-09-09 10:55:00,-1 days +23:55:00,False,Sat,DL,ATL,ELP,1282
2023-02-26 07:45:00,2023-02-26 09:03:00,0 days 01:18:00,True,Sun,NK,ATL,DFW,731
2023-03-14 12:38:00,2023-03-14 12:35:00,-1 days +23:57:00,False,Tue,DL,ATL,MLB,442
2023-08-12 20:54:00,2023-08-12 22:41:00,0 days 01:47:00,True,Sat,OO,ATL,MGM,147
2023-01-07 11:57:00,2023-01-07 11:54:00,-1 days +23:57:00,False,Sat,9E,ATL,GTR,241
2023-02-24 08:00:00,2023-02-24 07:55:00,-1 days +23:55:00,False,Fri,AS,ATL,SEA,2182
2023-02-03 12:33:00,2023-02-03 12:29:00,-1 days +23:56:00,False,Fri,DL,ATL,TLH,223
2023-12-06 18:24:00,2023-12-06 18:22:00,-1 days +23:58:00,False,Wed,NK,ATL,MIA,594
2023-11-26 17:26:00,2023-11-26 17:46:00,0 days 00:20:00,True,Sun,DL,ATL,IAH,689
2023-05-21 14:00:00,2023-05-21 14:02:00,0 days 00:02:00,False,Sun,DL,ATL,SEA,2182
2023-08-13 15:24:00,2023-08-13 15:37:00,0 days 00:13:00,False,Sun,DL,ATL,EWR,746
2023-07-25 11:00:00,2023-07-25 10:57:00,-1 days +23:57:00,False,Tue,DL,ATL,TPA,406
2023-04-21 13:40:00,2023-04-21 13:37:00,-1 days +23:57:00,False,Fri,9E,ATL,BTR,448
2023-03-02 07:42:00,2023-03-02 07:39:00,-1 days +23:57:00,False,Thu,DL,ATL,STL,484
2023-01-20 13:40:00,2023-01-20 13:45:00,0 days 00:05:00,False,Fri,DL,ATL,FLL,581
2023-01-06 12:15:00,2023-01-06 12:10:00,-1 days +23:55:00,False,Fri,OO,ATL,LFT,503
2023-01-11 19:30:00,2023-01-11 21:49:00,0 days 02:19:00,True,Wed,WN,ATL,SDF,321
2023-12-16 09:05:00,2023-12-16 09:01:00,-1 days +23:56:00,False,Sat,DL,ATL,DAB,366
2023-01-24 18:13:00,2023-01-24 18:04:00,-1 days +23:51:00,False,Tue,AA,ATL,DFW,731
2023-03-02 15:12:00,2023-03-02 15:08:00,-1 days +23:56:00,False,Thu,DL,ATL,SLC,1590
2023-10-27 06:40:00,2023-10-27 06:37:00,-1 days +23:57:00,False,Fri,WN,ATL,BWI,577
2023-08-29 11:05:00,2023-08-29 11:05:00,0 days 00:00:00,False,Tue,WN,ATL,DCA,547
2023-11-25 10:05:00,2023-11-25 10:01:00,-1 days +23:56:00,False,Sat,DL,ATL,SDF,321
2023-05-15 13:12:00,2023-05-15 13:10:00,-1 days +23:58:00,False,Mon,DL,ATL,CHS,259
2023-10-10 09:49:00,2023-10-10 09:46:00,-1 days +23:57:00,False,Tue,DL,ATL,BOI,1838
2023-02-01 18:15:00,2023-02-01 18:17:00,0 days 00:02:00,False,Wed,DL,ATL,PHX,1587
2023-01-15 12:13:00,2023-01-15 12:11:00,-1 days +23:58:00,False,Sun,DL,ATL,FLL,581
2023-01-13 16:16:00,2023-01-13 17:27:00,0 days 01:11:00,True,Fri,F9,ATL,DEN,1199
2023-03-27 19:30:00,2023-03-27 19:28:00,-1 days +23:58:00,False,Mon,DL,ATL,RIC,481
2023-06-01 17:11:00,2023-06-01 17:07:00,-1 days +23:56:00,False,Thu,YX,ATL,DCA,547
2023-02-27 11:00:00,2023-02-27 10:55:00,-1 days +23:55:00,False,Mon,DL,ATL,LIT,453
2023-08-26 07:15:00,2023-08-26 07:14:00,-1 days +23:59:00,False,Sat,DL,ATL,JFK,760
2023-03-23 20:39:00,2023-03-23 20:29:00,-1 days +23:50:00,False,Thu,YX,ATL,DCA,547
2023-07-07 19:35:00,2023-07-07 19:38:00,0 days 00:03:00,False,Fri,WN,ATL,DAL,721
2023-05-04 19:25:00,2023-05-04 19:23:00,-1 days +23:58:00,False,Thu,DL,ATL,RIC,481
2023-05-09 10:10:00,2023-05-09 10:06:00,-1 days +23:56:00,False,Tue,9E,ATL,ILM,377
2023-04-22 11:41:00,2023-04-22 11:35:00,-1 days +23:54:00,False,Sat,UA,ATL,IAH,689
2023-02-03 15:52:00,2023-02-03 15:45:00,-1 days +23:53:00,False,Fri,9E,ATL,CHO,457
2023-02-05 17:00:00,2023-02-05 16:55:00,-1 days +23:55:00,False,Sun,DL,ATL,DTW,594
2023-01-28 22:49:00,2023-01-28 23:25:00,0 days 00:36:00,True,Sat,DL,ATL,LAX,1947
2023-04-17 15:45:00,2023-04-17 15:42:00,-1 days +23:57:00,False,Mon,DL,ATL,GSP,153
2023-09-24 18:46:00,2023-09-24 19:08:00,0 days 00:22:00,True,Sun,DL,ATL,BNA,214
2023-02-17 11:00:00,2023-02-17 10:57:00,-1 days +23:57:00,False,Fri,DL,ATL,SLC,1590
2023-07-10 19:30:00,2023-07-10 19:41:00,0 days 00:11:00,False,Mon,WN,ATL,MDW,591
2023-01-26 21:58:00,2023-01-26 23:51:00,0 days 01:53:00,True,Thu,NK,ATL,LAS,1747
2023-06-07 17:48:00,2023-06-07 18:10:00,0 days 00:22:00,True,Wed,DL,ATL,MSP,907
2023-01-31 20:45:00,2023-01-31 20:46:00,0 days 00:01:00,False,Tue,DL,ATL,MSY,425
2023-09-23 09:00:00,2023-09-23 08:59:00,-1 days +23:59:00,False,Sat,WN,ATL,STL,484
2023-12-17 14:07:00,2023-12-17 15:55:00,0 days 01:48:00,True,Sun,DL,ATL,FLL,581
2023-06-19 12:00:00,2023-06-19 11:57:00,-1 days +23:57:00,False,Mon,DL,ATL,SLC,1590
2023-11-12 13:30:00,2023-11-12 13:26:00,-1 days +23:56:00,False,Sun,DL,ATL,LGA,762
2023-07-17 10:25:00,2023-07-17 10:24:00,-1 days +23:59:00,False,Mon,DL,ATL,HNL,4502
2023-03-31 10:30:00,2023-03-31 10:42:00,0 days 00:12:00,False,Fri,DL,ATL,SFO,2139
2023-03-08 21:29:00,2023-03-08 21:23:00,-1 days +23:54:00,False,Wed,DL,ATL,SLC,1590
2023-09-18 15:35:00,2023-09-18 15:33:00,-1 days +23:58:00,False,Mon,DL,ATL,HSV,151
2023-10-13 21:25:00,2023-10-13 21:21:00,-1 days +23:56:00,False,Fri,DL,ATL,SEA,2182
2023-04-12 14:49:00,2023-04-12 14:43:00,-1 days +23:54:00,False,Wed,DL,ATL,CVG,373
2023-06-23 08:24:00,2023-06-23 08:57:00,0 days 00:33:00,True,Fri,DL,ATL,MDW,591
2023-03-17 20:57:00,2023-03-17 21:26:00,0 days 00:29:00,True,Fri,OO,ATL,ABE,692
2023-06-02 17:04:00,2023-06-02 17:12:00,0 days 00:08:00,False,Fri,AA,ATL,MIA,594
2023-11-25 21:43:00,2023-11-25 21:37:00,-1 days +23:54:00,False,Sat,DL,ATL,PVD,903
2023-01-03 10:06:00,2023-01-03 10:25:00,0 days 00:19:00,True,Tue,DL,ATL,GSP,153
2023-09-15 08:45:00,2023-09-15 08:44:00,-1 days +23:59:00,False,Fri,UA,ATL,DEN,1199
2023-12-18 14:00:00,2023-12-18 13:57:00,-1 days +23:57:00,False,Mon,DL,ATL,ORF,516
2023-09-07 10:10:00,2023-09-07 10:08:00,-1 days +23:58:00,False,Thu,9E,ATL,CRW,363
2023-01-28 17:20:00,2023-01-28 17:15:00,-1 days +23:55:00,False,Sat,DL,ATL,SRQ,444
2023-03-25 14:45:00,2023-03-25 15:28:00,0 days 00:43:00,True,Sat,DL,ATL,PHL,666
2023-09-02 20:05:00,2023-09-02 19:54:00,-1 days +23:49:00,False,Sat,DL,ATL,PBI,545
2023-06-04 17:34:00,2023-06-04 17:27:00,-1 days +23:53:00,False,Sun,9E,ATL,BQK,238
2023-12-24 21:00:00,2023-12-24 21:05:00,0 days 00:05:00,False,Sun,DL,ATL,DFW,731
2023-09-14 16:10:00,2023-09-14 16:33:00,0 days 00:23:00,True,Thu,DL,ATL,JFK,760
2023-08-13 12:34:00,2023-08-13 13:43:00,0 days 01:09:00,True,Sun,DL,ATL,BDL,859
2023-03-11 12:12:00,2023-03-11 13:56:00,0 days 01:44:00,True,Sat,YX,ATL,EWR,746
2023-06-02 19:55:00,2023-06-02 21:42:00,0 days 01:47:00,True,Fri,DL,ATL,PBI,545
2023-06-19 18:33:00,2023-06-19 18:36:00,0 days 00:03:00,False,Mon,OO,ATL,HPN,780
2023-10-22 10:15:00,2023-10-22 10:13:00,-1 days +23:58:00,False,Sun,DL,ATL,IAD,534
2023-06-19 06:00:00,2023-06-19 06:00:00,0 days 00:00:00,False,Mon,DL,ATL,BOS,946
2023-07-31 07:23:00,2023-07-31 07:23:00,0 days 00:00:00,False,Mon,DL,ATL,CLT,226
2023-05-10 19:50:00,2023-05-10 20:02:00,0 days 00:12:00,False,Wed,DL,ATL,FLL,581
2023-06-15 07:00:00,2023-06-15 06:52:00,-1 days +23:52:00,False,Thu,AS,ATL,SEA,2182
2023-08-28 16:47:00,2023-08-28 16:43:00,-1 days +23:56:00,False,Mon,9E,ATL,TRI,227
2023-12-26 19:27:00,2023-12-26 19:26:00,-1 days +23:59:00,False,Tue,DL,ATL,OMA,821
2023-01-24 20:45:00,2023-01-24 20:43:00,-1 days +23:58:00,False,Tue,DL,ATL,PHL,666
2023-03-02 16:28:00,2023-03-02 16:29:00,0 days 00:01:00,False,Thu,DL,ATL,PHL,666
2023-01-19 06:30:00,2023-01-19 06:27:00,-1 days +23:57:00,False,Thu,DL,ATL,MCO,404
2023-07-03 07:05:00,2023-07-03 07:02:00,-1 days +23:57:00,False,Mon,DL,ATL,IAH,689
2023-01-20 08:00:00,2023-01-20 07:58:00,-1 days +23:58:00,False,Fri,UA,ATL,DEN,1199
2023-03-20 15:30:00,2023-03-20 15:28:00,-1 days +23:58:00,False,Mon,DL,ATL,CAE,192
2023-03-20 13:45:00,2023-03-20 13:44:00,-1 days +23:59:00,False,Mon,DL,ATL,BOS,946
2023-04-08 22:25:00,2023-04-08 22:14:00,-1 days +23:49:00,False,Sat,DL,ATL,SRQ,444
2023-09-21 18:52:00,2023-09-21 18:50:00,-1 days +23:58:00,False,Thu,UA,ATL,ORD,606
2023-04-28 17:18:00,2023-04-28 17:18:00,0 days 00:00:00,False,Fri,DL,ATL,CMH,447
2023-05-11 23:35:00,2023-05-11 23:33:00,-1 days +23:58:00,False,Thu,OO,ATL,AGS,143
2023-06-03 08:35:00,2023-06-03 08:31:00,-1 days +23:56:00,False,Sat,WN,ATL,CLE,554
2023-10-08 08:10:00,2023-10-08 08:03:00,-1 days +23:53:00,False,Sun,DL,ATL,MKE,669
2023-09-25 21:59:00,2023-09-25 21:55:00,-1 days +23:56:00,False,Mon,9E,ATL,BMI,533
2023-07-26 19:54:00,2023-07-26 19:48:00,-1 days +23:54:00,False,Wed,9E,ATL,ABY,145
2023-03-20 15:41:00,2023-03-20 15:45:00,0 days 00:04:00,False,Mon,UA,ATL,ORD,606
2023-02-06 18:55:00,2023-02-06 18:49:00,-1 days +23:54:00,False,Mon,DL,ATL,DCA,547
2023-08-17 19:29:00,2023-08-17 19:35:00,0 days 00:06:00,False,Thu,DL,ATL,PDX,2172
2023-03-08 13:55:00,2023-03-08 14:04:00,0 days 00:09:00,False,Wed,NK,ATL,FLL,581
2023-06-26 09:01:00,2023-06-26 08:59:00,-1 days +23:58:00,False,Mon,9E,ATL,TRI,227
2023-02-24 19:57:00,2023-02-24 20:42:00,0 days 00:45:00,True,Fri,DL,ATL,BDL,859
2023-06-14 09:00:00,2023-06-14 09:51:00,0 days 00:51:00,True,Wed,9E,ATL,ILM,377
2023-12-07 21:10:00,2023-12-07 21:06:00,-1 days +23:56:00,False,Thu,9E,ATL,ABE,692
2023-11-29 20:45:00,2023-11-29 20:49:00,0 days 00:04:00,False,Wed,DL,ATL,SFO,2139
2023-07-10 08:36:00,2023-07-10 08:58:00,0 days 00:22:00,True,Mon,DL,ATL,JFK,760
2023-03-13 18:20:00,2023-03-13 19:48:00,0 days 01:28:00,True,Mon,DL,ATL,SFO,2139
2023-11-22 19:54:00,2023-11-22 19:53:00,-1 days +23:59:00,False,Wed,DL,ATL,IAD,534
2023-08-06 18:00:00,2023-08-06 19:28:00,0 days 01:28:00,True,Sun,WN,ATL,MKE,669
2023-10-21 10:17:00,2023-10-21 10:13:00,-1 days +23:56:00,False,Sat,DL,ATL,DCA,547
2023-01-07 18:30:00,2023-01-07 18:25:00,-1 days +23:55:00,False,Sat,DL,ATL,RDU,356
2023-01-30 23:05:00,2023-01-30 23:02:00,-1 days +23:57:00,False,Mon,DL,ATL,BHM,134
2023-03-16 08:45:00,2023-03-16 08:59:00,0 days 00:14:00,False,Thu,DL,ATL,OMA,821
2023-12-23 11:41:00,2023-12-23 11:58:00,0 days 00:17:00,True,Sat,NK,ATL,EWR,746
2023-11-20 09:13:00,2023-11-20 09:11:00,-1 days +23:58:00,False,Mon,DL,ATL,MIA,594
2023-11-08 12:15:00,2023-11-08 12:13:00,-1 days +23:58:00,False,Wed,DL,ATL,JFK,760
2023-07-13 12:00:00,2023-07-13 12:00:00,0 days 00:00:00,False,Thu,DL,ATL,BHM,134
2023-03-11 20:15:00,2023-03-11 20:10:00,-1 days +23:55:00,False,Sat,DL,ATL,OAJ,399
2023-10-30 11:00:00,2023-10-30 10:56:00,-1 days +23:56:00,False,Mon,OO,ATL,BQK,238
2023-12-21 21:10:00,2023-12-21 21:08:00,-1 days +23:58:00,False,Thu,DL,ATL,BWI,577
2023-07-13 16:29:00,2023-07-13 16:56:00,0 days 00:27:00,True,Thu,DL,ATL,TLH,223
2023-07-07 07:15:00,2023-07-07 07:19:00,0 days 00:04:00,False,Fri,DL,ATL,MIA,594
2023-02-22 13:25:00,2023-02-22 13:21:00,-1 days +23:56:00,False,Wed,WN,ATL,STL,484
2023-09-02 07:00:00,2023-09-02 06:57:00,-1 days +23:57:00,False,Sat,AA,ATL,LAX,1947
2023-05-04 08:35:00,2023-05-04 08:29:00,-1 days +23:54:00,False,Thu,DL,ATL,OMA,821
2023-08-26 16:26:00,2023-08-26 16:29:00,0 days 00:03:00,False,Sat,DL,ATL,MSP,907
2023-01-08 13:28:00,2023-01-08 13:40:00,0 days 00:12:00,False,Sun,DL,ATL,SAV,214
2023-07-23 11:10:00,2023-07-23 11:09:00,-1 days +23:59:00,False,Sun,DL,ATL,PDX,2172
2023-02-27 11:57:00,2023-02-27 11:49:00,-1 days +23:52:00,False,Mon,DL,ATL,GNV,300
2023-02-24 16:15:00,2023-02-24 16:12:00,-1 days +23:57:00,False,Fri,DL,ATL,MYR,317
2023-05-28 13:00:00,2023-05-28 13:02:00,0 days 00:02:00,False,Sun,DL,ATL,ORD,606
2023-07-03 21:27:00,2023-07-03 21:55:00,0 days 00:28:00,True,Mon,DL,ATL,PHX,1587
2023-09-20 17:40:00,2023-09-20 17:35:00,-1 days +23:55:00,False,Wed,DL,ATL,STL,484
2023-07-12 16:25:00,2023-07-12 17:38:00,0 days 01:13:00,True,Wed,WN,ATL,RDU,356
2023-10-16 11:55:00,2023-10-16 11:55:00,0 days 00:00:00,False,Mon,DL,ATL,EWR,746
2023-03-21 08:14:00,2023-03-21 08:10:00,-1 days +23:56:00,False,Tue,DL,ATL,BHM,134
2023-07-26 17:00:00,2023-07-26 17:34:00,0 days 00:34:00,True,Wed,DL,ATL,PHL,666
2023-05-27 08:10:00,2023-05-27 08:07:00,-1 days +23:57:00,False,Sat,DL,ATL,LIT,453
2023-07-28 11:28:00,2023-07-28 11:26:00,-1 days +23:58:00,False,Fri,DL,ATL,SRQ,444
2023-08-10 11:54:00,2023-08-10 11:49:00,-1 days +23:55:00,False,Thu,AA,ATL,PHL,666
2023-07-13 20:55:00,2023-07-13 22:36:00,0 days 01:41:00,True,Thu,NK,ATL,DTW,594
2023-04-01 21:45:00,2023-04-01 21:54:00,0 days 00:09:00,False,Sat,DL,ATL,JAN,341
2023-05-11 12:15:00,2023-05-11 12:11:00,-1 days +23:56:00,False,Thu,DL,ATL,DAY,432
2023-12-10 08:31:00,2023-12-10 08:51:00,0 days 00:20:00,True,Sun,9E,ATL,AGS,143
2023-08-20 23:42:00,2023-08-20 23:35:00,-1 days +23:53:00,False,Sun,DL,ATL,GSO,306
2023-03-13 19:20:00,2023-03-13 19:10:00,-1 days +23:50:00,False,Mon,9E,ATL,ABY,145
2023-08-26 15:40:00,2023-08-26 15:50:00,0 days 00:10:00,False,Sat,DL,ATL,BUF,712
2023-11-06 16:25:00,2023-11-06 16:18:00,-1 days +23:53:00,False,Mon,DL,ATL,IND,432
2023-02-17 12:55:00,2023-02-17 13:05:00,0 days 00:10:00,False,Fri,WN,ATL,AUS,813
2023-06-21 18:30:00,2023-06-21 18:28:00,-1 days +23:58:00,False,Wed,DL,ATL,BDL,859
2023-12-01 10:58:00,2023-12-01 10:46:00,-1 days +23:48:00,False,Fri,OH,ATL,CLT,226
2023-07-25 08:15:00,2023-07-25 08:17:00,0 days 00:02:00,False,Tue,WN,ATL,SAT,874
2023-05-15 10:05:00,2023-05-15 10:05:00,0 days 00:00:00,False,Mon,DL,ATL,IAD,534
2023-12-10 22:55:00,2023-12-10 22:57:00,0 days 00:02:00,False,Sun,DL,ATL,LAS,1747
2023-04-27 14:05:00,2023-04-27 15:17:00,0 days 01:12:00,True,Thu,DL,ATL,PBI,545
2023-01-20 13:54:00,2023-01-20 13:54:00,0 days 00:00:00,False,Fri,9E,ATL,FAY,331
2023-07-23 22:54:00,2023-07-23 22:54:00,0 days 00:00:00,False,Sun,DL,ATL,SLC,1590
2023-02-01 08:57:00,2023-02-01 08:53:00,-1 days +23:56:00,False,Wed,DL,ATL,BUF,712
2023-04-10 21:50:00,2023-04-10 22:25:00,0 days 00:35:00,True,Mon,WN,ATL,BNA,214
2023-10-03 11:30:00,2023-10-03 11:27:00,-1 days +23:57:00,False,Tue,DL,ATL,MCO,404
2023-05-13 22:59:00,2023-05-13 23:06:00,0 days 00:07:00,False,Sat,DL,ATL,RSW,515
2023-08-19 19:54:00,2023-08-19 19:46:00,-1 days +23:52:00,False,Sat,9E,ATL,AEX,500
2023-08-05 11:05:00,2023-08-05 10:57:00,-1 days +23:52:00,False,Sat,DL,ATL,LIT,453
2023-03-27 09:15:00,2023-03-27 10:05:00,0 days 00:50:00,True,Mon,OO,ATL,MOB,302
2023-12-11 10:38:00,2023-12-11 10:35:00,-1 days +23:57:00,False,Mon,DL,ATL,SRQ,444
2023-01-11 22:49:00,2023-01-11 22:38:00,-1 days +23:49:00,False,Wed,9E,ATL,BTR,448
2023-08-30 11:10:00,2023-08-30 11:17:00,0 days 00:07:00,False,Wed,WN,ATL,PHX,1587
2023-12-12 10:10:00,2023-12-12 10:08:00,-1 days +23:58:00,False,Tue,DL,ATL,DFW,731
2023-05-16 21:40:00,2023-05-16 22:20:00,0 days 00:40:00,True,Tue,WN,ATL,RIC,481
2023-09-02 07:05:00,2023-09-02 07:03:00,-1 days +23:58:00,False,Sat,DL,ATL,IAH,689
2023-03-12 18:47:00,2023-03-12 18:39:00,-1 days +23:52:00,False,Sun,AS,ATL,SEA,2182
2023-05-31 08:34:00,2023-05-31 08:30:00,-1 days +23:56:00,False,Wed,DL,ATL,BHM,134
2023-01-08 22:30:00,2023-01-08 22:28:00,-1 days +23:58:00,False,Sun,DL,ATL,IAD,534
2023-04-24 20:00:00,2023-04-24 19:54:00,-1 days +23:54:00,False,Mon,DL,ATL,JAN,341
2023-10-21 11:00:00,2023-10-21 10:57:00,-1 days +23:57:00,False,Sat,DL,ATL,PBI,545
2023-12-02 14:35:00,2023-12-02 14:32:00,-1 days +23:57:00,False,Sat,DL,ATL,DAB,366
2023-09-08 22:36:00,2023-09-08 22:32:00,-1 days +23:56:00,False,Fri,DL,ATL,ROA,357
2023-03-31 09:30:00,2023-03-31 09:37:00,0 days 00:07:00,False,Fri,DL,ATL,PDX,2172
2023-01-14 07:20:00,2023-01-14 07:16:00,-1 days +23:56:00,False,Sat,DL,ATL,JAX,270
2023-06-19 08:55:00,2023-06-19 08:55:00,0 days 00:00:00,False,Mon,DL,ATL,AVL,164
2023-07-29 19:30:00,2023-07-29 20:18:00,0 days 00:48:00,True,Sat,DL,ATL,MIA,594
2023-11-11 22:00:00,2023-11-11 21:59:00,-1 days +23:59:00,False,Sat,DL,ATL,ORF,516
2023-10-27 22:21:00,2023-10-27 22:12:00,-1 days +23:51:00,False,Fri,NK,ATL,MCO,404
2023-09-24 07:17:00,2023-09-24 07:09:00,-1 days +23:52:00,False,Sun,AA,ATL,LAX,1947
2023-03-18 16:20:00,2023-03-18 16:13:00,-1 days +23:53:00,False,Sat,OH,ATL,CLT,226
2023-08-21 19:40:00,2023-08-21 19:36:00,-1 days +23:56:00,False,Mon,WN,ATL,AUS,813
2023-03-24 08:50:00,2023-03-24 08:51:00,0 days 00:01:00,False,Fri,WN,ATL,HOU,696
2023-06-16 18:40:00,2023-06-16 18:35:00,-1 days +23:55:00,False,Fri,DL,ATL,CHA,106
2023-09-12 08:15:00,2023-09-12 08:14:00,-1 days +23:59:00,False,Tue,DL,ATL,LIT,453
2023-12-01 17:54:00,2023-12-01 17:47:00,-1 days +23:53:00,False,Fri,DL,ATL,CLE,554
2023-11-17 09:50:00,2023-11-17 09:48:00,-1 days +23:58:00,False,Fri,DL,ATL,BZN,1640
2023-02-21 17:53:00,2023-02-21 18:32:00,0 days 00:39:00,True,Tue,DL,ATL,SLC,1590
2023-04-03 13:23:00,2023-04-03 13:27:00,0 days 00:04:00,False,Mon,DL,ATL,DTW,594
2023-11-23 08:45:00,2023-11-23 08:42:00,-1 days +23:57:00,False,Thu,NK,ATL,LAX,1947
2023-12-17 07:15:00,2023-12-17 07:12:00,-1 days +23:57:00,False,Sun,DL,ATL,ORF,516
2023-02-05 20:18:00,2023-02-05 20:16:00,-1 days +23:58:00,False,Sun,DL,ATL,TUS,1541
2023-02-10 14:20:00,2023-02-10 14:17:00,-1 days +23:57:00,False,Fri,NK,ATL,IAH,689
2023-07-27 07:05:00,2023-07-27 07:04:00,-1 days +23:59:00,False,Thu,DL,ATL,BOS,946
2023-05-15 21:55:00,2023-05-15 21:50:00,-1 days +23:55:00,False,Mon,DL,ATL,MCO,404
2023-08-19 08:40:00,2023-08-19 08:40:00,0 days 00:00:00,False,Sat,DL,ATL,DTW,594
2023-12-28 21:01:00,2023-12-28 21:01:00,0 days 00:00:00,False,Thu,DL,ATL,GSO,306
2023-09-17 16:55:00,2023-09-17 17:01:00,0 days 00:06:00,False,Sun,DL,ATL,BWI,577
2023-01-03 19:20:00,2023-01-03 19:45:00,0 days 00:25:00,True,Tue,DL,ATL,JFK,760
2023-05-14 16:20:00,2023-05-14 16:19:00,-1 days +23:59:00,False,Sun,DL,ATL,OKC,761
2023-08-31 10:15:00,2023-08-31 10:12:00,-1 days +23:57:00,False,Thu,DL,ATL,SDF,321
2023-07-11 12:52:00,2023-07-11 12:50:00,-1 days +23:58:00,False,Tue,DL,ATL,LEX,304
2023-04-08 21:50:00,2023-04-08 21:55:00,0 days 00:05:00,False,Sat,DL,ATL,LEX,304
2023-07-30 12:34:00,2023-07-30 12:33:00,-1 days +23:59:00,False,Sun,DL,ATL,BDL,859
2023-06-18 19:05:00,2023-06-18 19:39:00,0 days 00:34:00,True,Sun,WN,ATL,MIA,594
2023-12-08 15:47:00,2023-12-08 15:45:00,-1 days +23:58:00,False,Fri,9E,ATL,HPN,780
2023-05-25 07:10:00,2023-05-25 07:08:00,-1 days +23:58:00,False,Thu,DL,ATL,BWI,577
2023-04-11 06:00:00,2023-04-11 05:57:00,-1 days +23:57:00,False,Tue,UA,ATL,EWR,746
2023-11-07 15:00:00,2023-11-07 15:09:00,0 days 00:09:00,False,Tue,9E,ATL,CHO,457
2023-05-11 09:40:00,2023-05-11 09:36:00,-1 days +23:56:00,False,Thu,9E,ATL,ABE,692
2023-10-22 10:00:00,2023-10-22 09:58:00,-1 days +23:58:00,False,Sun,DL,ATL,TYS,152
2023-01-21 22:29:00,2023-01-21 22:29:00,0 days 00:00:00,False,Sat,DL,ATL,HSV,151
2023-01-12 15:15:00,2023-01-12 15:45:00,0 days 00:30:00,True,Thu,F9,ATL,SAT,874
2023-11-21 21:15:00,2023-11-21 21:53:00,0 days 00:38:00,True,Tue,WN,ATL,DCA,547
2023-06-01 22:40:00,2023-06-01 22:38:00,-1 days +23:58:00,False,Thu,DL,ATL,GSO,306
2023-10-07 07:15:00,2023-10-07 07:11:00,-1 days +23:56:00,False,Sat,B6,ATL,FLL,581
2023-06-21 15:25:00,2023-06-21 15:21:00,-1 days +23:56:00,False,Wed,AS,ATL,SEA,2182
2023-02-25 14:50:00,2023-02-25 14:55:00,0 days 00:05:00,False,Sat,WN,ATL,DEN,1199
2023-03-07 11:15:00,2023-03-07 11:19:00,0 days 00:04:00,False,Tue,NK,ATL,DTW,594
2023-11-02 09:45:00,2023-11-02 09:39:00,-1 days +23:54:00,False,Thu,WN,ATL,MKE,669
2023-07-19 17:47:00,2023-07-19 18:57:00,0 days 01:10:00,True,Wed,F9,ATL,SAN,1892
2023-10-10 15:15:00,2023-10-10 15:10:00,-1 days +23:55:00,False,Tue,DL,ATL,PHL,666
2023-03-10 06:04:00,2023-03-10 06:00:00,-1 days +23:56:00,False,Fri,UA,ATL,EWR,746
2023-03-22 18:33:00,2023-03-22 18:30:00,-1 days +23:57:00,False,Wed,DL,ATL,LAS,1747
2023-09-04 08:15:00,2023-09-04 08:29:00,0 days 00:14:00,False,Mon,DL,ATL,SLC,1590
2023-04-28 19:30:00,2023-04-28 19:29:00,-1 days +23:59:00,False,Fri,WN,ATL,BWI,577
2023-11-20 08:25:00,2023-11-20 08:21:00,-1 days +23:56:00,False,Mon,9E,ATL,XNA,589
2023-12-27 18:44:00,2023-12-27 18:44:00,0 days 00:00:00,False,Wed,DL,ATL,PBI,545
2023-06-14 11:30:00,2023-06-14 12:11:00,0 days 00:41:00,True,Wed,NK,ATL,SJU,1547
2023-10-05 07:15:00,2023-10-05 09:39:00,0 days 02:24:00,True,Thu,DL,ATL,RIC,481
2023-04-26 19:50:00,2023-04-26 19:49:00,-1 days +23:59:00,False,Wed,DL,ATL,VPS,250
2023-11-18 17:51:00,2023-11-18 17:45:00,-1 days +23:54:00,False,Sat,YX,ATL,PHL,666
2023-08-31 17:35:00,2023-08-31 17:31:00,-1 days +23:56:00,False,Thu,DL,ATL,JAC,1572
2023-09-01 22:30:00,2023-09-02 00:21:00,0 days 01:51:00,True,Sat,DL,ATL,TPA,406
2023-08-27 15:59:00,2023-08-27 15:57:00,-1 days +23:58:00,False,Sun,DL,ATL,TPA,406
2023-04-15 07:05:00,2023-04-15 07:02:00,-1 days +23:57:00,False,Sat,DL,ATL,IAD,534
2023-08-19 17:58:00,2023-08-19 17:53:00,-1 days +23:55:00,False,Sat,DL,ATL,SAN,1892
2023-03-30 23:57:00,2023-03-31 00:10:00,0 days 00:13:00,False,Fri,DL,ATL,JAX,270
2023-03-07 16:15:00,2023-03-07 16:05:00,-1 days +23:50:00,False,Tue,WN,ATL,JAN,341
2023-11-24 15:35:00,2023-11-24 15:33:00,-1 days +23:58:00,False,Fri,DL,ATL,MCO,404
2023-09-27 10:15:00,2023-09-27 10:08:00,-1 days +23:53:00,False,Wed,DL,ATL,CMH,447
2023-11-14 12:31:00,2023-11-14 12:28:00,-1 days +23:57:00,False,Tue,DL,ATL,ORD,606
2023-07-02 21:21:00,2023-07-02 21:52:00,0 days 00:31:00,True,Sun,DL,ATL,ONT,1900
2023-12-06 12:05:00,2023-12-06 11:58:00,-1 days +23:53:00,False,Wed,UA,ATL,EWR,746
2023-06-27 07:21:00,2023-06-27 07:20:00,-1 days +23:59:00,False,Tue,OO,ATL,HPN,780
2023-08-01 19:20:00,2023-08-01 19:23:00,0 days 00:03:00,False,Tue,DL,ATL,MSP,907
2023-04-05 09:10:00,2023-04-05 09:38:00,0 days 00:28:00,True,Wed,DL,ATL,DTW,594
2023-10-01 14:08:00,2023-10-01 14:05:00,-1 days +23:57:00,False,Sun,DL,ATL,MKE,669
2023-07-30 10:30:00,2023-07-30 10:31:00,0 days 00:01:00,False,Sun,WN,ATL,SRQ,444
2023-07-07 13:53:00,2023-07-07 13:48:00,-1 days +23:55:00,False,Fri,9E,ATL,EVV,350
2023-01-14 07:59:00,2023-01-14 07:59:00,0 days 00:00:00,False,Sat,DL,ATL,SLC,1590
2023-03-24 21:15:00,2023-03-24 21:15:00,0 days 00:00:00,False,Fri,DL,ATL,DCA,547
2023-02-06 09:00:00,2023-02-06 08:58:00,-1 days +23:58:00,False,Mon,DL,ATL,MIA,594
2023-09-08 09:23:00,2023-09-08 09:21:00,-1 days +23:58:00,False,Fri,9E,ATL,MGM,147
2023-08-26 18:35:00,2023-08-26 18:34:00,-1 days +23:59:00,False,Sat,DL,ATL,MCO,404
2023-03-05 13:24:00,2023-03-05 14:04:00,0 days 00:40:00,True,Sun,DL,ATL,BNA,214
2023-04-03 22:59:00,2023-04-03 22:56:00,-1 days +23:57:00,False,Mon,DL,ATL,CVG,373
2023-04-13 12:45:00,2023-04-13 12:55:00,0 days 00:10:00,False,Thu,NK,ATL,EWR,746
2023-06-18 19:59:00,2023-06-18 20:14:00,0 days 00:15:00,False,Sun,DL,ATL,SAT,874
2023-06-10 22:30:00,2023-06-10 23:01:00,0 days 00:31:00,True,Sat,DL,ATL,TPA,406
2023-12-16 16:44:00,2023-12-16 16:43:00,-1 days +23:59:00,False,Sat,F9,ATL,TTN,701
2023-01-24 15:47:00,2023-01-24 15:42:00,-1 days +23:55:00,False,Tue,9E,ATL,SGF,563
2023-09-23 18:13:00,2023-09-23 18:03:00,-1 days +23:50:00,False,Sat,AA,ATL,PHX,1587
2023-12-13 11:01:00,2023-12-13 10:58:00,-1 days +23:57:00,False,Wed,DL,ATL,SEA,2182
2023-08-10 07:20:00,2023-08-10 07:51:00,0 days 00:31:00,True,Thu,DL,ATL,DTW,594
2023-05-17 09:41:00,2023-05-17 09:38:00,-1 days +23:57:00,False,Wed,OO,ATL,FWA,508
2023-02-21 07:45:00,2023-02-21 07:39:00,-1 days +23:54:00,False,Tue,DL,ATL,BNA,214
2023-09-10 07:06:00,2023-09-10 07:05:00,-1 days +23:59:00,False,Sun,DL,ATL,ORF,516
2023-01-09 19:50:00,2023-01-09 19:46:00,-1 days +23:56:00,False,Mon,DL,ATL,OMA,821
2023-09-12 09:06:00,2023-09-12 09:04:00,-1 days +23:58:00,False,Tue,DL,ATL,DAY,432
2023-10-07 16:45:00,2023-10-07 16:43:00,-1 days +23:58:00,False,Sat,NK,ATL,CLE,554
2023-07-08 13:04:00,2023-07-08 13:02:00,-1 days +23:58:00,False,Sat,OO,ATL,MGM,147
2023-02-15 22:05:00,2023-02-15 21:54:00,-1 days +23:49:00,False,Wed,DL,ATL,MSN,707
2023-12-06 10:35:00,2023-12-06 10:32:00,-1 days +23:57:00,False,Wed,WN,ATL,LGA,762
2023-08-24 17:28:00,2023-08-24 17:27:00,-1 days +23:59:00,False,Thu,DL,ATL,DAL,721
2023-03-28 10:10:00,2023-03-28 11:06:00,0 days 00:56:00,True,Tue,DL,ATL,CHS,259
2023-01-30 12:34:00,2023-01-30 12:49:00,0 days 00:15:00,False,Mon,DL,ATL,DAB,366
2023-09-15 16:34:00,2023-09-15 16:33:00,-1 days +23:59:00,False,Fri,DL,ATL,PHL,666
2023-10-26 16:47:00,2023-10-26 16:46:00,-1 days +23:59:00,False,Thu,DL,ATL,BWI,577
2023-06-23 17:25:00,2023-06-23 18:22:00,0 days 00:57:00,True,Fri,DL,ATL,RDU,356
2023-04-01 18:10:00,2023-04-01 18:58:00,0 days 00:48:00,True,Sat,DL,ATL,IAD,534
2023-07-21 08:10:00,2023-07-21 08:27:00,0 days 00:17:00,True,Fri,DL,ATL,SFO,2139
2023-04-02 20:10:00,2023-04-02 20:07:00,-1 days +23:57:00,False,Sun,DL,ATL,HPN,780
2023-01-20 18:15:00,2023-01-20 18:08:00,-1 days +23:53:00,False,Fri,MQ,ATL,MIA,594
2023-01-20 21:20:00,2023-01-20 21:16:00,-1 days +23:56:00,False,Fri,DL,ATL,MLB,442
2023-01-28 11:35:00,2023-01-28 11:29:00,-1 days +23:54:00,False,Sat,OO,ATL,HSV,151
2023-03-29 21:50:00,2023-03-29 21:46:00,-1 days +23:56:00,False,Wed,WN,ATL,HOU,696
2023-07-30 23:03:00,2023-07-30 23:12:00,0 days 00:09:00,False,Sun,DL,ATL,PHX,1587
2023-02-06 09:00:00,2023-02-06 08:56:00,-1 days +23:56:00,False,Mon,9E,ATL,TRI,227
2023-07-24 12:58:00,2023-07-24 13:01:00,0 days 00:03:00,False,Mon,DL,ATL,DFW,731
2023-11-10 16:07:00,2023-11-10 16:04:00,-1 days +23:57:00,False,Fri,DL,ATL,CAE,192
2023-03-06 21:25:00,2023-03-06 21:23:00,-1 days +23:58:00,False,Mon,WN,ATL,MIA,594
2023-03-26 15:56:00,2023-03-26 19:48:00,0 days 03:52:00,True,Sun,DL,ATL,PNS,271
2023-03-08 16:27:00,2023-03-08 16:23:00,-1 days +23:56:00,False,Wed,DL,ATL,CHS,259
2023-11-18 16:25:00,2023-11-18 16:31:00,0 days 00:06:00,False,Sat,WN,ATL,IND,432
2023-12-14 15:39:00,2023-12-14 15:41:00,0 days 00:02:00,False,Thu,DL,ATL,ORD,606
2023-02-09 21:28:00,2023-02-09 21:26:00,-1 days +23:58:00,False,Thu,DL,ATL,SLC,1590
2023-11-10 11:51:00,2023-11-10 11:47:00,-1 days +23:56:00,False,Fri,DL,ATL,ECP,240
2023-05-28 07:13:00,2023-05-28 07:24:00,0 days 00:11:00,False,Sun,B6,ATL,LGA,762
2023-12-04 22:25:00,2023-12-04 22:20:00,-1 days +23:55:00,False,Mon,DL,ATL,IND,432
2023-09-22 16:55:00,2023-09-22 16:54:00,-1 days +23:59:00,False,Fri,DL,ATL,BWI,577
2023-03-06 07:30:00,2023-03-06 07:36:00,0 days 00:06:00,False,Mon,AA,ATL,PHL,666
2023-01-14 20:45:00,2023-01-14 20:42:00,-1 days +23:57:00,False,Sat,OO,ATL,ABE,692
2023-06-21 19:51:00,2023-06-21 19:45:00,-1 days +23:54:00,False,Wed,9E,ATL,ABY,145
2023-02-13 22:10:00,2023-02-13 22:35:00,0 days 00:25:00,True,Mon,DL,ATL,MIA,594
2023-12-13 14:48:00,2023-12-13 14:44:00,-1 days +23:56:00,False,Wed,9E,ATL,AEX,500
2023-10-08 16:01:00,2023-10-08 16:01:00,0 days 00:00:00,False,Sun,UA,ATL,EWR,746
2023-07-29 10:30:00,2023-07-29 12:14:00,0 days 01:44:00,True,Sat,NK,ATL,BOS,946
2023-05-06 19:30:00,2023-05-06 20:43:00,0 days 01:13:00,True,Sat,DL,ATL,MCO,404
2023-12-31 21:50:00,2023-12-31 22:35:00,0 days 00:45:00,True,Sun,WN,ATL,GSP,153
2023-07-12 16:26:00,2023-07-12 16:42:00,0 days 00:16:00,True,Wed,DL,ATL,JAX,270
2023-12-20 16:26:00,2023-12-20 16:23:00,-1 days +23:57:00,False,Wed,DL,ATL,SDF,321
2023-09-24 19:50:00,2023-09-24 19:50:00,0 days 00:00:00,False,Sun,DL,ATL,LEX,304
2023-09-13 10:10:00,2023-09-13 10:06:00,-1 days +23:56:00,False,Wed,9E,ATL,CRW,363
2023-10-06 10:10:00,2023-10-06 10:19:00,0 days 00:09:00,False,Fri,DL,ATL,HNL,4502
2023-06-04 08:55:00,2023-06-04 09:31:00,0 days 00:36:00,True,Sun,NK,ATL,DTW,594
2023-04-19 09:40:00,2023-04-19 09:38:00,-1 days +23:58:00,False,Wed,DL,ATL,SGF,563
2023-10-01 18:50:00,2023-10-01 18:52:00,0 days 00:02:00,False,Sun,DL,ATL,TPA,406
2023-01-10 22:56:00,2023-01-10 22:46:00,-1 days +23:50:00,False,Tue,DL,ATL,DFW,731
2023-10-25 20:36:00,2023-10-25 20:32:00,-1 days +23:56:00,False,Wed,YX,ATL,DCA,547
2023-01-12 21:45:00,2023-01-12 22:16:00,0 days 00:31:00,True,Thu,WN,ATL,HOU,696
2023-09-26 11:03:00,2023-09-26 11:02:00,-1 days +23:59:00,False,Tue,DL,ATL,ECP,240
2023-10-15 12:15:00,2023-10-15 12:14:00,-1 days +23:59:00,False,Sun,DL,ATL,OKC,761
2023-01-04 16:08:00,2023-01-04 16:23:00,0 days 00:15:00,False,Wed,DL,ATL,RIC,481
2023-03-27 22:50:00,2023-03-27 22:51:00,0 days 00:01:00,False,Mon,WN,ATL,GSP,153
2023-07-01 16:46:00,2023-07-01 17:39:00,0 days 00:53:00,True,Sat,DL,ATL,PDX,2172
2023-11-30 11:35:00,2023-11-30 11:25:00,-1 days +23:50:00,False,Thu,F9,ATL,DTW,594
2023-09-08 20:54:00,2023-09-08 21:59:00,0 days 01:05:00,True,Fri,DL,ATL,BHM,134
2023-11-03 18:10:00,2023-11-03 18:01:00,-1 days +23:51:00,False,Fri,AA,ATL,PHX,1587
2023-11-01 21:50:00,2023-11-01 21:50:00,0 days 00:00:00,False,Wed,WN,ATL,JAX,270
2023-05-22 20:55:00,2023-05-22 20:55:00,0 days 00:00:00,False,Mon,DL,ATL,RSW,515
2023-11-26 09:13:00,2023-11-26 10:34:00,0 days 01:21:00,True,Sun,DL,ATL,MIA,594
2023-07-04 19:51:00,2023-07-04 19:42:00,-1 days +23:51:00,False,Tue,9E,ATL,ABY,145
2023-09-26 20:45:00,2023-09-26 20:41:00,-1 days +23:56:00,False,Tue,DL,ATL,CID,694
2023-10-08 22:35:00,2023-10-08 23:04:00,0 days 00:29:00,True,Sun,DL,ATL,CVG,373
2023-05-24 12:38:00,2023-05-24 12:37:00,-1 days +23:59:00,False,Wed,DL,ATL,MLB,442
2023-09-05 19:15:00,2023-09-05 19:14:00,-1 days +23:59:00,False,Tue,WN,ATL,MKE,669
2023-03-11 10:12:00,2023-03-11 10:14:00,0 days 00:02:00,False,Sat,DL,ATL,DCA,547
2023-06-02 22:35:00,2023-06-02 22:33:00,-1 days +23:58:00,False,Fri,WN,ATL,MSY,425
2023-10-05 15:44:00,2023-10-05 15:42:00,-1 days +23:58:00,False,Thu,DL,ATL,MDT,620
2023-03-03 07:15:00,2023-03-03 07:15:00,0 days 00:00:00,False,Fri,DL,ATL,TPA,406
2023-05-01 11:00:00,2023-05-01 10:59:00,-1 days +23:59:00,False,Mon,DL,ATL,JAX,270
2023-08-16 20:25:00,2023-08-16 21:36:00,0 days 01:11:00,True,Wed,DL,ATL,MCI,692
2023-10-07 11:55:00,2023-10-07 14:54:00,0 days 02:59:00,True,Sat,DL,ATL,EWR,746
2023-10-08 22:56:00,2023-10-08 22:55:00,-1 days +23:59:00,False,Sun,DL,ATL,ECP,240
2023-11-13 22:59:00,2023-11-13 22:56:00,-1 days +23:57:00,False,Mon,DL,ATL,PHX,1587
2023-06-29 16:35:00,2023-06-29 16:58:00,0 days 00:23:00,True,Thu,DL,ATL,PNS,271
2023-03-14 11:50:00,2023-03-14 13:14:00,0 days 01:24:00,True,Tue,NK,ATL,FLL,581
2023-08-01 08:25:00,2023-08-01 08:19:00,-1 days +23:54:00,False,Tue,9E,ATL,AGS,143
2023-03-10 22:44:00,2023-03-10 22:40:00,-1 days +23:56:00,False,Fri,DL,ATL,MSN,707
2023-04-27 12:59:00,2023-04-27 12:56:00,-1 days +23:57:00,False,Thu,DL,ATL,CHS,259
2023-04-21 19:20:00,2023-04-21 19:18:00,-1 days +23:58:00,False,Fri,9E,ATL,ABY,145
2023-08-20 15:38:00,2023-08-20 15:33:00,-1 days +23:55:00,False,Sun,9E,ATL,LFT,503
2023-04-19 11:11:00,2023-04-19 11:07:00,-1 days +23:56:00,False,Wed,DL,ATL,RDU,356
2023-08-04 22:40:00,2023-08-04 22:35:00,-1 days +23:55:00,False,Fri,WN,ATL,GSP,153
2023-09-07 15:25:00,2023-09-07 15:18:00,-1 days +23:53:00,False,Thu,DL,ATL,IND,432
2023-11-30 20:45:00,2023-11-30 20:45:00,0 days 00:00:00,False,Thu,DL,ATL,SEA,2182
2023-11-19 22:39:00,2023-11-19 22:35:00,-1 days +23:56:00,False,Sun,DL,ATL,MSY,425
2023-05-10 09:55:00,2023-05-10 09:51:00,-1 days +23:56:00,False,Wed,WN,ATL,BWI,577
2023-02-04 22:54:00,2023-02-04 22:42:00,-1 days +23:48:00,False,Sat,9E,ATL,XNA,589
2023-08-29 20:14:00,2023-08-29 22:19:00,0 days 02:05:00,True,Tue,DL,ATL,SAT,874
2023-08-03 10:10:00,2023-08-03 10:49:00,0 days 00:39:00,True,Thu,DL,ATL,GSO,306
2023-12-19 15:50:00,2023-12-19 16:16:00,0 days 00:26:00,True,Tue,NK,ATL,FLL,581
2023-12-14 14:45:00,2023-12-14 14:44:00,-1 days +23:59:00,False,Thu,9E,ATL,CHA,106
2023-12-01 16:21:00,2023-12-01 16:18:00,-1 days +23:57:00,False,Fri,DL,ATL,ECP,240
2023-04-13 16:50:00,2023-04-13 16:47:00,-1 days +23:57:00,False,Thu,DL,ATL,BHM,134
2023-09-12 14:32:00,2023-09-12 14:27:00,-1 days +23:55:00,False,Tue,F9,ATL,CVG,373
2023-08-31 18:38:00,2023-08-31 18:35:00,-1 days +23:57:00,False,Thu,DL,ATL,PHX,1587
2023-03-01 21:55:00,2023-03-01 21:55:00,0 days 00:00:00,False,Wed,WN,ATL,MDW,591
2023-05-05 06:15:00,2023-05-05 06:09:00,-1 days +23:54:00,False,Fri,WN,ATL,BWI,577
2023-11-24 15:30:00,2023-11-24 15:21:00,-1 days +23:51:00,False,Fri,OH,ATL,CLT,226
2023-05-04 10:55:00,2023-05-04 11:01:00,0 days 00:06:00,False,Thu,AA,ATL,CLT,226
2023-07-01 15:30:00,2023-07-01 15:57:00,0 days 00:27:00,True,Sat,WN,ATL,LGA,762
2023-11-04 17:55:00,2023-11-04 17:54:00,-1 days +23:59:00,False,Sat,DL,ATL,SLC,1590
2023-01-02 14:02:00,2023-01-02 16:19:00,0 days 02:17:00,True,Mon,OO,ATL,BMI,533
2023-11-17 05:30:00,2023-11-17 05:28:00,-1 days +23:58:00,False,Fri,NK,ATL,EWR,746
2023-06-30 08:55:00,2023-06-30 09:15:00,0 days 00:20:00,True,Fri,DL,ATL,EWR,746
2023-05-02 12:55:00,2023-05-02 12:52:00,-1 days +23:57:00,False,Tue,WN,ATL,DAL,721
2023-09-16 19:49:00,2023-09-16 20:05:00,0 days 00:16:00,True,Sat,DL,ATL,AUS,813
2023-09-17 14:46:00,2023-09-17 14:41:00,-1 days +23:55:00,False,Sun,DL,ATL,TUL,674
2023-11-13 15:20:00,2023-11-13 15:17:00,-1 days +23:57:00,False,Mon,B6,ATL,FLL,581
2023-09-29 11:00:00,2023-09-29 11:08:00,0 days 00:08:00,False,Fri,WN,ATL,TPA,406
2023-02-05 15:35:00,2023-02-05 15:35:00,0 days 00:00:00,False,Sun,DL,ATL,LAX,1947
2023-02-05 14:10:00,2023-02-05 14:05:00,-1 days +23:55:00,False,Sun,DL,ATL,RDU,356
2023-02-09 10:55:00,2023-02-09 10:48:00,-1 days +23:53:00,False,Thu,B6,ATL,BOS,946
2023-02-16 15:30:00,2023-02-16 16:00:00,0 days 00:30:00,True,Thu,DL,ATL,EWR,746
2023-01-02 22:10:00,2023-01-03 00:07:00,0 days 01:57:00,True,Tue,WN,ATL,MCO,404
2023-09-28 08:01:00,2023-09-28 07:52:00,-1 days +23:51:00,False,Thu,AA,ATL,PHX,1587
2023-05-13 22:45:00,2023-05-14 00:37:00,0 days 01:52:00,True,Sun,WN,ATL,FLL,581
2023-09-02 08:20:00,2023-09-02 08:20:00,0 days 00:00:00,False,Sat,DL,ATL,MCO,404
2023-03-26 09:41:00,2023-03-26 10:15:00,0 days 00:34:00,True,Sun,DL,ATL,STT,1599
2023-03-01 20:54:00,2023-03-01 21:01:00,0 days 00:07:00,False,Wed,F9,ATL,PHX,1587
2023-06-09 15:59:00,2023-06-09 16:06:00,0 days 00:07:00,False,Fri,DL,ATL,ORD,606
2023-06-07 19:40:00,2023-06-07 22:15:00,0 days 02:35:00,True,Wed,F9,ATL,LGA,762
2023-07-13 07:30:00,2023-07-13 07:34:00,0 days 00:04:00,False,Thu,DL,ATL,IAD,534
2023-02-24 09:44:00,2023-02-24 09:42:00,-1 days +23:58:00,False,Fri,DL,ATL,TLH,223
2023-01-05 14:00:00,2023-01-05 14:10:00,0 days 00:10:00,False,Thu,DL,ATL,DTW,594
2023-08-11 22:50:00,2023-08-12 00:47:00,0 days 01:57:00,True,Sat,DL,ATL,JAX,270
2023-05-09 08:15:00,2023-05-09 08:18:00,0 days 00:03:00,False,Tue,DL,ATL,SEA,2182
2023-05-05 16:02:00,2023-05-05 15:59:00,-1 days +23:57:00,False,Fri,DL,ATL,RDU,356
2023-12-19 22:10:00,2023-12-19 22:09:00,-1 days +23:59:00,False,Tue,DL,ATL,FSD,954
2023-12-11 22:35:00,2023-12-11 22:31:00,-1 days +23:56:00,False,Mon,DL,ATL,SAT,874
2023-10-14 20:15:00,2023-10-14 20:24:00,0 days 00:09:00,False,Sat,DL,ATL,DTW,594
2023-12-12 07:01:00,2023-12-12 06:58:00,-1 days +23:57:00,False,Tue,YX,ATL,DCA,547
2023-12-06 15:10:00,2023-12-06 15:09:00,-1 days +23:59:00,False,Wed,DL,ATL,BNA,214
2023-07-19 11:34:00,2023-07-19 11:58:00,0 days 00:24:00,True,Wed,OO,ATL,AGS,143
2023-04-11 10:15:00,2023-04-11 10:14:00,-1 days +23:59:00,False,Tue,DL,ATL,RIC,481
2023-03-09 12:05:00,2023-03-09 12:04:00,-1 days +23:59:00,False,Thu,DL,ATL,LGA,762
2023-12-07 20:00:00,2023-12-07 20:56:00,0 days 00:56:00,True,Thu,NK,ATL,LAS,1747
2023-12-06 14:00:00,2023-12-06 13:59:00,-1 days +23:59:00,False,Wed,DL,ATL,PHX,1587
2023-01-31 19:40:00,2023-01-31 20:00:00,0 days 00:20:00,True,Tue,DL,ATL,MIA,594
2023-10-12 08:10:00,2023-10-12 08:11:00,0 days 00:01:00,False,Thu,DL,ATL,PHX,1587
2023-12-07 08:45:00,2023-12-07 09:14:00,0 days 00:29:00,True,Thu,WN,ATL,MCO,404
2023-08-14 10:15:00,2023-08-14 10:19:00,0 days 00:04:00,False,Mon,DL,ATL,PVD,903
2023-06-07 07:21:00,2023-06-07 07:16:00,-1 days +23:55:00,False,Wed,OO,ATL,HPN,780
2023-10-28 12:35:00,2023-10-28 12:32:00,-1 days +23:57:00,False,Sat,DL,ATL,MSN,707
2023-06-24 19:30:00,2023-06-24 20:11:00,0 days 00:41:00,True,Sat,DL,ATL,MCO,404
2023-07-31 20:44:00,2023-07-31 20:56:00,0 days 00:12:00,False,Mon,DL,ATL,LIT,453
2023-04-14 15:31:00,2023-04-14 15:28:00,-1 days +23:57:00,False,Fri,DL,ATL,MYR,317
2023-11-27 07:00:00,2023-11-27 06:57:00,-1 days +23:57:00,False,Mon,DL,ATL,LGA,762
2023-06-20 12:45:00,2023-06-20 12:42:00,-1 days +23:57:00,False,Tue,NK,ATL,CLE,554
2023-09-09 21:53:00,2023-09-09 22:29:00,0 days 00:36:00,True,Sat,DL,ATL,MDT,620
2023-07-15 12:58:00,2023-07-15 13:06:00,0 days 00:08:00,False,Sat,DL,ATL,DFW,731
2023-03-13 08:40:00,2023-03-13 09:14:00,0 days 00:34:00,True,Mon,WN,ATL,MCI,692
2023-03-17 17:45:00,2023-03-17 17:43:00,-1 days +23:58:00,False,Fri,DL,ATL,FLL,581
2023-09-27 09:49:00,2023-09-27 09:45:00,-1 days +23:56:00,False,Wed,DL,ATL,PBI,545
2023-08-18 16:16:00,2023-08-18 16:41:00,0 days 00:25:00,True,Fri,DL,ATL,MYR,317
2023-01-01 14:50:00,2023-01-01 14:56:00,0 days 00:06:00,False,Sun,WN,ATL,LGA,762
2023-07-12 08:25:00,2023-07-12 08:24:00,-1 days +23:59:00,False,Wed,WN,ATL,MKE,669
2023-03-13 22:44:00,2023-03-13 22:52:00,0 days 00:08:00,False,Mon,DL,ATL,MSN,707
2023-08-10 09:40:00,2023-08-10 10:12:00,0 days 00:32:00,True,Thu,DL,ATL,SAV,214
2023-10-16 15:31:00,2023-10-16 15:28:00,-1 days +23:57:00,False,Mon,DL,ATL,DFW,731
2023-09-27 16:32:00,2023-09-27 16:27:00,-1 days +23:55:00,False,Wed,UA,ATL,DEN,1199
2023-09-16 15:05:00,2023-09-16 15:01:00,-1 days +23:56:00,False,Sat,DL,ATL,GNV,300
2023-03-05 09:10:00,2023-03-05 09:15:00,0 days 00:05:00,False,Sun,DL,ATL,JAX,270
2023-03-01 12:30:00,2023-03-01 13:19:00,0 days 00:49:00,True,Wed,DL,ATL,AUS,813
2023-11-23 18:19:00,2023-11-23 18:05:00,-1 days +23:46:00,False,Thu,DL,ATL,BWI,577
2023-10-27 16:05:00,2023-10-27 16:31:00,0 days 00:26:00,True,Fri,WN,ATL,STL,484
2023-08-24 17:54:00,2023-08-24 18:13:00,0 days 00:19:00,True,Thu,DL,ATL,MSP,907
2023-03-30 16:40:00,2023-03-30 16:48:00,0 days 00:08:00,False,Thu,DL,ATL,MCO,404
2023-02-13 21:00:00,2023-02-13 20:52:00,-1 days +23:52:00,False,Mon,WN,ATL,BNA,214
2023-11-22 16:23:00,2023-11-22 16:21:00,-1 days +23:58:00,False,Wed,DL,ATL,PHL,666
2023-04-11 09:30:00,2023-04-11 09:30:00,0 days 00:00:00,False,Tue,DL,ATL,DFW,731
2023-02-09 18:30:00,2023-02-09 18:27:00,-1 days +23:57:00,False,Thu,DL,ATL,PIT,526
2023-12-11 14:50:00,2023-12-11 14:44:00,-1 days +23:54:00,False,Mon,OO,ATL,ABY,145
2023-02-16 14:00:00,2023-02-16 14:03:00,0 days 00:03:00,False,Thu,DL,ATL,IAD,534
2023-10-04 15:30:00,2023-10-04 15:29:00,-1 days +23:59:00,False,Wed,DL,ATL,LGA,762
2023-09-09 18:15:00,2023-09-09 18:35:00,0 days 00:20:00,True,Sat,DL,ATL,MCI,692
2023-05-09 10:35:00,2023-05-09 10:45:00,0 days 00:10:00,False,Tue,DL,ATL,IAH,689
2023-10-15 21:32:00,2023-10-15 21:39:00,0 days 00:07:00,False,Sun,NK,ATL,LAS,1747
2023-09-25 20:55:00,2023-09-25 20:58:00,0 days 00:03:00,False,Mon,DL,ATL,PHL,666
2023-08-09 18:05:00,2023-08-09 18:03:00,-1 days +23:58:00,False,Wed,OO,ATL,AGS,143
2023-02-13 11:55:00,2023-02-13 11:53:00,-1 days +23:58:00,False,Mon,WN,ATL,DAL,721
2023-01-29 13:52:00,2023-01-29 13:48:00,-1 days +23:56:00,False,Sun,DL,ATL,RIC,481
2023-12-20 08:20:00,2023-12-20 08:18:00,-1 days +23:58:00,False,Wed,DL,ATL,CVG,373
2023-08-14 19:25:00,2023-08-14 20:36:00,0 days 01:11:00,True,Mon,WN,ATL,LAS,1747
2023-03-16 19:15:00,2023-03-16 19:18:00,0 days 00:03:00,False,Thu,DL,ATL,LGA,762
2023-01-19 21:10:00,2023-01-19 21:08:00,-1 days +23:58:00,False,Thu,DL,ATL,GRB,774
2023-02-10 09:42:00,2023-02-10 09:59:00,0 days 00:17:00,True,Fri,F9,ATL,MCO,404
2023-05-05 21:23:00,2023-05-05 21:18:00,-1 days +23:55:00,False,Fri,DL,ATL,FSD,954
2023-08-29 18:35:00,2023-08-29 18:32:00,-1 days +23:57:00,False,Tue,DL,ATL,MCO,404
2023-01-27 21:25:00,2023-01-27 21:26:00,0 days 00:01:00,False,Fri,WN,ATL,MIA,594
2023-05-14 09:13:00,2023-05-14 09:27:00,0 days 00:14:00,False,Sun,DL,ATL,BNA,214
2023-09-13 17:59:00,2023-09-13 18:36:00,0 days 00:37:00,True,Wed,DL,ATL,JAC,1572
2023-11-12 07:05:00,2023-11-12 07:02:00,-1 days +23:57:00,False,Sun,DL,ATL,IAH,689
2023-08-24 23:00:00,2023-08-24 23:21:00,0 days 00:21:00,True,Thu,DL,ATL,LAX,1947
2023-04-11 17:11:00,2023-04-11 17:05:00,-1 days +23:54:00,False,Tue,DL,ATL,AUS,813
2023-01-13 17:00:00,2023-01-13 17:00:00,0 days 00:00:00,False,Fri,DL,ATL,BWI,577
2023-09-15 22:40:00,2023-09-15 22:46:00,0 days 00:06:00,False,Fri,DL,ATL,BWI,577
2023-01-06 09:55:00,2023-01-06 09:53:00,-1 days +23:58:00,False,Fri,WN,ATL,MDW,591
2023-01-24 18:45:00,2023-01-24 18:44:00,-1 days +23:59:00,False,Tue,DL,ATL,JFK,760
2023-02-01 16:16:00,2023-02-01 17:27:00,0 days 01:11:00,True,Wed,F9,ATL,DEN,1199
2023-06-09 23:30:00,2023-06-09 23:48:00,0 days 00:18:00,True,Fri,DL,ATL,MCO,404
2023-05-30 10:15:00,2023-05-30 10:13:00,-1 days +23:58:00,False,Tue,DL,ATL,SLC,1590
2023-03-17 16:55:00,2023-03-17 16:57:00,0 days 00:02:00,False,Fri,WN,ATL,DAL,721
2023-04-06 22:30:00,2023-04-06 22:24:00,-1 days +23:54:00,False,Thu,DL,ATL,ROC,749
2023-04-01 08:29:00,2023-04-01 08:26:00,-1 days +23:57:00,False,Sat,DL,ATL,JAN,341
2023-01-05 12:19:00,2023-01-05 12:21:00,0 days 00:02:00,False,Thu,DL,ATL,RSW,515
2023-11-04 08:24:00,2023-11-04 08:22:00,-1 days +23:58:00,False,Sat,DL,ATL,CVG,373
2023-09-01 19:20:00,2023-09-01 19:21:00,0 days 00:01:00,False,Fri,DL,ATL,SJU,1547
2023-10-29 16:27:00,2023-10-29 16:22:00,-1 days +23:55:00,False,Sun,DL,ATL,CHS,259
2023-09-13 14:15:00,2023-09-13 14:12:00,-1 days +23:57:00,False,Wed,9E,ATL,CRW,363
2023-04-21 12:42:00,2023-04-21 12:40:00,-1 days +23:58:00,False,Fri,DL,ATL,PBI,545
2023-07-23 19:55:00,2023-07-23 19:53:00,-1 days +23:58:00,False,Sun,DL,ATL,RDU,356
2023-11-06 13:16:00,2023-11-06 13:14:00,-1 days +23:58:00,False,Mon,DL,ATL,PNS,271
2023-07-31 14:58:00,2023-07-31 14:55:00,-1 days +23:57:00,False,Mon,DL,ATL,VPS,250
2023-01-25 20:15:00,2023-01-25 20:48:00,0 days 00:33:00,True,Wed,DL,ATL,DFW,731
2023-04-19 19:30:00,2023-04-19 19:44:00,0 days 00:14:00,False,Wed,DL,ATL,ECP,240
2023-02-26 20:45:00,2023-02-26 21:25:00,0 days 00:40:00,True,Sun,OO,ATL,ABE,692
2023-11-15 15:06:00,2023-11-15 15:03:00,-1 days +23:57:00,False,Wed,AA,ATL,DFW,731
2023-03-22 08:25:00,2023-03-22 08:19:00,-1 days +23:54:00,False,Wed,DL,ATL,VPS,250
2023-09-13 10:40:00,2023-09-13 10:40:00,0 days 00:00:00,False,Wed,WN,ATL,PIT,526
2023-09-25 10:00:00,2023-09-25 10:41:00,0 days 00:41:00,True,Mon,WN,ATL,AUS,813
2023-05-05 17:11:00,2023-05-05 18:19:00,0 days 01:08:00,True,Fri,DL,ATL,AUS,813
2023-02-22 09:53:00,2023-02-22 10:00:00,0 days 00:07:00,False,Wed,DL,ATL,LAX,1947
2023-09-16 12:55:00,2023-09-16 13:10:00,0 days 00:15:00,False,Sat,9E,ATL,SHV,551
2023-10-01 22:35:00,2023-10-01 23:29:00,0 days 00:54:00,True,Sun,DL,ATL,MCI,692
2023-07-10 11:39:00,2023-07-10 11:53:00,0 days 00:14:00,False,Mon,B6,ATL,LGA,762
2023-11-10 10:39:00,2023-11-10 10:31:00,-1 days +23:52:00,False,Fri,DL,ATL,PNS,271
2023-02-08 07:20:00,2023-02-08 07:35:00,0 days 00:15:00,False,Wed,DL,ATL,MSY,425
2023-03-15 07:39:00,2023-03-15 07:36:00,-1 days +23:57:00,False,Wed,DL,ATL,BWI,577
2023-10-26 11:07:00,2023-10-26 10:59:00,-1 days +23:52:00,False,Thu,AA,ATL,DCA,547
2023-07-18 19:29:00,2023-07-18 19:29:00,0 days 00:00:00,False,Tue,DL,ATL,PDX,2172
2023-10-11 22:41:00,2023-10-11 22:41:00,0 days 00:00:00,False,Wed,DL,ATL,DEN,1199
2023-09-06 11:15:00,2023-09-06 11:52:00,0 days 00:37:00,True,Wed,DL,ATL,SYR,794
2023-11-26 13:25:00,2023-11-26 13:30:00,0 days 00:05:00,False,Sun,WN,ATL,MCI,692
2023-05-17 12:59:00,2023-05-17 12:57:00,-1 days +23:58:00,False,Wed,DL,ATL,CLT,226
2023-05-29 15:30:00,2023-05-29 15:44:00,0 days 00:14:00,False,Mon,DL,ATL,XNA,589
2023-07-30 09:00:00,2023-07-30 08:56:00,-1 days +23:56:00,False,Sun,WN,ATL,LIT,453
2023-01-24 06:30:00,2023-01-24 06:29:00,-1 days +23:59:00,False,Tue,DL,ATL,MCO,404
2023-01-19 16:20:00,2023-01-19 16:24:00,0 days 00:04:00,False,Thu,DL,ATL,LGA,762
2023-03-14 15:23:00,2023-03-14 15:17:00,-1 days +23:54:00,False,Tue,DL,ATL,EYW,646
2023-10-11 07:00:00,2023-10-11 06:55:00,-1 days +23:55:00,False,Wed,WN,ATL,HOU,696
2023-05-07 19:52:00,2023-05-07 19:49:00,-1 days +23:57:00,False,Sun,DL,ATL,IND,432
2023-01-18 18:56:00,2023-01-18 19:10:00,0 days 00:14:00,False,Wed,F9,ATL,PHL,666
2023-11-22 21:30:00,2023-11-22 21:38:00,0 days 00:08:00,False,Wed,DL,ATL,LGA,762
2023-05-10 09:18:00,2023-05-10 09:16:00,-1 days +23:58:00,False,Wed,DL,ATL,MYR,317
2023-04-16 12:59:00,2023-04-16 12:56:00,-1 days +23:57:00,False,Sun,DL,ATL,DFW,731
2023-07-09 23:00:00,2023-07-09 23:58:00,0 days 00:58:00,True,Sun,DL,ATL,RSW,515
2023-04-28 22:17:00,2023-04-28 22:16:00,-1 days +23:59:00,False,Fri,DL,ATL,DCA,547
2023-12-29 09:55:00,2023-12-29 09:55:00,0 days 00:00:00,False,Fri,DL,ATL,HNL,4502
2023-12-15 20:59:00,2023-12-15 20:57:00,-1 days +23:58:00,False,Fri,DL,ATL,MIA,594
2023-05-26 16:14:00,2023-05-26 17:37:00,0 days 01:23:00,True,Fri,B6,ATL,JFK,760
2023-01-28 10:20:00,2023-01-28 10:17:00,-1 days +23:57:00,False,Sat,OO,ATL,FWA,508
2023-10-02 19:40:00,2023-10-02 20:45:00,0 days 01:05:00,True,Mon,WN,ATL,PIT,526
2023-12-06 09:30:00,2023-12-06 09:29:00,-1 days +23:59:00,False,Wed,NK,ATL,FLL,581
2023-05-20 06:30:00,2023-05-20 06:23:00,-1 days +23:53:00,False,Sat,WN,ATL,TPA,406
2023-01-01 09:55:00,2023-01-01 10:15:00,0 days 00:20:00,True,Sun,DL,ATL,ONT,1900
2023-01-06 08:55:00,2023-01-06 09:25:00,0 days 00:30:00,True,Fri,DL,ATL,JAX,270
2023-08-10 09:07:00,2023-08-10 09:03:00,-1 days +23:56:00,False,Thu,NK,ATL,MSP,907
2023-11-05 13:45:00,2023-11-05 13:38:00,-1 days +23:53:00,False,Sun,DL,ATL,MYR,317
2023-03-20 22:25:00,2023-03-20 22:38:00,0 days 00:13:00,False,Mon,DL,ATL,FLL,581
2023-03-14 18:15:00,2023-03-14 18:26:00,0 days 00:11:00,False,Tue,WN,ATL,DEN,1199
2023-08-06 22:55:00,2023-08-06 23:41:00,0 days 00:46:00,True,Sun,WN,ATL,PHL,666
2023-12-12 22:45:00,2023-12-12 22:40:00,-1 days +23:55:00,False,Tue,DL,ATL,EWR,746
2023-03-26 16:49:00,2023-03-26 18:15:00,0 days 01:26:00,True,Sun,AA,ATL,MIA,594
2023-09-30 20:54:00,2023-09-30 20:53:00,-1 days +23:59:00,False,Sat,9E,ATL,BHM,134
2023-09-30 16:45:00,2023-09-30 16:44:00,-1 days +23:59:00,False,Sat,DL,ATL,CVG,373
2023-10-08 22:54:00,2023-10-08 22:57:00,0 days 00:03:00,False,Sun,DL,ATL,GPT,352
2023-01-25 05:05:00,2023-01-25 04:57:00,-1 days +23:52:00,False,Wed,F9,ATL,DFW,731
2023-12-16 16:00:00,2023-12-16 16:05:00,0 days 00:05:00,False,Sat,DL,ATL,LAS,1747
2023-07-15 08:55:00,2023-07-15 09:07:00,0 days 00:12:00,False,Sat,DL,ATL,RDU,356
2023-12-16 17:04:00,2023-12-16 17:37:00,0 days 00:33:00,True,Sat,B6,ATL,JFK,760
2023-09-01 23:18:00,2023-09-01 23:12:00,-1 days +23:54:00,False,Fri,DL,ATL,CHS,259
2023-04-03 06:25:00,2023-04-03 06:25:00,0 days 00:00:00,False,Mon,WN,ATL,MCO,404
2023-08-10 20:55:00,2023-08-10 21:12:00,0 days 00:17:00,True,Thu,DL,ATL,DFW,731
2023-11-30 09:47:00,2023-11-30 09:44:00,-1 days +23:57:00,False,Thu,DL,ATL,HPN,780
2023-06-27 16:21:00,2023-06-27 16:50:00,0 days 00:29:00,True,Tue,DL,ATL,DCA,547
2023-05-16 08:30:00,2023-05-16 08:22:00,-1 days +23:52:00,False,Tue,9E,ATL,AEX,500
2023-11-30 10:40:00,2023-11-30 10:36:00,-1 days +23:56:00,False,Thu,DL,ATL,FLL,581
2023-02-26 08:03:00,2023-02-26 08:57:00,0 days 00:54:00,True,Sun,DL,ATL,GSP,153
2023-06-30 09:50:00,2023-06-30 09:44:00,-1 days +23:54:00,False,Fri,DL,ATL,SAT,874
2023-04-27 06:05:00,2023-04-27 06:00:00,-1 days +23:55:00,False,Thu,DL,ATL,FLL,581
2023-07-16 19:55:00,2023-07-16 20:17:00,0 days 00:22:00,True,Sun,DL,ATL,SLC,1590
2023-04-24 22:47:00,2023-04-24 22:49:00,0 days 00:02:00,False,Mon,DL,ATL,DFW,731
2023-12-16 22:45:00,2023-12-16 22:39:00,-1 days +23:54:00,False,Sat,DL,ATL,ORD,606
2023-05-13 09:00:00,2023-05-13 08:57:00,-1 days +23:57:00,False,Sat,DL,ATL,EYW,646
2023-01-14 12:00:00,2023-01-14 12:15:00,0 days 00:15:00,False,Sat,DL,ATL,SEA,2182
2023-10-27 16:28:00,2023-10-27 17:48:00,0 days 01:20:00,True,Fri,AA,ATL,DFW,731
2023-04-07 08:45:00,2023-04-07 08:39:00,-1 days +23:54:00,False,Fri,WN,ATL,OKC,761
2023-11-12 08:00:00,2023-11-12 08:16:00,0 days 00:16:00,True,Sun,AA,ATL,MIA,594
2023-01-03 15:37:00,2023-01-03 15:44:00,0 days 00:07:00,False,Tue,DL,ATL,ECP,240
2023-07-16 16:47:00,2023-07-16 19:58:00,0 days 03:11:00,True,Sun,OO,ATL,TRI,227
2023-09-29 10:12:00,2023-09-29 10:09:00,-1 days +23:57:00,False,Fri,DL,ATL,LAS,1747
2023-11-04 13:59:00,2023-11-04 13:54:00,-1 days +23:55:00,False,Sat,DL,ATL,PIT,526
2023-04-09 14:50:00,2023-04-09 15:02:00,0 days 00:12:00,False,Sun,WN,ATL,HOU,696
2023-01-13 16:01:00,2023-01-13 16:15:00,0 days 00:14:00,False,Fri,DL,ATL,JAN,341
2023-11-24 08:55:00,2023-11-24 08:49:00,-1 days +23:54:00,False,Fri,DL,ATL,MCI,692
2023-10-06 22:38:00,2023-10-06 22:46:00,0 days 00:08:00,False,Fri,DL,ATL,PNS,271
2023-01-07 20:45:00,2023-01-07 20:42:00,-1 days +23:57:00,False,Sat,DL,ATL,CID,694
2023-01-16 10:20:00,2023-01-16 10:19:00,-1 days +23:59:00,False,Mon,DL,ATL,PHL,666
2023-08-15 15:44:00,2023-08-15 16:03:00,0 days 00:19:00,True,Tue,DL,ATL,IAH,689
2023-08-22 21:24:00,2023-08-22 21:21:00,-1 days +23:57:00,False,Tue,DL,ATL,ONT,1900
2023-12-14 12:35:00,2023-12-14 12:31:00,-1 days +23:56:00,False,Thu,DL,ATL,DAY,432
2023-08-07 19:35:00,2023-08-07 20:06:00,0 days 00:31:00,True,Mon,AS,ATL,SEA,2182
2023-06-11 13:51:00,2023-06-11 14:27:00,0 days 00:36:00,True,Sun,DL,ATL,CHS,259
2023-05-27 11:23:00,2023-05-27 11:43:00,0 days 00:20:00,True,Sat,DL,ATL,AUS,813
2023-01-17 09:04:00,2023-01-17 09:30:00,0 days 00:26:00,True,Tue,DL,ATL,EWR,746
2023-05-01 10:30:00,2023-05-01 10:30:00,0 days 00:00:00,False,Mon,DL,ATL,MCO,404
2023-05-22 08:40:00,2023-05-22 08:51:00,0 days 00:11:00,False,Mon,DL,ATL,MSP,907
2023-06-11 22:40:00,2023-06-11 22:40:00,0 days 00:00:00,False,Sun,DL,ATL,BHM,134
2023-11-22 17:23:00,2023-11-22 17:17:00,-1 days +23:54:00,False,Wed,DL,ATL,TPA,406
2023-11-06 16:20:00,2023-11-06 16:35:00,0 days 00:15:00,False,Mon,DL,ATL,CHS,259
2023-06-03 09:30:00,2023-06-03 09:50:00,0 days 00:20:00,True,Sat,DL,ATL,MCO,404
2023-02-26 09:25:00,2023-02-26 09:23:00,-1 days +23:58:00,False,Sun,WN,ATL,SAT,874
2023-11-22 18:35:00,2023-11-22 18:43:00,0 days 00:08:00,False,Wed,WN,ATL,IND,432
2023-01-12 09:55:00,2023-01-12 09:49:00,-1 days +23:54:00,False,Thu,DL,ATL,ORF,516
2023-12-14 16:05:00,2023-12-14 16:01:00,-1 days +23:56:00,False,Thu,WN,ATL,GSP,153
2023-01-27 21:56:00,2023-01-27 23:30:00,0 days 01:34:00,True,Fri,DL,ATL,CAE,192
2023-03-18 16:50:00,2023-03-18 17:50:00,0 days 01:00:00,True,Sat,NK,ATL,FLL,581
2023-05-25 11:10:00,2023-05-25 11:09:00,-1 days +23:59:00,False,Thu,DL,ATL,STT,1599
2023-06-19 12:40:00,2023-06-19 12:51:00,0 days 00:11:00,False,Mon,DL,ATL,JAX,270
2023-02-02 08:39:00,2023-02-02 08:38:00,-1 days +23:59:00,False,Thu,DL,ATL,MSP,907
2023-05-12 11:00:00,2023-05-12 11:08:00,0 days 00:08:00,False,Fri,DL,ATL,BOS,946
2023-03-28 15:30:00,2023-03-28 15:35:00,0 days 00:05:00,False,Tue,DL,ATL,CAE,192
2023-10-21 16:41:00,2023-10-21 16:30:00,-1 days +23:49:00,False,Sat,DL,ATL,LEX,304
2023-04-13 14:05:00,2023-04-13 14:00:00,-1 days +23:55:00,False,Thu,DL,ATL,HSV,151
2023-11-24 11:00:00,2023-11-24 11:00:00,0 days 00:00:00,False,Fri,WN,ATL,DCA,547
2023-02-22 11:00:00,2023-02-22 10:54:00,-1 days +23:54:00,False,Wed,9E,ATL,ABY,145
2023-08-01 10:25:00,2023-08-01 10:20:00,-1 days +23:55:00,False,Tue,NK,ATL,FLL,581
2023-02-07 16:55:00,2023-02-07 16:52:00,-1 days +23:57:00,False,Tue,DL,ATL,PBI,545
2023-05-11 07:15:00,2023-05-11 07:13:00,-1 days +23:58:00,False,Thu,DL,ATL,IND,432
2023-10-05 11:05:00,2023-10-05 11:04:00,-1 days +23:59:00,False,Thu,DL,ATL,MIA,594
2023-04-08 12:59:00,2023-04-08 13:51:00,0 days 00:52:00,True,Sat,DL,ATL,ORD,606
2023-10-05 21:15:00,2023-10-05 21:14:00,-1 days +23:59:00,False,Thu,DL,ATL,SFO,2139
2023-09-08 10:05:00,2023-09-08 10:37:00,0 days 00:32:00,True,Fri,DL,ATL,ORD,606
2023-06-25 18:47:00,2023-06-25 19:15:00,0 days 00:28:00,True,Sun,B6,ATL,JFK,760
2023-12-25 11:41:00,2023-12-25 11:58:00,0 days 00:17:00,True,Mon,NK,ATL,EWR,746
2023-01-15 13:55:00,2023-01-15 13:55:00,0 days 00:00:00,False,Sun,WN,ATL,FLL,581
2023-06-01 22:50:00,2023-06-01 23:32:00,0 days 00:42:00,True,Thu,DL,ATL,LAX,1947
2023-02-26 10:07:00,2023-02-26 10:12:00,0 days 00:05:00,False,Sun,DL,ATL,SAV,214
2023-01-30 06:15:00,2023-01-30 06:11:00,-1 days +23:56:00,False,Mon,WN,ATL,DEN,1199
2023-12-11 16:05:00,2023-12-11 16:02:00,-1 days +23:57:00,False,Mon,WN,ATL,AUS,813
2023-02-26 21:50:00,2023-02-26 21:59:00,0 days 00:09:00,False,Sun,WN,ATL,JAX,270
2023-09-04 16:00:00,2023-09-04 15:59:00,-1 days +23:59:00,False,Mon,WN,ATL,RIC,481
2023-10-29 16:23:00,2023-10-29 16:26:00,0 days 00:03:00,False,Sun,DL,ATL,FLL,581
2023-07-04 20:05:00,2023-07-04 20:06:00,0 days 00:01:00,False,Tue,WN,ATL,JAN,341
2023-06-27 22:30:00,2023-06-27 22:32:00,0 days 00:02:00,False,Tue,DL,ATL,DAB,366
2023-07-09 19:51:00,2023-07-09 20:09:00,0 days 00:18:00,True,Sun,DL,ATL,RIC,481
2023-07-06 12:04:00,2023-07-06 12:03:00,-1 days +23:59:00,False,Thu,9E,ATL,CSG,83
2023-08-10 16:00:00,2023-08-10 16:10:00,0 days 00:10:00,False,Thu,DL,ATL,BOS,946
2023-04-24 14:35:00,2023-04-24 14:35:00,0 days 00:00:00,False,Mon,WN,ATL,JAN,341
2023-07-21 15:58:00,2023-07-21 16:27:00,0 days 00:29:00,True,Fri,DL,ATL,DFW,731
2023-10-22 16:25:00,2023-10-22 16:18:00,-1 days +23:53:00,False,Sun,DL,ATL,MSN,707
2023-06-20 20:10:00,2023-06-20 20:00:00,-1 days +23:50:00,False,Tue,DL,ATL,JAN,341
2023-10-14 08:28:00,2023-10-14 08:23:00,-1 days +23:55:00,False,Sat,DL,ATL,ORF,516
2023-10-17 20:10:00,2023-10-17 20:09:00,-1 days +23:59:00,False,Tue,DL,ATL,PBI,545
2023-05-27 10:00:00,2023-05-27 10:06:00,0 days 00:06:00,False,Sat,DL,ATL,MDT,620
2023-10-26 20:11:00,2023-10-26 20:06:00,-1 days +23:55:00,False,Thu,9E,ATL,VLD,208
2023-05-03 20:05:00,2023-05-03 20:05:00,0 days 00:00:00,False,Wed,WN,ATL,MDW,591
2023-05-22 13:47:00,2023-05-22 13:42:00,-1 days +23:55:00,False,Mon,DL,ATL,GRR,640
2023-02-07 22:29:00,2023-02-07 22:26:00,-1 days +23:57:00,False,Tue,DL,ATL,BUF,712
2023-05-15 06:00:00,2023-05-15 06:04:00,0 days 00:04:00,False,Mon,F9,ATL,MDW,591
2023-08-07 21:12:00,2023-08-07 23:04:00,0 days 01:52:00,True,Mon,DL,ATL,SFO,2139
2023-11-06 14:55:00,2023-11-06 14:59:00,0 days 00:04:00,False,Mon,DL,ATL,CLE,554
2023-10-31 21:56:00,2023-10-31 21:53:00,-1 days +23:57:00,False,Tue,DL,ATL,MDT,620
2023-02-27 22:30:00,2023-02-27 22:27:00,-1 days +23:57:00,False,Mon,DL,ATL,DAY,432
2023-04-23 22:15:00,2023-04-23 23:29:00,0 days 01:14:00,True,Sun,WN,ATL,PIT,526
2023-03-16 22:35:00,2023-03-16 22:32:00,-1 days +23:57:00,False,Thu,DL,ATL,SDF,321
2023-02-21 22:05:00,2023-02-21 22:11:00,0 days 00:06:00,False,Tue,DL,ATL,DSM,743
2023-06-14 06:10:00,2023-06-14 06:07:00,-1 days +23:57:00,False,Wed,NK,ATL,MCO,404
2023-03-22 11:05:00,2023-03-22 11:03:00,-1 days +23:58:00,False,Wed,DL,ATL,JAN,341
2023-10-18 05:20:00,2023-10-18 05:12:00,-1 days +23:52:00,False,Wed,NK,ATL,FLL,581
2023-04-27 08:43:00,2023-04-27 08:41:00,-1 days +23:58:00,False,Thu,DL,ATL,LIT,453
2023-01-20 20:39:00,2023-01-20 20:31:00,-1 days +23:52:00,False,Fri,YX,ATL,DCA,547
2023-04-26 22:31:00,2023-04-26 22:54:00,0 days 00:23:00,True,Wed,F9,ATL,MCO,404
2023-01-27 16:01:00,2023-01-27 15:56:00,-1 days +23:55:00,False,Fri,DL,ATL,JAN,341
2023-05-02 22:59:00,2023-05-02 22:52:00,-1 days +23:53:00,False,Tue,DL,ATL,MIA,594
2023-05-11 10:52:00,2023-05-11 10:56:00,0 days 00:04:00,False,Thu,DL,ATL,DTW,594
2023-10-08 21:59:00,2023-10-08 23:31:00,0 days 01:32:00,True,Sun,OO,ATL,BMI,533
2023-11-06 16:00:00,2023-11-06 15:56:00,-1 days +23:56:00,False,Mon,DL,ATL,RDU,356
2023-04-17 22:45:00,2023-04-17 23:57:00,0 days 01:12:00,True,Mon,DL,ATL,SAT,874
2023-08-31 12:08:00,2023-08-31 12:01:00,-1 days +23:53:00,False,Thu,DL,ATL,STL,484
2023-10-27 19:32:00,2023-10-27 19:29:00,-1 days +23:57:00,False,Fri,DL,ATL,CMH,447
2023-08-18 18:32:00,2023-08-18 18:22:00,-1 days +23:50:00,False,Fri,AA,ATL,DFW,731
2023-10-27 22:59:00,2023-10-27 23:12:00,0 days 00:13:00,False,Fri,DL,ATL,MOB,302
2023-07-25 18:33:00,2023-07-25 18:29:00,-1 days +23:56:00,False,Tue,DL,ATL,HPN,780
2023-03-18 11:08:00,2023-03-18 11:03:00,-1 days +23:55:00,False,Sat,DL,ATL,PIT,526
2023-03-11 19:45:00,2023-03-11 20:13:00,0 days 00:28:00,True,Sat,DL,ATL,TPA,406
2023-08-28 09:53:00,2023-08-28 09:50:00,-1 days +23:57:00,False,Mon,DL,ATL,BHM,134
2023-08-23 13:50:00,2023-08-23 13:50:00,0 days 00:00:00,False,Wed,DL,ATL,MCO,404
2023-10-13 13:00:00,2023-10-13 12:59:00,-1 days +23:59:00,False,Fri,WN,ATL,BWI,577
2023-03-20 11:29:00,2023-03-20 11:51:00,0 days 00:22:00,True,Mon,DL,ATL,LAS,1747
2023-02-19 18:59:00,2023-02-19 19:01:00,0 days 00:02:00,False,Sun,DL,ATL,DEN,1199
2023-08-17 06:05:00,2023-08-17 06:08:00,0 days 00:03:00,False,Thu,WN,ATL,LGA,762
2023-08-10 15:54:00,2023-08-10 15:58:00,0 days 00:04:00,False,Thu,DL,ATL,MSP,907
2023-12-23 09:55:00,2023-12-23 09:47:00,-1 days +23:52:00,False,Sat,DL,ATL,HNL,4502
2023-12-20 22:55:00,2023-12-20 23:22:00,0 days 00:27:00,True,Wed,NK,ATL,FLL,581
2023-04-01 22:34:00,2023-04-01 22:43:00,0 days 00:09:00,False,Sat,DL,ATL,MCI,692
2023-08-02 20:20:00,2023-08-02 20:20:00,0 days 00:00:00,False,Wed,NK,ATL,IAH,689
2023-05-08 22:45:00,2023-05-08 22:41:00,-1 days +23:56:00,False,Mon,DL,ATL,OKC,761
2023-03-26 12:57:00,2023-03-26 13:00:00,0 days 00:03:00,False,Sun,DL,ATL,TUS,1541
2023-07-05 17:45:00,2023-07-05 18:16:00,0 days 00:31:00,True,Wed,DL,ATL,MCI,692
2023-10-26 07:30:00,2023-10-26 07:27:00,-1 days +23:57:00,False,Thu,DL,ATL,IAD,534
2023-11-26 23:00:00,2023-11-26 22:56:00,-1 days +23:56:00,False,Sun,DL,ATL,GSP,153
2023-07-20 12:37:00,2023-07-20 13:57:00,0 days 01:20:00,True,Thu,AA,ATL,DFW,731
2023-04-19 08:43:00,2023-04-19 08:42:00,-1 days +23:59:00,False,Wed,DL,ATL,LIT,453
2023-11-15 14:04:00,2023-11-15 14:05:00,0 days 00:01:00,False,Wed,DL,ATL,BHM,134
2023-06-06 14:38:00,2023-06-06 14:35:00,-1 days +23:57:00,False,Tue,DL,ATL,PHX,1587
2023-02-02 20:59:00,2023-02-02 20:53:00,-1 days +23:54:00,False,Thu,DL,ATL,OAJ,399
2023-04-02 09:55:00,2023-04-02 10:20:00,0 days 00:25:00,True,Sun,DL,ATL,SAT,874
2023-06-08 08:55:00,2023-06-08 09:47:00,0 days 00:52:00,True,Thu,DL,ATL,EWR,746
2023-02-07 12:02:00,2023-02-07 11:55:00,-1 days +23:53:00,False,Tue,YX,ATL,LGA,762
2023-05-13 06:30:00,2023-05-13 06:25:00,-1 days +23:55:00,False,Sat,WN,ATL,TPA,406
2023-11-16 12:24:00,2023-11-16 12:18:00,-1 days +23:54:00,False,Thu,DL,ATL,GSP,153
2023-03-18 18:06:00,2023-03-18 18:38:00,0 days 00:32:00,True,Sat,DL,ATL,CAE,192
2023-09-26 15:30:00,2023-09-26 17:16:00,0 days 01:46:00,True,Tue,NK,ATL,MCO,404
2023-09-12 15:25:00,2023-09-12 15:19:00,-1 days +23:54:00,False,Tue,DL,ATL,TLH,223
2023-02-27 15:52:00,2023-02-27 15:51:00,-1 days +23:59:00,False,Mon,9E,ATL,CHO,457
2023-06-09 14:44:00,2023-06-09 14:42:00,-1 days +23:58:00,False,Fri,DL,ATL,RDU,356
2023-09-13 15:44:00,2023-09-13 15:40:00,-1 days +23:56:00,False,Wed,9E,ATL,LFT,503
2023-12-01 15:20:00,2023-12-01 15:22:00,0 days 00:02:00,False,Fri,DL,ATL,XNA,589
2023-03-07 20:59:00,2023-03-07 20:52:00,-1 days +23:53:00,False,Tue,DL,ATL,ONT,1900
2023-07-11 06:00:00,2023-07-11 05:58:00,-1 days +23:58:00,False,Tue,DL,ATL,LGA,762
2023-01-07 08:35:00,2023-01-07 08:37:00,0 days 00:02:00,False,Sat,DL,ATL,PNS,271
2023-12-09 20:00:00,2023-12-09 19:55:00,-1 days +23:55:00,False,Sat,OO,ATL,BQK,238
2023-06-07 13:40:00,2023-06-07 14:15:00,0 days 00:35:00,True,Wed,DL,ATL,MIA,594
2023-10-19 19:32:00,2023-10-19 19:28:00,-1 days +23:56:00,False,Thu,DL,ATL,CMH,447
2023-10-09 22:20:00,2023-10-09 22:17:00,-1 days +23:57:00,False,Mon,WN,ATL,MDW,591
2023-03-13 20:30:00,2023-03-13 21:00:00,0 days 00:30:00,True,Mon,DL,ATL,MCO,404
2023-06-30 09:40:00,2023-06-30 09:50:00,0 days 00:10:00,False,Fri,DL,ATL,DTW,594
2023-11-12 20:08:00,2023-11-12 20:03:00,-1 days +23:55:00,False,Sun,AA,ATL,DFW,731
2023-10-06 18:10:00,2023-10-06 18:07:00,-1 days +23:57:00,False,Fri,DL,ATL,JFK,760
2023-02-14 18:10:00,2023-02-14 18:03:00,-1 days +23:53:00,False,Tue,UA,ATL,DEN,1199
2023-07-28 22:50:00,2023-07-28 23:37:00,0 days 00:47:00,True,Fri,DL,ATL,TUL,674
2023-05-15 09:55:00,2023-05-15 09:53:00,-1 days +23:58:00,False,Mon,DL,ATL,ONT,1900
2023-06-26 12:48:00,2023-06-26 13:25:00,0 days 00:37:00,True,Mon,DL,ATL,DTW,594
2023-06-07 10:20:00,2023-06-07 10:16:00,-1 days +23:56:00,False,Wed,DL,ATL,SDF,321
2023-09-17 12:20:00,2023-09-17 12:19:00,-1 days +23:59:00,False,Sun,DL,ATL,ORF,516
2023-11-18 15:17:00,2023-11-18 15:20:00,0 days 00:03:00,False,Sat,DL,ATL,EWR,746
2023-01-24 15:20:00,2023-01-24 15:15:00,-1 days +23:55:00,False,Tue,9E,ATL,ABY,145
2023-07-29 12:57:00,2023-07-29 13:08:00,0 days 00:11:00,False,Sat,9E,ATL,TYS,152
2023-03-11 18:00:00,2023-03-11 17:56:00,-1 days +23:56:00,False,Sat,DL,ATL,HSV,151
2023-07-26 18:31:00,2023-07-26 18:30:00,-1 days +23:59:00,False,Wed,DL,ATL,DEN,1199
2023-07-09 11:09:00,2023-07-09 14:06:00,0 days 02:57:00,True,Sun,DL,ATL,OAJ,399
2023-11-12 14:55:00,2023-11-12 14:45:00,-1 days +23:50:00,False,Sun,DL,ATL,TPA,406
2023-05-05 23:40:00,2023-05-05 23:48:00,0 days 00:08:00,False,Fri,DL,ATL,MSY,425
2023-12-10 08:10:00,2023-12-10 08:10:00,0 days 00:00:00,False,Sun,DL,ATL,SLC,1590
2023-12-12 08:55:00,2023-12-12 08:55:00,0 days 00:00:00,False,Tue,DL,ATL,FLL,581
2023-06-19 18:35:00,2023-06-19 19:49:00,0 days 01:14:00,True,Mon,NK,ATL,DTW,594
2023-04-11 19:40:00,2023-04-11 19:34:00,-1 days +23:54:00,False,Tue,DL,ATL,GRB,774
2023-01-21 18:15:00,2023-01-21 18:18:00,0 days 00:03:00,False,Sat,DL,ATL,MCI,692
2023-01-31 09:40:00,2023-01-31 09:38:00,-1 days +23:58:00,False,Tue,DL,ATL,BZN,1640
2023-08-03 16:44:00,2023-08-03 16:48:00,0 days 00:04:00,False,Thu,DL,ATL,DAY,432
2023-03-06 21:50:00,2023-03-06 21:40:00,-1 days +23:50:00,False,Mon,WN,ATL,SRQ,444
2023-08-17 14:25:00,2023-08-17 14:25:00,0 days 00:00:00,False,Thu,F9,ATL,RDU,356
2023-04-26 22:46:00,2023-04-26 22:45:00,-1 days +23:59:00,False,Wed,DL,ATL,RIC,481
2023-06-04 08:40:00,2023-06-04 08:36:00,-1 days +23:56:00,False,Sun,DL,ATL,IND,432
2023-04-23 08:17:00,2023-04-23 08:15:00,-1 days +23:58:00,False,Sun,9E,ATL,AGS,143
2023-10-08 16:40:00,2023-10-08 16:38:00,-1 days +23:58:00,False,Sun,DL,ATL,DSM,743
2023-09-22 22:35:00,2023-09-22 22:34:00,-1 days +23:59:00,False,Fri,DL,ATL,BHM,134
2023-06-01 11:15:00,2023-06-01 11:14:00,-1 days +23:59:00,False,Thu,DL,ATL,PBI,545
2023-02-12 18:45:00,2023-02-12 18:41:00,-1 days +23:56:00,False,Sun,DL,ATL,JFK,760
2023-04-19 10:20:00,2023-04-19 10:16:00,-1 days +23:56:00,False,Wed,DL,ATL,MCI,692
2023-02-09 22:21:00,2023-02-09 22:21:00,0 days 00:00:00,False,Thu,DL,ATL,DCA,547
2023-07-26 14:13:00,2023-07-26 15:02:00,0 days 00:49:00,True,Wed,DL,ATL,LAX,1947
2023-03-05 08:24:00,2023-03-05 08:18:00,-1 days +23:54:00,False,Sun,DL,ATL,JAN,341
2023-10-04 06:00:00,2023-10-04 05:51:00,-1 days +23:51:00,False,Wed,UA,ATL,EWR,746
2023-04-12 10:33:00,2023-04-12 10:33:00,0 days 00:00:00,False,Wed,DL,ATL,SAV,214
2023-07-27 21:25:00,2023-07-27 22:18:00,0 days 00:53:00,True,Thu,DL,ATL,BWI,577
2023-06-20 19:25:00,2023-06-20 19:35:00,0 days 00:10:00,False,Tue,DL,ATL,DEN,1199
2023-07-01 20:42:00,2023-07-01 20:34:00,-1 days +23:52:00,False,Sat,F9,ATL,BWI,577
2023-03-31 15:17:00,2023-03-31 15:17:00,0 days 00:00:00,False,Fri,DL,ATL,JAX,270
2023-10-30 22:30:00,2023-10-30 22:25:00,-1 days +23:55:00,False,Mon,DL,ATL,PHL,666
2023-05-06 08:35:00,2023-05-06 08:48:00,0 days 00:13:00,False,Sat,WN,ATL,CLE,554
2023-10-02 18:04:00,2023-10-02 18:00:00,-1 days +23:56:00,False,Mon,DL,ATL,LAS,1747
2023-05-02 10:40:00,2023-05-02 10:36:00,-1 days +23:56:00,False,Tue,WN,ATL,SRQ,444
2023-03-23 19:55:00,2023-03-23 19:54:00,-1 days +23:59:00,False,Thu,WN,ATL,MKE,669
2023-08-09 10:30:00,2023-08-09 10:27:00,-1 days +23:57:00,False,Wed,DL,ATL,DFW,731
2023-04-06 17:08:00,2023-04-06 17:12:00,0 days 00:04:00,False,Thu,DL,ATL,MLB,442
2023-03-02 07:10:00,2023-03-02 07:10:00,0 days 00:00:00,False,Thu,WN,ATL,TPA,406
2023-05-05 20:00:00,2023-05-05 20:16:00,0 days 00:16:00,True,Fri,DL,ATL,JAN,341
2023-07-16 08:35:00,2023-07-16 08:33:00,-1 days +23:58:00,False,Sun,DL,ATL,DAL,721
2023-12-16 11:37:00,2023-12-16 11:35:00,-1 days +23:58:00,False,Sat,DL,ATL,CHA,106
2023-10-08 08:15:00,2023-10-08 08:14:00,-1 days +23:59:00,False,Sun,AA,ATL,MIA,594
2023-01-01 13:40:00,2023-01-01 13:43:00,0 days 00:03:00,False,Sun,DL,ATL,BHM,134
2023-09-10 20:45:00,2023-09-10 21:04:00,0 days 00:19:00,True,Sun,DL,ATL,SAV,214
2023-02-05 15:53:00,2023-02-05 15:48:00,-1 days +23:55:00,False,Sun,NK,ATL,PHL,666
2023-09-08 06:10:00,2023-09-08 06:08:00,-1 days +23:58:00,False,Fri,B6,ATL,JFK,760
2023-08-30 19:25:00,2023-08-30 19:56:00,0 days 00:31:00,True,Wed,DL,ATL,CMH,447
2023-03-27 15:48:00,2023-03-27 15:47:00,-1 days +23:59:00,False,Mon,DL,ATL,BDL,859
2023-04-04 13:48:00,2023-04-04 13:46:00,-1 days +23:58:00,False,Tue,DL,ATL,EWR,746
2023-11-26 07:10:00,2023-11-26 07:04:00,-1 days +23:54:00,False,Sun,NK,ATL,LAX,1947
2023-03-25 10:30:00,2023-03-25 12:05:00,0 days 01:35:00,True,Sat,DL,ATL,DTW,594
2023-11-12 22:55:00,2023-11-12 22:52:00,-1 days +23:57:00,False,Sun,DL,ATL,PBI,545
2023-08-22 16:01:00,2023-08-22 15:59:00,-1 days +23:58:00,False,Tue,NK,ATL,BWI,577
2023-11-07 08:59:00,2023-11-07 08:56:00,-1 days +23:57:00,False,Tue,DL,ATL,MSN,707
2023-06-25 20:30:00,2023-06-25 21:14:00,0 days 00:44:00,True,Sun,DL,ATL,MEM,332
2023-08-15 15:25:00,2023-08-15 16:00:00,0 days 00:35:00,True,Tue,DL,ATL,ALB,853
2023-10-07 15:00:00,2023-10-07 14:54:00,-1 days +23:54:00,False,Sat,DL,ATL,LAX,1947
2023-05-25 07:05:00,2023-05-25 07:04:00,-1 days +23:59:00,False,Thu,DL,ATL,MSP,907
2023-05-05 16:10:00,2023-05-05 16:30:00,0 days 00:20:00,True,Fri,DL,ATL,DAB,366
2023-07-07 14:07:00,2023-07-07 14:04:00,-1 days +23:57:00,False,Fri,DL,ATL,PHX,1587
2023-08-02 09:40:00,2023-08-02 09:49:00,0 days 00:09:00,False,Wed,DL,ATL,SAT,874
2023-11-21 18:55:00,2023-11-21 19:03:00,0 days 00:08:00,False,Tue,DL,ATL,SJU,1547
2023-04-04 18:10:00,2023-04-04 18:04:00,-1 days +23:54:00,False,Tue,DL,ATL,IAD,534
2023-03-17 20:50:00,2023-03-17 20:56:00,0 days 00:06:00,False,Fri,DL,ATL,MIA,594
2023-08-17 11:29:00,2023-08-17 11:28:00,-1 days +23:59:00,False,Thu,DL,ATL,SAT,874
2023-07-13 15:54:00,2023-07-13 15:54:00,0 days 00:00:00,False,Thu,DL,ATL,MSP,907
2023-01-08 09:55:00,2023-01-08 10:10:00,0 days 00:15:00,False,Sun,DL,ATL,IND,432
2023-09-14 22:16:00,2023-09-14 22:37:00,0 days 00:21:00,True,Thu,DL,ATL,PVD,903
2023-05-15 17:45:00,2023-05-15 17:42:00,-1 days +23:57:00,False,Mon,NK,ATL,CLE,554
2023-07-06 14:55:00,2023-07-06 15:04:00,0 days 00:09:00,False,Thu,DL,ATL,BOS,946
2023-01-25 16:00:00,2023-01-25 16:06:00,0 days 00:06:00,False,Wed,DL,ATL,BOS,946
2023-02-22 19:35:00,2023-02-22 19:29:00,-1 days +23:54:00,False,Wed,9E,ATL,TYS,152
2023-10-23 23:20:00,2023-10-23 23:16:00,-1 days +23:56:00,False,Mon,DL,ATL,RDU,356
2023-09-25 10:45:00,2023-09-25 11:00:00,0 days 00:15:00,False,Mon,WN,ATL,GSP,153
2023-10-27 20:45:00,2023-10-27 20:55:00,0 days 00:10:00,False,Fri,DL,ATL,RSW,515
2023-01-24 06:00:00,2023-01-24 05:52:00,-1 days +23:52:00,False,Tue,AA,ATL,MIA,594
2023-04-29 06:05:00,2023-04-29 06:03:00,-1 days +23:58:00,False,Sat,WN,ATL,DAL,721
2023-10-07 12:24:00,2023-10-07 12:18:00,-1 days +23:54:00,False,Sat,DL,ATL,GSP,153
2023-11-13 14:38:00,2023-11-13 14:37:00,-1 days +23:59:00,False,Mon,F9,ATL,BUF,712
2023-06-04 09:30:00,2023-06-04 09:28:00,-1 days +23:58:00,False,Sun,DL,ATL,MCO,404
2023-01-14 09:10:00,2023-01-14 09:21:00,0 days 00:11:00,False,Sat,WN,ATL,CMH,447
2023-12-12 22:50:00,2023-12-12 22:41:00,-1 days +23:51:00,False,Tue,DL,ATL,PHL,666
2023-04-26 19:49:00,2023-04-26 21:44:00,0 days 01:55:00,True,Wed,F9,ATL,DEN,1199
2023-10-14 17:17:00,2023-10-14 17:08:00,-1 days +23:51:00,False,Sat,UA,ATL,IAH,689
2023-02-23 13:03:00,2023-02-23 12:58:00,-1 days +23:55:00,False,Thu,9E,ATL,TRI,227
2023-08-24 19:55:00,2023-08-24 20:10:00,0 days 00:15:00,False,Thu,DL,ATL,ORF,516
2023-01-02 09:15:00,2023-01-02 09:12:00,-1 days +23:57:00,False,Mon,NK,ATL,IAH,689
2023-04-02 16:55:00,2023-04-02 17:12:00,0 days 00:17:00,True,Sun,DL,ATL,BOS,946
2023-05-29 09:50:00,2023-05-29 09:45:00,-1 days +23:55:00,False,Mon,OO,ATL,SBN,566
2023-02-23 21:55:00,2023-02-23 21:53:00,-1 days +23:58:00,False,Thu,WN,ATL,MDW,591
2023-12-26 08:55:00,2023-12-26 08:52:00,-1 days +23:57:00,False,Tue,DL,ATL,EYW,646
2023-09-22 13:40:00,2023-09-22 13:37:00,-1 days +23:57:00,False,Fri,DL,ATL,EWR,746
2023-08-28 19:50:00,2023-08-28 22:49:00,0 days 02:59:00,True,Mon,WN,ATL,JAN,341
2023-04-03 08:20:00,2023-04-03 08:27:00,0 days 00:07:00,False,Mon,DL,ATL,PHX,1587
2023-06-20 11:54:00,2023-06-20 12:05:00,0 days 00:11:00,False,Tue,UA,ATL,EWR,746
2023-09-21 11:10:00,2023-09-21 11:08:00,-1 days +23:58:00,False,Thu,DL,ATL,LAX,1947
2023-06-01 20:50:00,2023-06-01 20:48:00,-1 days +23:58:00,False,Thu,DL,ATL,BTV,961
2023-06-07 13:40:00,2023-06-07 13:35:00,-1 days +23:55:00,False,Wed,DL,ATL,BNA,214
2023-07-19 09:10:00,2023-07-19 09:29:00,0 days 00:19:00,True,Wed,DL,ATL,BWI,577
2023-12-22 21:59:00,2023-12-22 21:55:00,-1 days +23:56:00,False,Fri,DL,ATL,DCA,547
2023-01-19 19:00:00,2023-01-19 19:51:00,0 days 00:51:00,True,Thu,DL,ATL,LGA,762
2023-05-01 08:30:00,2023-05-01 08:28:00,-1 days +23:58:00,False,Mon,DL,ATL,MCO,404
2023-04-07 13:17:00,2023-04-07 16:15:00,0 days 02:58:00,True,Fri,NK,ATL,ORD,606
2023-11-03 12:23:00,2023-11-03 12:22:00,-1 days +23:59:00,False,Fri,DL,ATL,ORF,516
2023-09-28 10:45:00,2023-09-28 10:42:00,-1 days +23:57:00,False,Thu,DL,ATL,EWR,746
2023-03-30 11:18:00,2023-03-30 11:14:00,-1 days +23:56:00,False,Thu,DL,ATL,PHX,1587
2023-06-06 18:40:00,2023-06-06 18:35:00,-1 days +23:55:00,False,Tue,WN,ATL,TPA,406
2023-12-20 16:03:00,2023-12-20 15:59:00,-1 days +23:56:00,False,Wed,NK,ATL,RSW,515
2023-11-29 20:30:00,2023-11-29 20:25:00,-1 days +23:55:00,False,Wed,WN,ATL,LAS,1747
2023-07-13 08:20:00,2023-07-13 08:19:00,-1 days +23:59:00,False,Thu,DL,ATL,SDF,321
2023-05-01 17:40:00,2023-05-01 17:45:00,0 days 00:05:00,False,Mon,WN,ATL,MDW,591
2023-03-23 21:39:00,2023-03-23 21:35:00,-1 days +23:56:00,False,Thu,DL,ATL,ATW,765
2023-01-21 22:00:00,2023-01-21 22:09:00,0 days 00:09:00,False,Sat,OO,ATL,SHV,551
2023-04-20 10:35:00,2023-04-20 11:02:00,0 days 00:27:00,True,Thu,WN,ATL,MCO,404
2023-04-09 16:28:00,2023-04-09 16:25:00,-1 days +23:57:00,False,Sun,DL,ATL,MSN,707
2023-11-03 13:59:00,2023-11-03 14:00:00,0 days 00:01:00,False,Fri,DL,ATL,PIT,526
2023-04-28 17:20:00,2023-04-28 17:17:00,-1 days +23:57:00,False,Fri,DL,ATL,PIT,526
2023-04-25 17:49:00,2023-04-25 17:43:00,-1 days +23:54:00,False,Tue,UA,ATL,ORD,606
2023-09-03 21:30:00,2023-09-03 21:33:00,0 days 00:03:00,False,Sun,WN,ATL,MIA,594
2023-11-07 18:41:00,2023-11-07 18:34:00,-1 days +23:53:00,False,Tue,F9,ATL,CLE,554
2023-09-17 08:55:00,2023-09-17 09:00:00,0 days 00:05:00,False,Sun,WN,ATL,MDW,591
2023-10-24 15:26:00,2023-10-24 15:21:00,-1 days +23:55:00,False,Tue,DL,ATL,ORD,606
2023-02-03 14:00:00,2023-02-03 13:58:00,-1 days +23:58:00,False,Fri,DL,ATL,AUS,813
2023-06-01 10:05:00,2023-06-01 10:01:00,-1 days +23:56:00,False,Thu,DL,ATL,PVD,903
2023-08-10 13:07:00,2023-08-10 13:07:00,0 days 00:00:00,False,Thu,DL,ATL,ILM,377
2023-06-17 09:20:00,2023-06-17 09:33:00,0 days 00:13:00,False,Sat,NK,ATL,FLL,581
2023-08-13 21:25:00,2023-08-13 21:23:00,-1 days +23:58:00,False,Sun,DL,ATL,DTW,594
2023-04-19 10:24:00,2023-04-19 10:38:00,0 days 00:14:00,False,Wed,DL,ATL,SLC,1590
2023-10-11 08:33:00,2023-10-11 08:29:00,-1 days +23:56:00,False,Wed,DL,ATL,SRQ,444
2023-06-18 21:06:00,2023-06-18 21:23:00,0 days 00:17:00,True,Sun,DL,ATL,LEX,304
2023-06-10 16:55:00,2023-06-10 16:49:00,-1 days +23:54:00,False,Sat,DL,ATL,PHX,1587
2023-06-04 06:35:00,2023-06-04 06:24:00,-1 days +23:49:00,False,Sun,AA,ATL,CLT,226
2023-01-10 21:10:00,2023-01-10 21:07:00,-1 days +23:57:00,False,Tue,9E,ATL,EVV,350
2023-02-27 07:20:00,2023-02-27 07:17:00,-1 days +23:57:00,False,Mon,NK,ATL,MSY,425
2023-07-24 20:06:00,2023-07-24 20:00:00,-1 days +23:54:00,False,Mon,DL,ATL,OMA,821
2023-08-21 09:00:00,2023-08-21 08:58:00,-1 days +23:58:00,False,Mon,9E,ATL,TRI,227
2023-12-23 19:55:00,2023-12-23 20:04:00,0 days 00:09:00,False,Sat,B6,ATL,JFK,760
2023-12-26 21:15:00,2023-12-26 21:42:00,0 days 00:27:00,True,Tue,WN,ATL,BNA,214
2023-09-03 22:48:00,2023-09-03 22:43:00,-1 days +23:55:00,False,Sun,DL,ATL,HOU,696
2023-07-11 18:54:00,2023-07-11 19:32:00,0 days 00:38:00,True,Tue,DL,ATL,MCI,692
2023-08-15 18:40:00,2023-08-15 19:26:00,0 days 00:46:00,True,Tue,DL,ATL,DCA,547
2023-05-19 19:54:00,2023-05-19 20:09:00,0 days 00:15:00,False,Fri,DL,ATL,RDU,356
2023-10-30 07:25:00,2023-10-30 07:24:00,-1 days +23:59:00,False,Mon,DL,ATL,PHL,666
2023-02-21 20:15:00,2023-02-21 20:11:00,-1 days +23:56:00,False,Tue,DL,ATL,ROA,357
2023-06-10 13:59:00,2023-06-10 14:01:00,0 days 00:02:00,False,Sat,DL,ATL,SAT,874
2023-07-17 08:15:00,2023-07-17 08:15:00,0 days 00:00:00,False,Mon,DL,ATL,MCI,692
2023-02-14 08:20:00,2023-02-14 08:18:00,-1 days +23:58:00,False,Tue,DL,ATL,HSV,151
2023-02-08 13:08:00,2023-02-08 13:04:00,-1 days +23:56:00,False,Wed,DL,ATL,OKC,761
2023-09-19 19:29:00,2023-09-19 19:35:00,0 days 00:06:00,False,Tue,DL,ATL,SEA,2182
2023-02-10 12:38:00,2023-02-10 12:43:00,0 days 00:05:00,False,Fri,DL,ATL,PHX,1587
2023-03-23 14:09:00,2023-03-23 14:31:00,0 days 00:22:00,True,Thu,UA,ATL,EWR,746
2023-06-23 14:00:00,2023-06-23 14:22:00,0 days 00:22:00,True,Fri,DL,ATL,SJU,1547
2023-05-22 12:11:00,2023-05-22 12:02:00,-1 days +23:51:00,False,Mon,YX,ATL,PHL,666
2023-02-21 20:45:00,2023-02-21 20:38:00,-1 days +23:53:00,False,Tue,NK,ATL,DTW,594
2023-01-14 15:12:00,2023-01-14 15:10:00,-1 days +23:58:00,False,Sat,DL,ATL,TUL,674
2023-01-06 10:00:00,2023-01-06 09:57:00,-1 days +23:57:00,False,Fri,DL,ATL,MCI,692
2023-06-09 12:15:00,2023-06-09 12:27:00,0 days 00:12:00,False,Fri,DL,ATL,FLL,581
2023-02-06 19:57:00,2023-02-06 19:53:00,-1 days +23:56:00,False,Mon,DL,ATL,BDL,859
2023-12-03 10:05:00,2023-12-03 10:02:00,-1 days +23:57:00,False,Sun,DL,ATL,LAS,1747
2023-04-28 22:59:00,2023-04-28 22:57:00,-1 days +23:58:00,False,Fri,DL,ATL,CAE,192
2023-08-05 14:54:00,2023-08-05 14:54:00,0 days 00:00:00,False,Sat,DL,ATL,BOS,946
2023-01-12 20:19:00,2023-01-12 21:46:00,0 days 01:27:00,True,Thu,MQ,ATL,CLT,226
2023-07-26 17:58:00,2023-07-26 17:53:00,-1 days +23:55:00,False,Wed,DL,ATL,SAN,1892
2023-09-15 13:40:00,2023-09-15 13:45:00,0 days 00:05:00,False,Fri,9E,ATL,JAN,341
2023-11-18 09:44:00,2023-11-18 09:43:00,-1 days +23:59:00,False,Sat,9E,ATL,CHO,457
2023-10-27 11:00:00,2023-10-27 10:57:00,-1 days +23:57:00,False,Fri,DL,ATL,ECP,240
2023-08-31 19:28:00,2023-08-31 19:43:00,0 days 00:15:00,False,Thu,UA,ATL,IAD,534
2023-01-01 19:50:00,2023-01-01 19:53:00,0 days 00:03:00,False,Sun,DL,ATL,LGA,762
2023-07-28 22:52:00,2023-07-28 23:41:00,0 days 00:49:00,True,Fri,DL,ATL,MOB,302
2023-11-20 22:45:00,2023-11-20 22:46:00,0 days 00:01:00,False,Mon,DL,ATL,DTW,594
2023-10-30 10:10:00,2023-10-30 10:17:00,0 days 00:07:00,False,Mon,WN,ATL,DEN,1199
2023-11-19 19:30:00,2023-11-19 19:17:00,-1 days +23:47:00,False,Sun,9E,ATL,MLU,448
2023-11-03 18:10:00,2023-11-03 18:08:00,-1 days +23:58:00,False,Fri,DL,ATL,MKE,669
2023-08-09 12:48:00,2023-08-09 12:43:00,-1 days +23:55:00,False,Wed,DL,ATL,PWM,1027
2023-08-28 10:15:00,2023-08-28 10:10:00,-1 days +23:55:00,False,Mon,9E,ATL,LFT,503
2023-03-18 12:29:00,2023-03-18 13:19:00,0 days 00:50:00,True,Sat,DL,ATL,PBI,545
2023-09-30 13:59:00,2023-09-30 13:54:00,-1 days +23:55:00,False,Sat,DL,ATL,IAH,689
2023-04-09 12:59:00,2023-04-09 12:56:00,-1 days +23:57:00,False,Sun,DL,ATL,CLT,226
2023-11-02 21:59:00,2023-11-02 21:56:00,-1 days +23:57:00,False,Thu,DL,ATL,ICT,782
2023-06-18 22:55:00,2023-06-18 23:14:00,0 days 00:19:00,True,Sun,WN,ATL,SRQ,444
2023-07-14 16:49:00,2023-07-14 16:46:00,-1 days +23:57:00,False,Fri,DL,ATL,MCI,692
2023-04-30 23:05:00,2023-04-30 23:45:00,0 days 00:40:00,True,Sun,DL,ATL,LIT,453
2023-07-14 15:15:00,2023-07-14 15:12:00,-1 days +23:57:00,False,Fri,WN,ATL,MCO,404
2023-10-28 14:48:00,2023-10-28 14:50:00,0 days 00:02:00,False,Sat,DL,ATL,TPA,406
2023-08-14 11:32:00,2023-08-14 12:12:00,0 days 00:40:00,True,Mon,DL,ATL,ELP,1282
2023-06-01 23:35:00,2023-06-02 08:27:00,0 days 08:52:00,True,Fri,OO,ATL,AGS,143
2023-06-12 16:57:00,2023-06-12 16:59:00,0 days 00:02:00,False,Mon,DL,ATL,SJC,2116
2023-08-10 19:48:00,2023-08-10 20:46:00,0 days 00:58:00,True,Thu,DL,ATL,TLH,223
2023-02-08 13:46:00,2023-02-08 13:42:00,-1 days +23:56:00,False,Wed,OO,ATL,MLI,633
2023-09-18 06:52:00,2023-09-18 06:47:00,-1 days +23:55:00,False,Mon,AA,ATL,CLT,226
2023-01-26 12:15:00,2023-01-26 12:14:00,-1 days +23:59:00,False,Thu,DL,ATL,AVL,164
2023-04-01 08:20:00,2023-04-01 08:17:00,-1 days +23:57:00,False,Sat,DL,ATL,CVG,373
2023-05-18 16:33:00,2023-05-18 16:27:00,-1 days +23:54:00,False,Thu,DL,ATL,ROA,357
2023-01-10 19:04:00,2023-01-10 20:00:00,0 days 00:56:00,True,Tue,F9,ATL,LAS,1747
2023-07-17 19:59:00,2023-07-17 20:28:00,0 days 00:29:00,True,Mon,DL,ATL,FLL,581
2023-04-27 16:34:00,2023-04-27 16:29:00,-1 days +23:55:00,False,Thu,9E,ATL,BQK,238
2023-12-01 17:09:00,2023-12-01 17:05:00,-1 days +23:56:00,False,Fri,DL,ATL,MSY,425
2023-01-20 15:25:00,2023-01-20 15:22:00,-1 days +23:57:00,False,Fri,DL,ATL,MCO,404
2023-05-05 16:44:00,2023-05-05 16:41:00,-1 days +23:57:00,False,Fri,9E,ATL,BQK,238
2023-05-11 21:20:00,2023-05-11 21:32:00,0 days 00:12:00,False,Thu,DL,ATL,BHM,134
2023-10-26 09:10:00,2023-10-26 09:18:00,0 days 00:08:00,False,Thu,DL,ATL,MIA,594
2023-02-08 12:00:00,2023-02-08 11:57:00,-1 days +23:57:00,False,Wed,DL,ATL,SEA,2182
2023-02-06 08:25:00,2023-02-06 08:23:00,-1 days +23:58:00,False,Mon,DL,ATL,HOU,696
2023-11-19 19:48:00,2023-11-19 19:49:00,0 days 00:01:00,False,Sun,DL,ATL,MSP,907
2023-08-04 15:05:00,2023-08-04 15:25:00,0 days 00:20:00,True,Fri,DL,ATL,JAX,270
2023-03-16 10:06:00,2023-03-16 10:05:00,-1 days +23:59:00,False,Thu,DL,ATL,PNS,271
2023-11-27 09:03:00,2023-11-27 09:02:00,-1 days +23:59:00,False,Mon,DL,ATL,MLB,442
2023-11-04 15:15:00,2023-11-04 15:10:00,-1 days +23:55:00,False,Sat,DL,ATL,ECP,240
2023-08-25 14:50:00,2023-08-25 15:52:00,0 days 01:02:00,True,Fri,DL,ATL,LGA,762
2023-05-21 19:24:00,2023-05-21 19:18:00,-1 days +23:54:00,False,Sun,DL,ATL,RIC,481
2023-05-28 15:20:00,2023-05-28 15:11:00,-1 days +23:51:00,False,Sun,9E,ATL,ABY,145
2023-05-12 07:41:00,2023-05-12 07:41:00,0 days 00:00:00,False,Fri,AA,ATL,PHL,666
2023-07-13 17:03:00,2023-07-13 17:06:00,0 days 00:03:00,False,Thu,DL,ATL,PBI,545
2023-07-26 20:15:00,2023-07-26 20:13:00,-1 days +23:58:00,False,Wed,9E,ATL,MLU,448
2023-03-30 08:10:00,2023-03-30 08:09:00,-1 days +23:59:00,False,Thu,9E,ATL,XNA,589
2023-08-27 19:45:00,2023-08-27 19:46:00,0 days 00:01:00,False,Sun,DL,ATL,DAL,721
2023-10-01 21:24:00,2023-10-01 21:26:00,0 days 00:02:00,False,Sun,DL,ATL,JFK,760
2023-07-25 15:00:00,2023-07-25 14:57:00,-1 days +23:57:00,False,Tue,9E,ATL,CSG,83
2023-11-24 22:55:00,2023-11-24 22:36:00,-1 days +23:41:00,False,Fri,9E,ATL,ROA,357
2023-12-09 17:55:00,2023-12-09 17:51:00,-1 days +23:56:00,False,Sat,DL,ATL,BOS,946
2023-02-26 17:20:00,2023-02-26 17:15:00,-1 days +23:55:00,False,Sun,DL,ATL,PIT,526
2023-07-16 12:16:00,2023-07-16 12:36:00,0 days 00:20:00,True,Sun,DL,ATL,PHL,666
2023-08-07 20:55:00,2023-08-07 23:56:00,0 days 03:01:00,True,Mon,DL,ATL,CID,694
2023-10-03 16:01:00,2023-10-03 15:57:00,-1 days +23:56:00,False,Tue,UA,ATL,EWR,746
2023-04-29 09:05:00,2023-04-29 09:03:00,-1 days +23:58:00,False,Sat,DL,ATL,BTR,448
2023-11-03 15:15:00,2023-11-03 15:14:00,-1 days +23:59:00,False,Fri,OO,ATL,CSG,83
2023-09-25 06:25:00,2023-09-25 06:24:00,-1 days +23:59:00,False,Mon,WN,ATL,TPA,406
2023-10-27 22:40:00,2023-10-27 22:35:00,-1 days +23:55:00,False,Fri,DL,ATL,ILM,377
2023-01-08 21:14:00,2023-01-08 21:22:00,0 days 00:08:00,False,Sun,DL,ATL,RSW,515
2023-07-20 10:35:00,2023-07-20 10:35:00,0 days 00:00:00,False,Thu,WN,ATL,PBI,545
2023-07-27 09:40:00,2023-07-27 09:37:00,-1 days +23:57:00,False,Thu,DL,ATL,DTW,594
2023-07-16 23:05:00,2023-07-16 23:54:00,0 days 00:49:00,True,Sun,DL,ATL,RDU,356
2023-11-14 11:00:00,2023-11-14 11:00:00,0 days 00:00:00,False,Tue,9E,ATL,OAJ,399
2023-07-23 15:00:00,2023-07-23 15:21:00,0 days 00:21:00,True,Sun,WN,ATL,AUS,813
2023-09-18 15:59:00,2023-09-18 15:49:00,-1 days +23:50:00,False,Mon,DL,ATL,LIT,453
2023-07-12 14:14:00,2023-07-12 14:19:00,0 days 00:05:00,False,Wed,DL,ATL,DEN,1199
2023-06-01 20:21:00,2023-06-01 20:39:00,0 days 00:18:00,True,Thu,DL,ATL,ABQ,1269
2023-11-09 10:38:00,2023-11-09 10:35:00,-1 days +23:57:00,False,Thu,DL,ATL,SRQ,444
2023-11-09 11:31:00,2023-11-09 11:38:00,0 days 00:07:00,False,Thu,DL,ATL,LAS,1747
2023-12-07 11:45:00,2023-12-07 11:45:00,0 days 00:00:00,False,Thu,WN,ATL,PHL,666
2023-02-03 10:00:00,2023-02-03 10:01:00,0 days 00:01:00,False,Fri,DL,ATL,LAS,1747
2023-04-20 07:05:00,2023-04-20 07:05:00,0 days 00:00:00,False,Thu,WN,ATL,MCO,404
2023-08-27 16:10:00,2023-08-27 16:06:00,-1 days +23:56:00,False,Sun,DL,ATL,DCA,547
2023-09-23 17:56:00,2023-09-23 18:05:00,0 days 00:09:00,False,Sat,DL,ATL,SFO,2139
2023-10-20 07:15:00,2023-10-20 07:11:00,-1 days +23:56:00,False,Fri,B6,ATL,FLL,581
2023-08-25 19:48:00,2023-08-25 19:47:00,-1 days +23:59:00,False,Fri,DL,ATL,TLH,223
2023-01-09 20:40:00,2023-01-09 20:35:00,-1 days +23:55:00,False,Mon,NK,ATL,DTW,594
2023-08-13 22:47:00,2023-08-13 23:15:00,0 days 00:28:00,True,Sun,DL,ATL,EWR,746
2023-06-10 13:40:00,2023-06-10 13:45:00,0 days 00:05:00,False,Sat,WN,ATL,MCO,404
2023-04-18 12:26:00,2023-04-18 12:20:00,-1 days +23:54:00,False,Tue,YX,ATL,LGA,762
2023-12-30 16:40:00,2023-12-30 16:38:00,-1 days +23:58:00,False,Sat,DL,ATL,ECP,240
2023-12-20 07:10:00,2023-12-20 07:10:00,0 days 00:00:00,False,Wed,DL,ATL,EWR,746
2023-09-07 17:45:00,2023-09-07 18:01:00,0 days 00:16:00,True,Thu,DL,ATL,DEN,1199
2023-06-23 11:23:00,2023-06-23 11:53:00,0 days 00:30:00,True,Fri,DL,ATL,TUS,1541
2023-01-25 16:35:00,2023-01-25 16:43:00,0 days 00:08:00,False,Wed,WN,ATL,CLE,554
2023-10-02 16:33:00,2023-10-02 16:29:00,-1 days +23:56:00,False,Mon,9E,ATL,MOB,302
2023-09-03 11:15:00,2023-09-03 11:13:00,-1 days +23:58:00,False,Sun,DL,ATL,SYR,794
2023-10-13 08:30:00,2023-10-13 08:27:00,-1 days +23:57:00,False,Fri,DL,ATL,OMA,821
2023-08-01 11:25:00,2023-08-01 11:25:00,0 days 00:00:00,False,Tue,WN,ATL,RIC,481
2023-07-19 09:50:00,2023-07-19 09:55:00,0 days 00:05:00,False,Wed,DL,ATL,TPA,406
2023-02-07 21:50:00,2023-02-07 21:46:00,-1 days +23:56:00,False,Tue,WN,ATL,SRQ,444
2023-09-15 10:42:00,2023-09-15 10:39:00,-1 days +23:57:00,False,Fri,DL,ATL,SRQ,444
2023-05-19 18:20:00,2023-05-19 20:25:00,0 days 02:05:00,True,Fri,AA,ATL,CLT,226
2023-11-09 06:40:00,2023-11-09 07:12:00,0 days 00:32:00,True,Thu,WN,ATL,DAL,721
2023-01-20 08:45:00,2023-01-20 08:50:00,0 days 00:05:00,False,Fri,F9,ATL,LAS,1747
2023-01-30 08:10:00,2023-01-30 08:12:00,0 days 00:02:00,False,Mon,DL,ATL,DEN,1199
2023-05-30 16:01:00,2023-05-30 15:57:00,-1 days +23:56:00,False,Tue,9E,ATL,DHN,170
2023-07-10 20:25:00,2023-07-10 20:40:00,0 days 00:15:00,False,Mon,DL,ATL,BOI,1838
2023-07-30 20:09:00,2023-07-30 20:08:00,-1 days +23:59:00,False,Sun,DL,ATL,SFO,2139
2023-08-07 20:53:00,2023-08-07 21:15:00,0 days 00:22:00,True,Mon,DL,ATL,PIT,526
2023-05-22 17:35:00,2023-05-22 17:57:00,0 days 00:22:00,True,Mon,WN,ATL,BWI,577
2023-04-30 15:10:00,2023-04-30 15:08:00,-1 days +23:58:00,False,Sun,OO,ATL,CRW,363
2023-09-10 11:00:00,2023-09-10 11:01:00,0 days 00:01:00,False,Sun,WN,ATL,BWI,577
2023-06-25 21:59:00,2023-06-25 23:27:00,0 days 01:28:00,True,Sun,DL,ATL,MDT,620
2023-11-26 10:00:00,2023-11-26 10:00:00,0 days 00:00:00,False,Sun,WN,ATL,GSP,153
2023-11-19 13:03:00,2023-11-19 13:00:00,-1 days +23:57:00,False,Sun,DL,ATL,TYS,152
2023-07-17 11:01:00,2023-07-17 11:02:00,0 days 00:01:00,False,Mon,AA,ATL,DCA,547
2023-06-27 16:35:00,2023-06-27 16:45:00,0 days 00:10:00,False,Tue,DL,ATL,PNS,271
2023-11-05 22:05:00,2023-11-05 22:04:00,-1 days +23:59:00,False,Sun,DL,ATL,GRR,640
2023-06-09 09:20:00,2023-06-09 09:17:00,-1 days +23:57:00,False,Fri,DL,ATL,CVG,373
2023-09-15 14:02:00,2023-09-15 14:14:00,0 days 00:12:00,False,Fri,DL,ATL,BOS,946
2023-05-14 15:20:00,2023-05-14 15:17:00,-1 days +23:57:00,False,Sun,9E,ATL,ABY,145
2023-09-08 20:15:00,2023-09-08 22:35:00,0 days 02:20:00,True,Fri,DL,ATL,BWI,577
2023-12-10 22:40:00,2023-12-10 22:37:00,-1 days +23:57:00,False,Sun,DL,ATL,PIT,526
2023-01-23 18:56:00,2023-01-23 19:20:00,0 days 00:24:00,True,Mon,F9,ATL,PHL,666
2023-03-30 20:00:00,2023-03-30 19:57:00,-1 days +23:57:00,False,Thu,DL,ATL,MSP,907
2023-07-04 14:50:00,2023-07-04 14:44:00,-1 days +23:54:00,False,Tue,9E,ATL,AEX,500
2023-08-06 09:10:00,2023-08-06 09:08:00,-1 days +23:58:00,False,Sun,9E,ATL,MGM,147
2023-09-22 10:42:00,2023-09-22 10:43:00,0 days 00:01:00,False,Fri,DL,ATL,FLL,581
2023-08-09 11:59:00,2023-08-09 11:57:00,-1 days +23:58:00,False,Wed,OO,ATL,FWA,508
2023-11-27 15:30:00,2023-11-27 15:28:00,-1 days +23:58:00,False,Mon,DL,ATL,LAS,1747
2023-07-05 16:00:00,2023-07-05 15:50:00,-1 days +23:50:00,False,Wed,DL,ATL,LEX,304
2023-02-13 16:35:00,2023-02-13 16:33:00,-1 days +23:58:00,False,Mon,WN,ATL,CLE,554
2023-04-27 21:10:00,2023-04-27 21:02:00,-1 days +23:52:00,False,Thu,DL,ATL,GRB,774
2023-01-19 15:23:00,2023-01-19 15:17:00,-1 days +23:54:00,False,Thu,DL,ATL,XNA,589
2023-12-16 10:25:00,2023-12-16 10:29:00,0 days 00:04:00,False,Sat,DL,ATL,BOI,1838
2023-04-03 16:39:00,2023-04-03 17:04:00,0 days 00:25:00,True,Mon,DL,ATL,HOU,696
2023-01-16 21:15:00,2023-01-16 21:14:00,-1 days +23:59:00,False,Mon,DL,ATL,RSW,515
2023-08-24 13:57:00,2023-08-24 13:54:00,-1 days +23:57:00,False,Thu,DL,ATL,LAS,1747
2023-06-01 14:15:00,2023-06-01 14:57:00,0 days 00:42:00,True,Thu,OO,ATL,BMI,533
2023-09-07 22:50:00,2023-09-07 22:39:00,-1 days +23:49:00,False,Thu,DL,ATL,LEX,304
2023-10-10 06:05:00,2023-10-10 06:13:00,0 days 00:08:00,False,Tue,WN,ATL,LGA,762
2023-10-14 22:15:00,2023-10-14 22:21:00,0 days 00:06:00,False,Sat,DL,ATL,SLC,1590
2023-02-06 16:21:00,2023-02-06 16:59:00,0 days 00:38:00,True,Mon,AA,ATL,CLT,226
2023-12-29 14:44:00,2023-12-29 14:50:00,0 days 00:06:00,False,Fri,DL,ATL,BOS,946
2023-10-26 21:20:00,2023-10-26 21:19:00,-1 days +23:59:00,False,Thu,DL,ATL,ELP,1282
2023-10-28 16:30:00,2023-10-28 16:29:00,-1 days +23:59:00,False,Sat,DL,ATL,BDL,859
2023-07-18 08:55:00,2023-07-18 09:01:00,0 days 00:06:00,False,Tue,WN,ATL,FLL,581
2023-12-14 08:10:00,2023-12-14 08:08:00,-1 days +23:58:00,False,Thu,DL,ATL,JAN,341
2023-03-09 20:55:00,2023-03-09 21:01:00,0 days 00:06:00,False,Thu,DL,ATL,ECP,240
2023-07-17 12:15:00,2023-07-17 12:26:00,0 days 00:11:00,False,Mon,9E,ATL,MOB,302
2023-04-09 20:55:00,2023-04-09 21:04:00,0 days 00:09:00,False,Sun,DL,ATL,LAX,1947
2023-02-12 11:45:00,2023-02-12 11:42:00,-1 days +23:57:00,False,Sun,DL,ATL,DAL,721
2023-11-15 19:40:00,2023-11-15 20:03:00,0 days 00:23:00,True,Wed,WN,ATL,MEM,332
2023-02-04 17:40:00,2023-02-04 17:36:00,-1 days +23:56:00,False,Sat,WN,ATL,HOU,696
2023-10-06 18:14:00,2023-10-06 18:05:00,-1 days +23:51:00,False,Fri,DL,ATL,GNV,300
2023-07-07 06:30:00,2023-07-07 06:32:00,0 days 00:02:00,False,Fri,WN,ATL,MCO,404
2023-08-12 06:45:00,2023-08-12 06:34:00,-1 days +23:49:00,False,Sat,F9,ATL,CLE,554
2023-02-26 21:57:00,2023-02-26 21:52:00,-1 days +23:55:00,False,Sun,DL,ATL,ROC,749
2023-11-19 17:59:00,2023-11-19 17:58:00,-1 days +23:59:00,False,Sun,DL,ATL,HSV,151
2023-05-17 15:20:00,2023-05-17 15:15:00,-1 days +23:55:00,False,Wed,9E,ATL,ABY,145
2023-07-09 10:37:00,2023-07-09 10:35:00,-1 days +23:58:00,False,Sun,9E,ATL,EVV,350
2023-06-24 22:30:00,2023-06-24 22:28:00,-1 days +23:58:00,False,Sat,DL,ATL,DAB,366
2023-06-16 18:58:00,2023-06-16 18:58:00,0 days 00:00:00,False,Fri,DL,ATL,MIA,594
2023-04-07 15:05:00,2023-04-07 15:02:00,-1 days +23:57:00,False,Fri,DL,ATL,PIT,526
2023-05-21 09:45:00,2023-05-21 09:41:00,-1 days +23:56:00,False,Sun,DL,ATL,STT,1599
2023-04-20 15:10:00,2023-04-20 15:01:00,-1 days +23:51:00,False,Thu,DL,ATL,GPT,352
2023-04-14 07:30:00,2023-04-14 07:30:00,0 days 00:00:00,False,Fri,AA,ATL,ORD,606
2023-12-09 21:55:00,2023-12-09 21:54:00,-1 days +23:59:00,False,Sat,9E,ATL,AGS,143
2023-05-14 16:50:00,2023-05-14 16:50:00,0 days 00:00:00,False,Sun,DL,ATL,LAX,1947
2023-05-19 08:00:00,2023-05-19 08:03:00,0 days 00:03:00,False,Fri,DL,ATL,LGA,762
2023-01-27 14:26:00,2023-01-27 14:23:00,-1 days +23:57:00,False,Fri,DL,ATL,LIT,453
2023-09-16 09:10:00,2023-09-16 09:02:00,-1 days +23:52:00,False,Sat,AS,ATL,SEA,2182
2023-04-21 10:08:00,2023-04-21 10:22:00,0 days 00:14:00,False,Fri,DL,ATL,MKE,669
2023-03-19 13:55:00,2023-03-19 13:49:00,-1 days +23:54:00,False,Sun,DL,ATL,TUL,674
2023-06-10 13:34:00,2023-06-10 13:30:00,-1 days +23:56:00,False,Sat,DL,ATL,MSN,707
2023-06-05 22:30:00,2023-06-05 22:26:00,-1 days +23:56:00,False,Mon,DL,ATL,TPA,406
2023-11-05 11:15:00,2023-11-05 11:10:00,-1 days +23:55:00,False,Sun,DL,ATL,CHA,106
2023-11-22 07:40:00,2023-11-22 07:47:00,0 days 00:07:00,False,Wed,NK,ATL,ORD,606
2023-02-03 14:16:00,2023-02-03 14:05:00,-1 days +23:49:00,False,Fri,AA,ATL,DCA,547
2023-10-23 19:35:00,2023-10-23 19:38:00,0 days 00:03:00,False,Mon,DL,ATL,TLH,223
2023-02-02 12:13:00,2023-02-02 12:12:00,-1 days +23:59:00,False,Thu,DL,ATL,FLL,581
2023-06-10 12:35:00,2023-06-10 12:32:00,-1 days +23:57:00,False,Sat,DL,ATL,SDF,321
2023-11-09 06:30:00,2023-11-09 06:22:00,-1 days +23:52:00,False,Thu,F9,ATL,CVG,373
2023-11-09 19:40:00,2023-11-09 19:59:00,0 days 00:19:00,True,Thu,WN,ATL,IND,432
2023-01-02 11:00:00,2023-01-02 10:58:00,-1 days +23:58:00,False,Mon,DL,ATL,EWR,746
2023-02-05 22:47:00,2023-02-05 22:44:00,-1 days +23:57:00,False,Sun,DL,ATL,TLH,223
2023-04-03 15:31:00,2023-04-03 15:27:00,-1 days +23:56:00,False,Mon,DL,ATL,XNA,589
2023-12-14 22:54:00,2023-12-14 22:53:00,-1 days +23:59:00,False,Thu,DL,ATL,TPA,406
2023-04-02 22:45:00,2023-04-02 22:42:00,-1 days +23:57:00,False,Sun,DL,ATL,BTR,448
2023-02-18 13:59:00,2023-02-18 13:55:00,-1 days +23:56:00,False,Sat,DL,ATL,JAN,341
2023-07-18 10:40:00,2023-07-18 10:37:00,-1 days +23:57:00,False,Tue,DL,ATL,PBI,545
2023-07-06 20:12:00,2023-07-06 20:25:00,0 days 00:13:00,False,Thu,DL,ATL,CHS,259
2023-07-07 17:45:00,2023-07-07 18:52:00,0 days 01:07:00,True,Fri,DL,ATL,TPA,406
2023-06-12 16:08:00,2023-06-12 16:46:00,0 days 00:38:00,True,Mon,NK,ATL,BWI,577
2023-06-21 20:50:00,2023-06-21 20:51:00,0 days 00:01:00,False,Wed,DL,ATL,GRB,774
2023-04-03 10:10:00,2023-04-03 10:10:00,0 days 00:00:00,False,Mon,DL,ATL,BOS,946
2023-04-18 12:25:00,2023-04-18 12:22:00,-1 days +23:57:00,False,Tue,DL,ATL,TLH,223
2023-03-17 17:55:00,2023-03-17 18:19:00,0 days 00:24:00,True,Fri,NK,ATL,MIA,594
2023-02-14 11:00:00,2023-02-14 10:58:00,-1 days +23:58:00,False,Tue,DL,ATL,MSY,425
2023-10-15 06:01:00,2023-10-15 06:00:00,-1 days +23:59:00,False,Sun,AA,ATL,DFW,731
2023-10-22 16:30:00,2023-10-22 16:30:00,0 days 00:00:00,False,Sun,DL,ATL,LGA,762
2023-07-23 19:35:00,2023-07-23 19:47:00,0 days 00:12:00,False,Sun,AS,ATL,SEA,2182
2023-08-17 10:20:00,2023-08-17 10:15:00,-1 days +23:55:00,False,Thu,DL,ATL,RSW,515
2023-05-26 23:10:00,2023-05-26 23:10:00,0 days 00:00:00,False,Fri,DL,ATL,MEM,332
2023-03-19 11:34:00,2023-03-19 11:31:00,-1 days +23:57:00,False,Sun,DL,ATL,MEM,332
2023-02-10 22:42:00,2023-02-10 22:37:00,-1 days +23:55:00,False,Fri,DL,ATL,GNV,300
2023-10-30 11:15:00,2023-10-30 11:09:00,-1 days +23:54:00,False,Mon,DL,ATL,BOS,946
2023-04-27 11:40:00,2023-04-27 11:58:00,0 days 00:18:00,True,Thu,DL,ATL,MCO,404
2023-08-19 05:55:00,2023-08-19 05:47:00,-1 days +23:52:00,False,Sat,AA,ATL,DFW,731
2023-06-01 11:00:00,2023-06-01 11:03:00,0 days 00:03:00,False,Thu,DL,ATL,EWR,746
2023-09-14 06:10:00,2023-09-14 06:08:00,-1 days +23:58:00,False,Thu,B6,ATL,JFK,760
2023-05-14 13:19:00,2023-05-14 13:10:00,-1 days +23:51:00,False,Sun,OH,ATL,PHL,666
2023-11-04 18:00:00,2023-11-04 17:56:00,-1 days +23:56:00,False,Sat,WN,ATL,TPA,406
2023-07-16 07:20:00,2023-07-16 07:19:00,-1 days +23:59:00,False,Sun,DL,ATL,CMH,447
2023-01-18 15:10:00,2023-01-18 15:25:00,0 days 00:15:00,False,Wed,DL,ATL,GNV,300
2023-04-14 15:12:00,2023-04-14 15:32:00,0 days 00:20:00,True,Fri,DL,ATL,MSY,425
2023-05-16 22:15:00,2023-05-16 22:13:00,-1 days +23:58:00,False,Tue,DL,ATL,AVL,164
2023-12-28 08:55:00,2023-12-28 08:52:00,-1 days +23:57:00,False,Thu,DL,ATL,MLB,442
2023-01-12 15:57:00,2023-01-12 17:01:00,0 days 01:04:00,True,Thu,DL,ATL,TPA,406
2023-10-04 13:30:00,2023-10-04 13:28:00,-1 days +23:58:00,False,Wed,DL,ATL,CHA,106
2023-12-25 11:14:00,2023-12-25 11:06:00,-1 days +23:52:00,False,Mon,DL,ATL,ELP,1282
2023-09-26 22:35:00,2023-09-26 22:55:00,0 days 00:20:00,True,Tue,DL,ATL,CVG,373
2023-04-19 15:45:00,2023-04-19 15:57:00,0 days 00:12:00,False,Wed,B6,ATL,JFK,760
2023-05-11 20:15:00,2023-05-11 20:37:00,0 days 00:22:00,True,Thu,DL,ATL,IAH,689
2023-04-28 06:30:00,2023-04-28 06:27:00,-1 days +23:57:00,False,Fri,NK,ATL,TPA,406
2023-12-09 06:00:00,2023-12-09 05:56:00,-1 days +23:56:00,False,Sat,F9,ATL,MCO,404
2023-11-21 11:15:00,2023-11-21 11:13:00,-1 days +23:58:00,False,Tue,DL,ATL,MEM,332
2023-04-16 17:45:00,2023-04-16 17:42:00,-1 days +23:57:00,False,Sun,DL,ATL,FLL,581
2023-02-17 19:20:00,2023-02-17 19:20:00,0 days 00:00:00,False,Fri,DL,ATL,GSP,153
2023-02-18 15:00:00,2023-02-18 14:56:00,-1 days +23:56:00,False,Sat,DL,ATL,ALB,853
2023-06-01 12:00:00,2023-06-01 11:56:00,-1 days +23:56:00,False,Thu,WN,ATL,LIT,453
2023-04-22 22:45:00,2023-04-22 22:37:00,-1 days +23:52:00,False,Sat,DL,ATL,SAT,874
2023-11-25 22:45:00,2023-11-26 01:13:00,0 days 02:28:00,True,Sun,WN,ATL,GSP,153
2023-09-16 22:55:00,2023-09-16 22:45:00,-1 days +23:50:00,False,Sat,DL,ATL,CHA,106
2023-07-13 15:18:00,2023-07-13 15:33:00,0 days 00:15:00,False,Thu,DL,ATL,MDT,620
2023-08-28 12:56:00,2023-08-28 12:52:00,-1 days +23:56:00,False,Mon,DL,ATL,SDF,321
2023-11-04 08:40:00,2023-11-04 08:37:00,-1 days +23:57:00,False,Sat,DL,ATL,DTW,594
2023-05-16 12:43:00,2023-05-16 12:38:00,-1 days +23:55:00,False,Tue,DL,ATL,BHM,134
2023-11-28 14:21:00,2023-11-28 14:15:00,-1 days +23:54:00,False,Tue,DL,ATL,CLT,226
2023-01-22 08:50:00,2023-01-22 08:47:00,-1 days +23:57:00,False,Sun,DL,ATL,MLB,442
2023-02-10 08:25:00,2023-02-10 08:22:00,-1 days +23:57:00,False,Fri,DL,ATL,ECP,240
2023-04-16 17:40:00,2023-04-16 17:51:00,0 days 00:11:00,False,Sun,DL,ATL,ORD,606
2023-02-10 06:00:00,2023-02-10 06:02:00,0 days 00:02:00,False,Fri,F9,ATL,IAH,689
2023-07-06 22:58:00,2023-07-06 22:52:00,-1 days +23:54:00,False,Thu,DL,ATL,LAS,1747
2023-12-31 08:32:00,2023-12-31 08:35:00,0 days 00:03:00,False,Sun,UA,ATL,DEN,1199
2023-09-26 17:05:00,2023-09-26 17:01:00,-1 days +23:56:00,False,Tue,AA,ATL,LAX,1947
2023-01-04 09:40:00,2023-01-04 10:21:00,0 days 00:41:00,True,Wed,DL,ATL,SEA,2182
2023-05-09 08:34:00,2023-05-09 08:33:00,-1 days +23:59:00,False,Tue,DL,ATL,JAX,270
2023-05-26 15:50:00,2023-05-26 16:20:00,0 days 00:30:00,True,Fri,WN,ATL,MCO,404
2023-05-21 19:20:00,2023-05-21 20:30:00,0 days 01:10:00,True,Sun,DL,ATL,DTW,594
2023-07-10 10:23:00,2023-07-10 10:21:00,-1 days +23:58:00,False,Mon,DL,ATL,TLH,223
2023-05-12 07:13:00,2023-05-12 07:11:00,-1 days +23:58:00,False,Fri,DL,ATL,IND,432
2023-06-26 20:10:00,2023-06-26 20:04:00,-1 days +23:54:00,False,Mon,DL,ATL,JAN,341
2023-12-13 19:26:00,2023-12-13 19:26:00,0 days 00:00:00,False,Wed,NK,ATL,MCO,404
2023-04-16 08:55:00,2023-04-16 08:49:00,-1 days +23:54:00,False,Sun,9E,ATL,GTR,241
2023-08-05 07:05:00,2023-08-05 07:02:00,-1 days +23:57:00,False,Sat,DL,ATL,IAH,689
2023-04-04 12:25:00,2023-04-04 12:15:00,-1 days +23:50:00,False,Tue,B6,ATL,JFK,760
2023-08-07 15:20:00,2023-08-07 15:42:00,0 days 00:22:00,True,Mon,9E,ATL,FAY,331
2023-12-22 16:37:00,2023-12-22 16:38:00,0 days 00:01:00,False,Fri,NK,ATL,LAX,1947
2023-12-03 17:15:00,2023-12-03 17:13:00,-1 days +23:58:00,False,Sun,DL,ATL,AUS,813
2023-12-17 22:54:00,2023-12-17 22:56:00,0 days 00:02:00,False,Sun,OO,ATL,AGS,143
2023-07-23 09:08:00,2023-07-23 09:14:00,0 days 00:06:00,False,Sun,DL,ATL,PHL,666
2023-11-15 11:15:00,2023-11-15 11:16:00,0 days 00:01:00,False,Wed,DL,ATL,LGA,762
2023-04-10 20:05:00,2023-04-10 20:00:00,-1 days +23:55:00,False,Mon,OO,ATL,ABE,692
2023-03-26 08:20:00,2023-03-26 08:14:00,-1 days +23:54:00,False,Sun,DL,ATL,SFO,2139
2023-11-16 20:02:00,2023-11-16 20:00:00,-1 days +23:58:00,False,Thu,DL,ATL,HSV,151
2023-11-12 21:56:00,2023-11-12 21:53:00,-1 days +23:57:00,False,Sun,DL,ATL,SGF,563
2023-01-02 08:20:00,2023-01-02 08:54:00,0 days 00:34:00,True,Mon,DL,ATL,MSY,425
2023-02-14 07:15:00,2023-02-14 07:41:00,0 days 00:26:00,True,Tue,DL,ATL,DCA,547
2023-10-10 17:50:00,2023-10-10 18:01:00,0 days 00:11:00,False,Tue,WN,ATL,AUS,813
2023-07-09 12:15:00,2023-07-09 12:12:00,-1 days +23:57:00,False,Sun,DL,ATL,STL,484
2023-01-22 09:24:00,2023-01-22 09:22:00,-1 days +23:58:00,False,Sun,DL,ATL,OMA,821
2023-03-14 08:20:00,2023-03-14 08:16:00,-1 days +23:56:00,False,Tue,DL,ATL,GNV,300
2023-06-04 09:20:00,2023-06-04 09:17:00,-1 days +23:57:00,False,Sun,DL,ATL,GEG,1969
2023-01-03 16:18:00,2023-01-03 16:38:00,0 days 00:20:00,True,Tue,DL,ATL,BOS,946
2023-06-09 20:59:00,2023-06-09 21:06:00,0 days 00:07:00,False,Fri,DL,ATL,MSY,425
2023-08-24 08:15:00,2023-08-24 08:13:00,-1 days +23:58:00,False,Thu,DL,ATL,CHA,106
2023-11-21 21:55:00,2023-11-21 22:51:00,0 days 00:56:00,True,Tue,F9,ATL,DEN,1199
2023-03-04 21:45:00,2023-03-04 21:43:00,-1 days +23:58:00,False,Sat,DL,ATL,BDL,859
2023-02-27 13:40:00,2023-02-27 13:37:00,-1 days +23:57:00,False,Mon,DL,ATL,TLH,223
2023-07-27 23:50:00,2023-07-28 00:52:00,0 days 01:02:00,True,Fri,DL,ATL,JAX,270
2023-03-11 11:40:00,2023-03-11 11:44:00,0 days 00:04:00,False,Sat,DL,ATL,BOS,946
2023-06-16 15:25:00,2023-06-16 15:29:00,0 days 00:04:00,False,Fri,DL,ATL,PBI,545
2023-06-25 12:16:00,2023-06-25 12:12:00,-1 days +23:56:00,False,Sun,9E,ATL,MOB,302
2023-05-17 14:30:00,2023-05-17 14:29:00,-1 days +23:59:00,False,Wed,DL,ATL,LGA,762
2023-07-30 11:00:00,2023-07-30 11:22:00,0 days 00:22:00,True,Sun,DL,ATL,LAX,1947
2023-01-12 14:09:00,2023-01-12 14:08:00,-1 days +23:59:00,False,Thu,DL,ATL,GRR,640
2023-08-15 19:20:00,2023-08-15 19:19:00,-1 days +23:59:00,False,Tue,DL,ATL,LGA,762
2023-10-29 16:52:00,2023-10-29 16:43:00,-1 days +23:51:00,False,Sun,NK,ATL,MIA,594
2023-05-31 15:22:00,2023-05-31 15:18:00,-1 days +23:56:00,False,Wed,DL,ATL,AUS,813
2023-05-25 16:45:00,2023-05-25 17:04:00,0 days 00:19:00,True,Thu,DL,ATL,CVG,373
2023-01-06 13:51:00,2023-01-06 13:48:00,-1 days +23:57:00,False,Fri,DL,ATL,OMA,821
2023-10-26 09:10:00,2023-10-26 09:05:00,-1 days +23:55:00,False,Thu,9E,ATL,ILM,377
2023-09-14 16:10:00,2023-09-14 16:16:00,0 days 00:06:00,False,Thu,DL,ATL,DCA,547
2023-03-07 11:40:00,2023-03-07 11:47:00,0 days 00:07:00,False,Tue,WN,ATL,BWI,577
2023-09-06 17:24:00,2023-09-06 18:12:00,0 days 00:48:00,True,Wed,DL,ATL,SRQ,444
2023-05-20 11:39:00,2023-05-20 11:35:00,-1 days +23:56:00,False,Sat,DL,ATL,MCO,404
2023-12-15 13:35:00,2023-12-15 13:44:00,0 days 00:09:00,False,Fri,DL,ATL,MCO,404
2023-02-07 13:43:00,2023-02-07 13:45:00,0 days 00:02:00,False,Tue,DL,ATL,MIA,594
2023-08-28 08:16:00,2023-08-28 08:13:00,-1 days +23:57:00,False,Mon,DL,ATL,SDF,321
2023-02-13 11:25:00,2023-02-13 11:25:00,0 days 00:00:00,False,Mon,AA,ATL,MIA,594
2023-04-18 14:21:00,2023-04-18 14:21:00,0 days 00:00:00,False,Tue,DL,ATL,AVL,164
2023-09-25 22:16:00,2023-09-25 22:15:00,-1 days +23:59:00,False,Mon,DL,ATL,PVD,903
2023-05-18 13:55:00,2023-05-18 13:52:00,-1 days +23:57:00,False,Thu,DL,ATL,RIC,481
2023-06-18 16:41:00,2023-06-18 17:02:00,0 days 00:21:00,True,Sun,DL,ATL,MCI,692
2023-04-01 15:44:00,2023-04-01 16:00:00,0 days 00:16:00,True,Sat,DL,ATL,ORD,606
2023-05-05 08:30:00,2023-05-05 08:36:00,0 days 00:06:00,False,Fri,DL,ATL,BOS,946
2023-05-07 17:57:00,2023-05-07 17:53:00,-1 days +23:56:00,False,Sun,DL,ATL,SMF,2092
2023-12-08 10:00:00,2023-12-08 09:55:00,-1 days +23:55:00,False,Fri,DL,ATL,BZN,1640
2023-02-28 15:30:00,2023-02-28 15:24:00,-1 days +23:54:00,False,Tue,DL,ATL,EWR,746
2023-11-22 11:00:00,2023-11-22 10:59:00,-1 days +23:59:00,False,Wed,DL,ATL,LIT,453
2023-03-22 08:15:00,2023-03-22 08:13:00,-1 days +23:58:00,False,Wed,DL,ATL,SRQ,444
2023-02-09 07:15:00,2023-02-09 07:13:00,-1 days +23:58:00,False,Thu,WN,ATL,HOU,696
2023-08-25 16:59:00,2023-08-25 17:03:00,0 days 00:04:00,False,Fri,9E,ATL,MOB,302
2023-10-11 12:45:00,2023-10-11 12:57:00,0 days 00:12:00,False,Wed,DL,ATL,BOS,946
2023-04-24 22:25:00,2023-04-24 22:36:00,0 days 00:11:00,False,Mon,DL,ATL,FLL,581
2023-12-02 22:55:00,2023-12-02 22:36:00,-1 days +23:41:00,False,Sat,DL,ATL,ROA,357
2023-09-12 15:45:00,2023-09-12 16:10:00,0 days 00:25:00,True,Tue,DL,ATL,GSO,306
2023-03-11 20:15:00,2023-03-11 20:12:00,-1 days +23:57:00,False,Sat,DL,ATL,ILM,377
2023-07-27 15:33:00,2023-07-27 15:51:00,0 days 00:18:00,True,Thu,DL,ATL,BDL,859
2023-06-06 14:58:00,2023-06-06 14:55:00,-1 days +23:57:00,False,Tue,DL,ATL,CLE,554
2023-03-30 09:00:00,2023-03-30 09:04:00,0 days 00:04:00,False,Thu,DL,ATL,GPT,352
2023-01-12 07:49:00,2023-01-12 08:54:00,0 days 01:05:00,True,Thu,F9,ATL,LGA,762
2023-02-14 15:30:00,2023-02-14 15:27:00,-1 days +23:57:00,False,Tue,DL,ATL,EWR,746
2023-02-01 20:00:00,2023-02-01 19:57:00,-1 days +23:57:00,False,Wed,DL,ATL,PBI,545
2023-07-11 15:18:00,2023-07-11 15:41:00,0 days 00:23:00,True,Tue,DL,ATL,MDT,620
2023-12-27 21:00:00,2023-12-27 20:59:00,-1 days +23:59:00,False,Wed,DL,ATL,BTV,961
2023-01-24 08:26:00,2023-01-24 08:27:00,0 days 00:01:00,False,Tue,DL,ATL,MCO,404
2023-12-04 08:21:00,2023-12-04 08:11:00,-1 days +23:50:00,False,Mon,DL,ATL,RSW,515
2023-08-10 21:40:00,2023-08-10 22:58:00,0 days 01:18:00,True,Thu,NK,ATL,LAS,1747
2023-04-10 20:00:00,2023-04-10 19:57:00,-1 days +23:57:00,False,Mon,DL,ATL,JAN,341
2023-03-08 05:20:00,2023-03-08 05:14:00,-1 days +23:54:00,False,Wed,NK,ATL,FLL,581
2023-09-13 10:25:00,2023-09-13 10:21:00,-1 days +23:56:00,False,Wed,DL,ATL,SGF,563
2023-04-12 22:00:00,2023-04-12 21:55:00,-1 days +23:55:00,False,Wed,DL,ATL,MDT,620
2023-04-19 10:05:00,2023-04-19 11:21:00,0 days 01:16:00,True,Wed,DL,ATL,IAD,534
2023-05-07 11:55:00,2023-05-07 12:01:00,0 days 00:06:00,False,Sun,9E,ATL,MLU,448
2023-02-14 17:40:00,2023-02-14 17:37:00,-1 days +23:57:00,False,Tue,DL,ATL,STL,484
2023-07-29 13:01:00,2023-07-29 12:58:00,-1 days +23:57:00,False,Sat,9E,ATL,TRI,227
2023-06-27 11:33:00,2023-06-27 11:35:00,0 days 00:02:00,False,Tue,DL,ATL,MCO,404
2023-06-04 12:12:00,2023-06-04 12:07:00,-1 days +23:55:00,False,Sun,DL,ATL,AVL,164
2023-10-08 17:03:00,2023-10-08 16:59:00,-1 days +23:56:00,False,Sun,9E,ATL,TRI,227
2023-04-04 23:00:00,2023-04-04 22:58:00,-1 days +23:58:00,False,Tue,DL,ATL,VPS,250
2023-05-14 15:16:00,2023-05-14 15:14:00,-1 days +23:58:00,False,Sun,DL,ATL,MCI,692
2023-12-05 20:45:00,2023-12-05 20:42:00,-1 days +23:57:00,False,Tue,DL,ATL,SLC,1590
2023-05-23 12:19:00,2023-05-23 12:15:00,-1 days +23:56:00,False,Tue,DL,ATL,ORF,516
2023-09-16 19:20:00,2023-09-16 19:29:00,0 days 00:09:00,False,Sat,DL,ATL,CLT,226
2023-10-24 07:30:00,2023-10-24 07:41:00,0 days 00:11:00,False,Tue,DL,ATL,IAD,534
2023-08-25 12:17:00,2023-08-25 12:12:00,-1 days +23:55:00,False,Fri,9E,ATL,ABY,145
2023-12-11 16:22:00,2023-12-11 16:24:00,0 days 00:02:00,False,Mon,DL,ATL,DSM,743
2023-10-30 13:57:00,2023-10-30 13:52:00,-1 days +23:55:00,False,Mon,DL,ATL,GRR,640
2023-09-09 08:55:00,2023-09-09 08:55:00,0 days 00:00:00,False,Sat,DL,ATL,MSP,907
2023-11-11 10:38:00,2023-11-11 10:38:00,0 days 00:00:00,False,Sat,DL,ATL,RDU,356
2023-04-19 22:47:00,2023-04-19 23:20:00,0 days 00:33:00,True,Wed,DL,ATL,IAH,689
2023-06-23 22:54:00,2023-06-23 23:33:00,0 days 00:39:00,True,Fri,DL,ATL,ORD,606
2023-12-10 15:39:00,2023-12-10 15:35:00,-1 days +23:56:00,False,Sun,DL,ATL,RIC,481
2023-02-03 08:55:00,2023-02-03 08:53:00,-1 days +23:58:00,False,Fri,DL,ATL,SMF,2092
2023-11-08 22:02:00,2023-11-08 22:00:00,-1 days +23:58:00,False,Wed,DL,ATL,TRI,227
2023-09-20 08:45:00,2023-09-20 08:53:00,0 days 00:08:00,False,Wed,WN,ATL,MCI,692
2023-06-10 08:10:00,2023-06-10 08:08:00,-1 days +23:58:00,False,Sat,DL,ATL,SAT,874
2023-10-04 08:16:00,2023-10-04 08:13:00,-1 days +23:57:00,False,Wed,OO,ATL,AGS,143
2023-06-10 20:45:00,2023-06-10 20:41:00,-1 days +23:56:00,False,Sat,DL,ATL,JAN,341
2023-10-09 22:20:00,2023-10-09 22:18:00,-1 days +23:58:00,False,Mon,DL,ATL,ROC,749
2023-08-10 15:44:00,2023-08-10 16:05:00,0 days 00:21:00,True,Thu,DL,ATL,IAH,689
2023-01-17 20:10:00,2023-01-17 20:05:00,-1 days +23:55:00,False,Tue,DL,ATL,ECP,240
2023-07-25 15:33:00,2023-07-25 15:55:00,0 days 00:22:00,True,Tue,DL,ATL,SGF,563
2023-10-12 07:10:00,2023-10-12 07:08:00,-1 days +23:58:00,False,Thu,DL,ATL,AUS,813
2023-05-20 19:55:00,2023-05-20 19:54:00,-1 days +23:59:00,False,Sat,DL,ATL,SRQ,444
2023-12-13 22:31:00,2023-12-13 22:28:00,-1 days +23:57:00,False,Wed,DL,ATL,OMA,821
2023-08-28 12:13:00,2023-08-28 12:18:00,0 days 00:05:00,False,Mon,UA,ATL,EWR,746
2023-04-04 08:10:00,2023-04-04 08:13:00,0 days 00:03:00,False,Tue,9E,ATL,XNA,589
2023-03-26 21:19:00,2023-03-26 21:52:00,0 days 00:33:00,True,Sun,DL,ATL,ONT,1900
2023-05-19 12:00:00,2023-05-19 12:13:00,0 days 00:13:00,False,Fri,DL,ATL,LGA,762
2023-05-21 07:05:00,2023-05-21 06:59:00,-1 days +23:54:00,False,Sun,DL,ATL,CLT,226
2023-06-08 21:40:00,2023-06-08 23:48:00,0 days 02:08:00,True,Thu,WN,ATL,AUS,813
2023-01-06 12:25:00,2023-01-06 12:22:00,-1 days +23:57:00,False,Fri,DL,ATL,PHX,1587
2023-07-04 21:06:00,2023-07-04 21:03:00,-1 days +23:57:00,False,Tue,DL,ATL,PWM,1027
2023-09-20 15:15:00,2023-09-20 15:52:00,0 days 00:37:00,True,Wed,WN,ATL,CLE,554
2023-08-27 23:59:00,2023-08-27 23:55:00,-1 days +23:56:00,False,Sun,DL,ATL,GSP,153
2023-06-08 14:12:00,2023-06-08 14:10:00,-1 days +23:58:00,False,Thu,DL,ATL,DCA,547
2023-07-05 22:46:00,2023-07-05 22:42:00,-1 days +23:56:00,False,Wed,DL,ATL,TUL,674
2023-11-17 23:35:00,2023-11-17 23:28:00,-1 days +23:53:00,False,Fri,DL,ATL,MEM,332
2023-08-10 18:00:00,2023-08-10 18:39:00,0 days 00:39:00,True,Thu,NK,ATL,CLE,554
2023-03-17 22:20:00,2023-03-17 22:46:00,0 days 00:26:00,True,Fri,DL,ATL,DCA,547
2023-10-17 15:20:00,2023-10-17 15:37:00,0 days 00:17:00,True,Tue,OO,ATL,SBN,566
2023-11-15 14:20:00,2023-11-15 14:17:00,-1 days +23:57:00,False,Wed,WN,ATL,MCO,404
2023-04-09 19:50:00,2023-04-09 19:58:00,0 days 00:08:00,False,Sun,OH,ATL,CLT,226
2023-12-14 13:20:00,2023-12-14 13:16:00,-1 days +23:56:00,False,Thu,DL,ATL,DAL,721
2023-12-06 13:05:00,2023-12-06 13:01:00,-1 days +23:56:00,False,Wed,DL,ATL,GSO,306
2023-05-29 14:38:00,2023-05-29 14:57:00,0 days 00:19:00,True,Mon,NK,ATL,DFW,731
